Workbook
Name AnnualCostOfTime_BuyCar: #REF!
Name AnnualCostOfTime_Ridesharing: #REF!
Name AnnualFareCost: #REF!
Name AnnualFuelCost: #REF!
Name AnnualPurchaseCost: #REF!
Name AnnualUsageCost: #REF!
Name AveDistancePerTrip: Summary!$D$24
Name AveParkingTime: #REF!
Name AverageTripsPerDay: Summary!$D$19
Name AveSurgeMultiplier: #REF!
Name AveTimePerTrip: Summary!$D$20
Name AveWaitTime: #REF!
Name BaseFare: #REF!
Name DistanceFare: #REF!
Name DownPayment: #REF!
Name FuelCost: #REF!
Name FuelEfficiency: #REF!
Name GarageExpenses: #REF!
Name GaragePropertyTax: #REF!
Name Insurance: #REF!
Name InterestRate: #REF!
Name LoanTerm: #REF!
Name MaintenanceAndRepairs: #REF!
Name Parking: #REF!
Name PercentRideDuringSurge: #REF!
Name PriceOfCar: #REF!
Name ProductivePercent: #REF!
Name PurchaseFees: #REF!
Name RatePerHour: Summary!$D$64
Name RegistrationAndTaxes: #REF!
Name SalesTax: #REF!
Name TimeFare: #REF!
Name TotalMileage: Summary!#REF!

Sheet Summary
B2: CSR QA Report-new_version
C4: Report ID | D4: CSR_08/04/2026 | G4: Generated doc
C5: AW version | D5: Sandbox | G5: Clean Ver
C6: Generated By | D6: Paras | G6: Date | J6: 46120
G7: No. of Pages
C8: Remarks | G8: Generation Time
C11: Destination Template | E11: .docx - 2 pages
C12: Source Documents | D12: Mock_CSR Key messages_with_heading.docx | E12: Mock_CSR_Protocol.docx | G12: Mock_CSR _Tables_30Oct25.rtf
C13: Doc Type | D13: .docx | E13: .docx | G13: .rtf
C14: No. of Pages
B16: Placeholder Analysis | G16: Accuracy Analysis
B17: Column1 | C17: Column2 | D17: Column3 | E17: Column4
D18: Count | E18: Replaced
C19: Total Placeholders Identified | D19: =COUNTA(QA!A3:'QA'!A149) -> 108 | E19: =COUNTA(QA!G3:'QA'!G148) -> 89
C20: Unique Placeholders | D20: =COUNTA(_xlfn.UNIQUE(QA!A3:'QA'!A149)) -> 101 | E20: =COUNTA(_xlfn.UNIQUE(QA!G3:'QA'!G149)) -> 81
C21: Paragraph Placeholders | D21: =COUNTIF(QA!C3:'QA'!C149, "=Paragraph") -> 55 | E21: =COUNTA(Paragraph!M3:M57) -> 47
C22: Inline Placeholders | D22: =COUNTIF(QA!C3:'QA'!C149, "=Inline") -> 15 | E22: =COUNTA(Inline!G3:G17) -> 15
C23: List Placeholders | D23: =COUNTIF(QA!C3:'QA'!C149, "=List") -> 2 | E23: =COUNTA(Lists!G3:G4) -> 2
C24: Table Placeholders | D24: =COUNTIF(QA!C3:'QA'!C149, "=Table") -> 16 | E24: =COUNTA(Table!G3:G18) -> 16
C25: KeyValue Placeholders | D25: =COUNTA(KeyValue!A3:A21) -> 19 | E25: =COUNTA(KeyValue!M3:M21) -> 11
B27: Inline placeholders
B28: Column1 | C28: Column2 | D28: Column3 | E28: Column4
C29: Total Inline placeholders | D29: =COUNTA(Inline!A3:'Inline'!A500) -> 15 | E29: QA/Debugging ↓ | G29: Remarks
C30: Inline Replaced | D30: =COUNTA(Inline!G3:'Inline'!G500) -> 15 | E30: =D30/D29 -> 1
C31: Inline Replaced correctly | D31: =COUNTIF(QA!AK3:AK82, "Full match") -> 0 | E31: =D31*100%/D30 -> 0
C32: Inline Formatted correctly | D32: =D31 -> 0 | E32: =D32*100%/D31 -> #DIV/0!
B34: Paragraph placeholders
B35: Column1 | C35: Column2 | D35: Column3 | E35: Column4
C36: Total paragraph placeholders | D36: =COUNTA(Paragraph!A3:'Paragraph'!A500) -> 55 | E36: QA/Debugging ↓ | G36: Remarks
C37: Paragraphs Replaced | D37: =COUNTA(Paragraph!G3:'Paragraph'!G500) -> 55 | E37: =Table685[[#This Row],[Column3]]/D36 -> 1
C38: Paragraphs Replaced correctly | D38: =COUNTIF(QA!AI17:AI110, "Full Match") + COUNTIF(QA!AI17:AI110, "Partial Match") -> 0 | E38: =Table685[[#This Row],[Column3]]/D37 -> 0
C39: Paragraphs Formatted correctly | D39: =D38 -> 0 | E39: =Table685[[#This Row],[Column3]]/D38 -> #DIV/0!
B41: KeyValue placeholders
B42: Column1 | C42: Column2 | D42: Column3 | E42: Column4
C43: Total paragraph placeholders | D43: =COUNTA(KeyValue!A3:'KeyValue'!A500) -> 19 | E43: QA/Debugging ↓ | G43: Remarks
C44: KeyValues Replaced | D44: =COUNTA(KeyValue!G3:'KeyValue'!G500) -> 19 | E44: =Table687[[#This Row],[Column3]]/D43 -> 1
C45: KeyValues Replaced correctly | D45: =COUNTIF(QA!K5:K50, "Full match") -> 0 | E45: =Table687[[#This Row],[Column3]]/D44 -> 0
C46: keyValues Formatted correctly | D46: =D45 -> 0 | E46: =Table687[[#This Row],[Column3]]/D45 -> #DIV/0!
B48: Table placeholders
B49: Column1 | C49: Column2 | D49: Column3 | E49: Column4
C50: Total Tables Expected | D50: =COUNTA(Table!A3:'Table'!A500) -> 16 | E50: QA/Debugging ↓ | G50: Remarks
C51: Tables Replaced | D51: =COUNTA(Table!G3:'Table'!G500) -> 16 | E51: =D51/D50 -> 1
C52: Tables content replaced correctly | D52: =COUNTIF(QA!X29:X102, "partial match") -> 0 | E52: =D52/D51 -> 0
C53: Tables Formatted correctly | D53: =D52 -> 0 | E53: =D53/D52 -> #DIV/0!
B55: List placeholders
B56: Column1 | C56: Column2 | D56: Column3 | E56: Column4
C57: List Tables Expected | D57: =COUNTA(Lists!A3:A4) -> 2 | E57: QA/Debugging ↓ | G57: Remarks
C58: List Replaced | D58: =COUNTA(Lists!G3:G4) -> 2 | E58: =Table692[[#This Row],[Column3]]/D57 -> 1
C59: List content replaced correctly | D59: =COUNTIF(QA!AC36:AC64,"full match") -> 0 | E59: =Table692[[#This Row],[Column3]]/D58 -> 0
C60: List Formatted correctly | D60: =D59 -> 0 | E60: =Table692[[#This Row],[Column3]]/D59 -> #DIV/0!
B62: Figure placeholders
B63: Column1 | C63: Column2 | D63: Column3 | E63: Column4
C64: Total Figure Expected | D64: 0 | E64: QA/Debugging ↓ | G64: Remarks
C65: Figure Replaced | D65: 0 | E65: =D65/D64 -> #DIV/0!
C66: Figure content replaced correctly | D66: =COUNTIF(QA!X106:X109, "partial match") -> 0 | E66: =D66/D65 -> #DIV/0!
C67: Figure Formatted correctly | D67: 0 | E67: =D67/D66 -> #DIV/0!

Sheet QA
J1: KeyVaule | Q1: Table | Z1: List | AE1: Paragraph | AK1: Inline
A2: Placeholder | B2: Column1 | C2: Placeholder Type | D2: Expected Value | E2: Source Document | F2: Writing instruction | G2: AI Replaced Text | H2: Ai detected Source | I2: Matching Accuracy | J2: Similarity Score | K2: Source Match | Q2: Expected Rows | R2: Expected Colunms | S2: Expected Footnote | T2: AI replaced Rows | U2: AI replaced Colunms | V2: AI replaced Footnotes | W2: Alignment(yes/no) | X2: Status | Z2: Number of point | AA2: AI Number of point | AB2: Point matching(yes/no) | AC2: Status(with formula) | AE2: Header Availablity | AF2: AI Header Availablity | AG2: Status(True/false) | AH2: Similarity Score | AI2: Status | AK2: Status
A3: <Sponsor's Name> | C3: Inline | D3: Stendarr, Inc | E3: Mock_CSR_Protocol.docx | G3: Sponsor | I3: {=_xldudf_BOARDFLARE_FMATCH(G3,D3)} -> #NAME? | J3: =IF(M3>O3, M3,O3) -> #VALUE! | M3: {=_FV(L3,"Similarity",TRUE)} -> #VALUE! | N3: {=_xldudf_BOARDFLARE_FMATCH(D3,G3)} -> #NAME? | O3: {=_FV(N3,"Similarity",TRUE)} -> #VALUE! | AK3: {=IF( SUMPRODUCT(--ISNUMBER(SEARCH(_xlfn.TEXTSPLIT(D3," "), G3))) / COUNTA(_xlfn.TEXTSPLIT(D3," ")) = 1, "Full Match", IF( SUMPRODUCT(--ISNUMBER(SEARCH(_xlfn.TEXTSPLIT(D3," "), G3))) / COUNTA(_xlfn.TEXTSPLIT(D3," ")) > 0.5, "Partial Match", "No Match" ) )} -> No Match
A4: <Study Title> | C4: Inline | D4: A First-In-Human, Phase 1, Randomized, Double-Blind, Placebo-Controlled Study to Evaluate the Safety, Tolerability, and Pharmacokinetics of ABC-123 as a Single Dose in Healthy Participants and as Multiple Doses in Participants with Grade 2 Boneitis | E4: Mock_CSR_Protocol.docx | F4: Insert the full official study title as a formatted paragraph. | I4: {=_xldudf_BOARDFLARE_FMATCH(G4,D4)} -> #NAME? | J4: =IF(M4>O4, M4,O4) -> #VALUE! | L4: {=_xldudf_BOARDFLARE_FMATCH(G4,D4)} -> #NAME? | M4: {=_FV(L4,"Similarity",TRUE)} -> #VALUE! | N4: {=_xldudf_BOARDFLARE_FMATCH(D4,G4)} -> #NAME? | O4: {=_FV(N4,"Similarity",TRUE)} -> #VALUE! | AK4: {=IF( SUMPRODUCT(--ISNUMBER(SEARCH(_xlfn.TEXTSPLIT(D4," "), G4))) / COUNTA(_xlfn.TEXTSPLIT(D4," ")) = 1, "Full Match", IF( SUMPRODUCT(--ISNUMBER(SEARCH(_xlfn.TEXTSPLIT(D4," "), G4))) / COUNTA(_xlfn.TEXTSPLIT(D4," ")) > 0.5, "Partial Match", "No Match" ) )} -> No Match
A5: <Investigational Drug Name> | C5: KeyValue | D5: ABC-123 | E5: Mock_CSR_Protocol.docx | F5: Provide the investigational drug name in concise format. | G5: ABC-123 | I5: {=_xldudf_BOARDFLARE_FMATCH(G5,D5)} -> #NAME? | J5: =IF(M5>O5, M5,O5) -> #VALUE! | K5: {=IF( SUMPRODUCT(--ISNUMBER(SEARCH(_xlfn.TEXTSPLIT(D5," "), G5))) / COUNTA(_xlfn.TEXTSPLIT(D5," ")) = 1, "Full Match", IF( SUMPRODUCT(--ISNUMBER(SEARCH(_xlfn.TEXTSPLIT(D5," "), G5))) / COUNTA(_xlfn.TEXTSPLIT(D5," ")) > 0.5, "Partial Match", "No Match" ) )} -> No Match | L5: {=_xldudf_BOARDFLARE_FMATCH(G5,D5)} -> #NAME? | M5: {=_FV(L5,"Similarity",TRUE)} -> #VALUE! | N5: {=_xldudf_BOARDFLARE_FMATCH(D5,G5)} -> #NAME? | O5: {=_FV(N5,"Similarity",TRUE)} -> #VALUE!
A6: <Insert Disease Name> | C6: KeyValue | D6: Boneitis | E6: Mock_CSR_Protocol.docx | F6: Insert the disease name as referenced in the protocol. | G6: Boneitis | I6: {=_xldudf_BOARDFLARE_FMATCH(G6,D6)} -> #NAME? | J6: =IF(M6>O6, M6,O6) -> #VALUE! | K6: {=IF( SUMPRODUCT(--ISNUMBER(SEARCH(_xlfn.TEXTSPLIT(D6," "), G6))) / COUNTA(_xlfn.TEXTSPLIT(D6," ")) = 1, "Full Match", IF( SUMPRODUCT(--ISNUMBER(SEARCH(_xlfn.TEXTSPLIT(D6," "), G6))) / COUNTA(_xlfn.TEXTSPLIT(D6," ")) > 0.5, "Partial Match", "No Match" ) )} -> No Match | L6: {=_xldudf_BOARDFLARE_FMATCH(G6,D6)} -> #NAME? | M6: {=_FV(L6,"Similarity",TRUE)} -> #VALUE! | N6: {=_xldudf_BOARDFLARE_FMATCH(D6,G6)} -> #NAME? | O6: {=_FV(N6,"Similarity",TRUE)} -> #VALUE!
A7: <Protocol Identification (Code or Number)> | C7: KeyValue | D7: SKY-2000-101 | E7: Mock_CSR_Protocol.docx | F7: Provide the protocol identification code or number in the precise format as found in the context. | G7: SKY-2000-101 | I7: {=_xldudf_BOARDFLARE_FMATCH(G7,D7)} -> #NAME? | J7: =IF(M7>O7, M7,O7) -> #VALUE! | K7: {=IF( SUMPRODUCT(--ISNUMBER(SEARCH(_xlfn.TEXTSPLIT(D7," "), G7))) / COUNTA(_xlfn.TEXTSPLIT(D7," ")) = 1, "Full Match", IF( SUMPRODUCT(--ISNUMBER(SEARCH(_xlfn.TEXTSPLIT(D7," "), G7))) / COUNTA(_xlfn.TEXTSPLIT(D7," ")) > 0.5, "Partial Match", "No Match" ) )} -> No Match | L7: {=_xldudf_BOARDFLARE_FMATCH(G7,D7)} -> #NAME? | M7: {=_FV(L7,"Similarity",TRUE)} -> #VALUE! | N7: {=_xldudf_BOARDFLARE_FMATCH(D7,G7)} -> #NAME? | O7: {=_FV(N7,"Similarity",TRUE)} -> #VALUE!
A8: <Investigational Drug Name> | C8: KeyValue | D8: ABC-123 | E8: Mock_CSR_Protocol.docx | G8: ABC-123 | I8: {=_xldudf_BOARDFLARE_FMATCH(G8,D8)} -> #NAME? | J8: =IF(M8>O8, M8,O8) -> #VALUE! | K8: {=IF( SUMPRODUCT(--ISNUMBER(SEARCH(_xlfn.TEXTSPLIT(D8," "), G8))) / COUNTA(_xlfn.TEXTSPLIT(D8," ")) = 1, "Full Match", IF( SUMPRODUCT(--ISNUMBER(SEARCH(_xlfn.TEXTSPLIT(D8," "), G8))) / COUNTA(_xlfn.TEXTSPLIT(D8," ")) > 0.5, "Partial Match", "No Match" ) )} -> No Match | L8: {=_xldudf_BOARDFLARE_FMATCH(G8,D8)} -> #NAME? | M8: {=_FV(L8,"Similarity",TRUE)} -> #VALUE! | N8: {=_xldudf_BOARDFLARE_FMATCH(D8,G8)} -> #NAME? | O8: {=_FV(N8,"Similarity",TRUE)} -> #VALUE!
A9: <Protocol Identification (Code or Number)> | C9: KeyValue | D9: SKY-2000-101 | E9: Mock_CSR_Protocol.docx | G9: SKY-2000-101 | I9: {=_xldudf_BOARDFLARE_FMATCH(G9,D9)} -> #NAME? | J9: =IF(M9>O9, M9,O9) -> #VALUE! | K9: {=IF( SUMPRODUCT(--ISNUMBER(SEARCH(_xlfn.TEXTSPLIT(D9," "), G9))) / COUNTA(_xlfn.TEXTSPLIT(D9," ")) = 1, "Full Match", IF( SUMPRODUCT(--ISNUMBER(SEARCH(_xlfn.TEXTSPLIT(D9," "), G9))) / COUNTA(_xlfn.TEXTSPLIT(D9," ")) > 0.5, "Partial Match", "No Match" ) )} -> No Match | L9: {=_xldudf_BOARDFLARE_FMATCH(G9,D9)} -> #NAME? | M9: {=_FV(L9,"Similarity",TRUE)} -> #VALUE! | N9: {=_xldudf_BOARDFLARE_FMATCH(D9,G9)} -> #NAME? | O9: {=_FV(N9,"Similarity",TRUE)} -> #VALUE!
A10: <Investigational Drug Name> | C10: KeyValue | D10: ABC-123 | E10: Mock_CSR_Protocol.docx | F10: Provide the investigational drug name in concise form. | G10: ABC-123 | I10: {=_xldudf_BOARDFLARE_FMATCH(G10,D10)} -> #NAME? | J10: =IF(M10>O10, M10,O10) -> #VALUE! | K10: {=IF( SUMPRODUCT(--ISNUMBER(SEARCH(_xlfn.TEXTSPLIT(D10," "), G10))) / COUNTA(_xlfn.TEXTSPLIT(D10," ")) = 1, "Full Match", IF( SUMPRODUCT(--ISNUMBER(SEARCH(_xlfn.TEXTSPLIT(D10," "), G10))) / COUNTA(_xlfn.TEXTSPLIT(D10," ")) > 0.5, "Partial Match", "No Match" ) )} -> No Match | L10: {=_xldudf_BOARDFLARE_FMATCH(G10,D10)} -> #NAME? | M10: {=_FV(L10,"Similarity",TRUE)} -> #VALUE! | N10: {=_xldudf_BOARDFLARE_FMATCH(D10,G10)} -> #NAME? | O10: {=_FV(N10,"Similarity",TRUE)} -> #VALUE!
A11: <IND Number> | C11: KeyValue | D11: 123456 | E11: Mock_CSR_Protocol.docx | F11: Provide the IND number in numeric format. | G11: 123456 | I11: {=_xldudf_BOARDFLARE_FMATCH(G11,D11)} -> #NAME? | J11: =IF(M11>O11, M11,O11) -> #VALUE! | K11: {=IF( SUMPRODUCT(--ISNUMBER(SEARCH(_xlfn.TEXTSPLIT(D11," "), G11))) / COUNTA(_xlfn.TEXTSPLIT(D11," ")) = 1, "Full Match", IF( SUMPRODUCT(--ISNUMBER(SEARCH(_xlfn.TEXTSPLIT(D11," "), G11))) / COUNTA(_xlfn.TEXTSPLIT(D11," ")) > 0.5, "Partial Match", "No Match" ) )} -> No Match | L11: {=_xldudf_BOARDFLARE_FMATCH(G11,D11)} -> #NAME? | M11: {=_FV(L11,"Similarity",TRUE)} -> #VALUE! | N11: {=_xldudf_BOARDFLARE_FMATCH(D11,G11)} -> #NAME? | O11: {=_FV(N11,"Similarity",TRUE)} -> #VALUE!
A12: <PHASE X> | C12: KeyValue | D12: Phase 1 | E12: Mock_CSR_Protocol.docx | F12: Return the study phase in the format 'Phase X', matching the placeholder format. | G12: Phase 1 | I12: {=_xldudf_BOARDFLARE_FMATCH(G12,D12)} -> #NAME? | J12: =IF(M12>O12, M12,O12) -> #VALUE! | K12: {=IF( SUMPRODUCT(--ISNUMBER(SEARCH(_xlfn.TEXTSPLIT(D12," "), G12))) / COUNTA(_xlfn.TEXTSPLIT(D12," ")) = 1, "Full Match", IF( SUMPRODUCT(--ISNUMBER(SEARCH(_xlfn.TEXTSPLIT(D12," "), G12))) / COUNTA(_xlfn.TEXTSPLIT(D12," ")) > 0.5, "Partial Match", "No Match" ) )} -> No Match | L12: {=_xldudf_BOARDFLARE_FMATCH(G12,D12)} -> #NAME? | M12: {=_FV(L12,"Similarity",TRUE)} -> #VALUE! | N12: {=_xldudf_BOARDFLARE_FMATCH(D12,G12)} -> #NAME? | O12: {=_FV(N12,"Similarity",TRUE)} -> #VALUE!
A13: <Sponsor's Name> | C13: Inline | D13: Stendarr, Inc | E13: Mock_CSR_Protocol.docx | G13: Sponsor | I13: {=_xldudf_BOARDFLARE_FMATCH(G13,D13)} -> #NAME? | J13: =IF(M13>O13, M13,O13) -> #VALUE! | L13: {=_xldudf_BOARDFLARE_FMATCH(G13,D13)} -> #NAME? | M13: {=_FV(L13,"Similarity",TRUE)} -> #VALUE! | N13: {=_xldudf_BOARDFLARE_FMATCH(D13,G13)} -> #NAME? | O13: {=_FV(N13,"Similarity",TRUE)} -> #VALUE! | AK13: {=IF( SUMPRODUCT(--ISNUMBER(SEARCH(_xlfn.TEXTSPLIT(D13," "), G13))) / COUNTA(_xlfn.TEXTSPLIT(D13," ")) = 1, "Full Match", IF( SUMPRODUCT(--ISNUMBER(SEARCH(_xlfn.TEXTSPLIT(D13," "), G13))) / COUNTA(_xlfn.TEXTSPLIT(D13," ")) > 0.5, "Partial Match", "No Match" ) )} -> No Match
A14: <Sponsor's Address> | C14: KeyValue | D14: 123 Fake Street Anytown, CO USA 80002 | E14: Mock_CSR_Protocol.docx | I14: {=_xldudf_BOARDFLARE_FMATCH(G14,D14)} -> #NAME? | J14: =IF(M14>O14, M14,O14) -> #VALUE! | K14: {=IF( SUMPRODUCT(--ISNUMBER(SEARCH(_xlfn.TEXTSPLIT(D14," "), G14))) / COUNTA(_xlfn.TEXTSPLIT(D14," ")) = 1, "Full Match", IF( SUMPRODUCT(--ISNUMBER(SEARCH(_xlfn.TEXTSPLIT(D14," "), G14))) / COUNTA(_xlfn.TEXTSPLIT(D14," ")) > 0.5, "Partial Match", "No Match" ) )} -> No Match | L14: {=_xldudf_BOARDFLARE_FMATCH(G14,D14)} -> #NAME? | M14: {=_FV(L14,"Similarity",TRUE)} -> #VALUE! | N14: {=_xldudf_BOARDFLARE_FMATCH(D14,G14)} -> #NAME? | O14: {=_FV(N14,"Similarity",TRUE)} -> #VALUE!
A15: <Sponsor's Name> | C15: Inline | D15: Stendarr, Inc | E15: Mock_CSR_Protocol.docx | F15: Provide the Sponsor's name exactly as stated in the authoritative context. | G15: Sponsor | I15: {=_xldudf_BOARDFLARE_FMATCH(G15,D15)} -> #NAME? | J15: =IF(M15>O15, M15,O15) -> #VALUE! | L15: {=_xldudf_BOARDFLARE_FMATCH(G15,D15)} -> #NAME? | M15: {=_FV(L15,"Similarity",TRUE)} -> #VALUE! | N15: {=_xldudf_BOARDFLARE_FMATCH(D15,G15)} -> #NAME? | O15: {=_FV(N15,"Similarity",TRUE)} -> #VALUE! | AK15: {=IF( SUMPRODUCT(--ISNUMBER(SEARCH(_xlfn.TEXTSPLIT(D15," "), G15))) / COUNTA(_xlfn.TEXTSPLIT(D15," ")) = 1, "Full Match", IF( SUMPRODUCT(--ISNUMBER(SEARCH(_xlfn.TEXTSPLIT(D15," "), G15))) / COUNTA(_xlfn.TEXTSPLIT(D15," ")) > 0.5, "Partial Match", "No Match" ) )} -> No Match
A16: <Sponsor> | C16: Inline | D16: Stendarr, Inc | E16: Mock_CSR_Protocol.docx | F16: Insert the Sponsor name inline, matching the format and continuity of the surrounding text. | G16: Stendarr, Inc. | I16: {=_xldudf_BOARDFLARE_FMATCH(G16,D16)} -> #NAME? | J16: =IF(M16>O16, M16,O16) -> #VALUE! | L16: {=_xldudf_BOARDFLARE_FMATCH(G16,D16)} -> #NAME? | M16: {=_FV(L16,"Similarity",TRUE)} -> #VALUE! | N16: {=_xldudf_BOARDFLARE_FMATCH(D16,G16)} -> #NAME? | O16: {=_FV(N16,"Similarity",TRUE)} -> #VALUE! | AK16: {=IF( SUMPRODUCT(--ISNUMBER(SEARCH(_xlfn.TEXTSPLIT(D16," "), G16))) / COUNTA(_xlfn.TEXTSPLIT(D16," ")) = 1, "Full Match", IF( SUMPRODUCT(--ISNUMBER(SEARCH(_xlfn.TEXTSPLIT(D16," "), G16))) / COUNTA(_xlfn.TEXTSPLIT(D16," ")) > 0.5, "Partial Match", "No Match" ) )} -> No Match
A17: <Synopsis> | C17: Paragraph | D17: A First-In-Human, Phase 1, Randomized, Double-Blind, Placebo-Controlled Study to Evaluate the Safety, Tolerability, and Pharmacokinetics of ABC-123 as a Single Dose in Healthy Participants and as Multiple Doses in Participants with Grade 2 Boneitis.Short Title: Phase 1 RCT of ABC-123 in healthy participants (SAD) and participants with boneitis (repeat-dose) | E17: Mock_CSR_Protocol.docx | F17: Provide a brief synopsis summarizing the protocol title and short title for the study. | G17: A First-In-Human, Phase 1, Randomized, Double-Blind, Placebo-Controlled Study to Evaluate the Safety, Tolerability, and Pharmacokinetics of ABC-123 as a Single Dose in Healthy Participants and as Multiple Doses in Participants with Grade 2 Boneitis.Short Title: Phase 1 RCT of ABC-123 in healthy participants (SAD) and participants with boneitis (repeat-dose) | I17: {=_xldudf_BOARDFLARE_FMATCH(G17,D17)} -> #NAME? | J17: =IF(M17>O17, M17,O17) -> #VALUE! | K17: {=IF( SUMPRODUCT(--ISNUMBER(SEARCH(_xlfn.TEXTSPLIT(D17," "), G17))) / COUNTA(_xlfn.TEXTSPLIT(D17," ")) = 1, "Full Match", IF( SUMPRODUCT(--ISNUMBER(SEARCH(_xlfn.TEXTSPLIT(D17," "), G17))) / COUNTA(_xlfn.TEXTSPLIT(D17," ")) > 0.5, "Partial Match", "No Match" ) )} -> No Match | L17: {=_xldudf_BOARDFLARE_FMATCH(G17,D17)} -> #NAME? | M17: {=_FV(L17,"Similarity",TRUE)} -> #VALUE! | N17: {=_xldudf_BOARDFLARE_FMATCH(D17,G17)} -> #NAME? | O17: {=_FV(N17,"Similarity",TRUE)} -> #VALUE! | AE17: yes | AF17: no | AG17: =AE17=AF17 -> FALSE | AH17: {=SUMPRODUCT(--ISNUMBER(SEARCH(_xlfn.TEXTSPLIT(D17," "), G17))) / COUNTA(_xlfn.TEXTSPLIT(D17," "))} -> 0 | AI17: {=IF( SUMPRODUCT(--ISNUMBER(SEARCH(_xlfn.TEXTSPLIT(D17," "), G17))) / COUNTA(_xlfn.TEXTSPLIT(D17," ")) = 1, "Full Match", IF( SUMPRODUCT(--ISNUMBER(SEARCH(_xlfn.TEXTSPLIT(D17," "), G17))) / COUNTA(_xlfn.TEXTSPLIT(D17," ")) > 0.5, "Partial Match", "No Match" ) )} -> No Match
A18: <xx study centers by xx investigators> | C18: Inline | E18: Mock_CSR_Protocol.docx | F18: Replace the placeholder with the number of study centers and investigators if available. | G18: in cooperation with a number of support organizations (Table 1). A list of investigators and other important participants in the study is provided in Appendix 16.1.4. Signatures of the Coordinating Investigator and the Sponsor's responsible medical officer are included in Appendix 16.1.5. | I18: {=_xldudf_BOARDFLARE_FMATCH(G18,D18)} -> #NAME? | J18: =IF(M18>O18, M18,O18) -> #VALUE! | L18: {=_xldudf_BOARDFLARE_FMATCH(G18,D18)} -> #NAME? | M18: {=_FV(L18,"Similarity",TRUE)} -> #VALUE! | N18: {=_xldudf_BOARDFLARE_FMATCH(D18,G18)} -> #NAME? | O18: {=_FV(N18,"Similarity",TRUE)} -> #VALUE! | AK18: {=IF( SUMPRODUCT(--ISNUMBER(SEARCH(_xlfn.TEXTSPLIT(D18," "), G18))) / COUNTA(_xlfn.TEXTSPLIT(D18," ")) = 1, "Full Match", IF( SUMPRODUCT(--ISNUMBER(SEARCH(_xlfn.TEXTSPLIT(D18," "), G18))) / COUNTA(_xlfn.TEXTSPLIT(D18," ")) > 0.5, "Partial Match", "No Match" ) )} -> No Match
A19: <Company Name> | C19: Paragraph | D19: Stendarr, Inc | E19: Mock_CSR_Protocol.docx | F19: Insert the company name associated with the study, matching the format of the placeholder. | G19: Clinovance Solutions, Inc | I19: {=_xldudf_BOARDFLARE_FMATCH(G19,D19)} -> #NAME? | J19: =IF(M19>O19, M19,O19) -> #VALUE! | K19: {=IF( SUMPRODUCT(--ISNUMBER(SEARCH(_xlfn.TEXTSPLIT(D19," "), G19))) / COUNTA(_xlfn.TEXTSPLIT(D19," ")) = 1, "Full Match", IF( SUMPRODUCT(--ISNUMBER(SEARCH(_xlfn.TEXTSPLIT(D19," "), G19))) / COUNTA(_xlfn.TEXTSPLIT(D19," ")) > 0.5, "Partial Match", "No Match" ) )} -> No Match | L19: {=_xldudf_BOARDFLARE_FMATCH(G19,D19)} -> #NAME? | M19: {=_FV(L19,"Similarity",TRUE)} -> #VALUE! | N19: {=_xldudf_BOARDFLARE_FMATCH(D19,G19)} -> #NAME? | O19: {=_FV(N19,"Similarity",TRUE)} -> #VALUE! | AE19: yes | AF19: yes | AG19: =AE19=AF19 -> TRUE | AH19: {=SUMPRODUCT(--ISNUMBER(SEARCH(_xlfn.TEXTSPLIT(D19," "), G19))) / COUNTA(_xlfn.TEXTSPLIT(D19," "))} -> 0 | AI19: {=IF( SUMPRODUCT(--ISNUMBER(SEARCH(_xlfn.TEXTSPLIT(D19," "), G19))) / COUNTA(_xlfn.TEXTSPLIT(D19," ")) = 1, "Full Match", IF( SUMPRODUCT(--ISNUMBER(SEARCH(_xlfn.TEXTSPLIT(D19," "), G19))) / COUNTA(_xlfn.TEXTSPLIT(D19," ")) > 0.5, "Partial Match", "No Match" ) )} -> No Match
A20: <Company Address> | C20: KeyValue | D20: 123 Fake Street Anytown, CO USA 80002 | E20: Mock_CSR_Protocol.docx | F20: Insert the official company address in standard format. | G20: Clinovance Solutions, Inc. 582 Clinical Trail Blvd San Mate, CO 944 USA | I20: {=_xldudf_BOARDFLARE_FMATCH(G20,D20)} -> #NAME? | J20: =IF(M20>O20, M20,O20) -> #VALUE! | K20: {=IF( SUMPRODUCT(--ISNUMBER(SEARCH(_xlfn.TEXTSPLIT(D20," "), G20))) / COUNTA(_xlfn.TEXTSPLIT(D20," ")) = 1, "Full Match", IF( SUMPRODUCT(--ISNUMBER(SEARCH(_xlfn.TEXTSPLIT(D20," "), G20))) / COUNTA(_xlfn.TEXTSPLIT(D20," ")) > 0.5, "Partial Match", "No Match" ) )} -> No Match | L20: {=_xldudf_BOARDFLARE_FMATCH(G20,D20)} -> #NAME? | M20: {=_FV(L20,"Similarity",TRUE)} -> #VALUE! | N20: {=_xldudf_BOARDFLARE_FMATCH(D20,G20)} -> #NAME? | O20: {=_FV(N20,"Similarity",TRUE)} -> #VALUE!
A21: <Medical Monitor Name> | C21: KeyValue | D21: Karliah N. Gale, MD | E21: Mock_CSR_Protocol.docx | F21: Provide the full name of the Medical Monitor if available; otherwise, leave blank. | G21: Michael Yu | I21: {=_xldudf_BOARDFLARE_FMATCH(G21,D21)} -> #NAME? | J21: =IF(M21>O21, M21,O21) -> #VALUE! | K21: {=IF( SUMPRODUCT(--ISNUMBER(SEARCH(_xlfn.TEXTSPLIT(D21," "), G21))) / COUNTA(_xlfn.TEXTSPLIT(D21," ")) = 1, "Full Match", IF( SUMPRODUCT(--ISNUMBER(SEARCH(_xlfn.TEXTSPLIT(D21," "), G21))) / COUNTA(_xlfn.TEXTSPLIT(D21," ")) > 0.5, "Partial Match", "No Match" ) )} -> No Match | L21: {=_xldudf_BOARDFLARE_FMATCH(G21,D21)} -> #NAME? | M21: {=_FV(L21,"Similarity",TRUE)} -> #VALUE! | N21: {=_xldudf_BOARDFLARE_FMATCH(D21,G21)} -> #NAME? | O21: {=_FV(N21,"Similarity",TRUE)} -> #VALUE!
A22: <Introduction> | C22: Paragraph | D22: Lurgi is the leading cause of boneitis, eventually leading to the need for surgical intervention in the form of either a partial or complete brainectomy (Biagini et al. 2008). Zammoxin has been the standard of care for many years, and myrnestristoate has recently been approved in the European Union and United States (US) as an additional treatment. Even with treatment, patients with lurgi continue to be at risk for the morbidity, mortality, and impaired quality of life associated with boneitis. Thus, a high unmet medical need remains. The cadmium quantum shift flipper is a G protein-coupled receptor (GPCR), which is characterized by high levels of whomp and activated by promethium. Promethium activation has also been shown to lead to the phosphorylation and activation of mitogen-activated protein kinases. Compelling evidence from nonclinical studies suggests that the mekkalekka is enfrazzled on the snoot in up to 80% of cases. Whomp is predominantly upregulated in the grudgeon cells in murine models of boneitis. Pharmacological inhibition by blorp induction ameliorates whomp, inhibits spasms in the superior noidal zone, and prevents hyperfractal embarkation. | E22: Mock_CSR_Protocol.docx | F22: Write a concise introductory paragraph summarizing the investigational product, indication, study objectives, and population. | G22: ABC-123, a triolic gluon fragmentator, is being investigated for the treatment of lurgi, a condition that leads to boneitis and may require surgical interventions such as partial or complete brainectomy. The study aims to evaluate the safety, tolerability, and potentially the pharmacodynamics of ABC-123 by targeting the cadmium quantum shift flipper, which may reduce the risk of boneitis. The study includes patients with lurgi, a population with high unmet medical need, and utilizes a design that allows for meaningful exposure over 2 to 4 weeks, even with a single high-end dose. | I22: {=_xldudf_BOARDFLARE_FMATCH(G22,D22)} -> #NAME? | J22: =IF(M22>O22, M22,O22) -> #VALUE! | K22: {=IF( SUMPRODUCT(--ISNUMBER(SEARCH(_xlfn.TEXTSPLIT(D22," "), G22))) / COUNTA(_xlfn.TEXTSPLIT(D22," ")) = 1, "Full Match", IF( SUMPRODUCT(--ISNUMBER(SEARCH(_xlfn.TEXTSPLIT(D22," "), G22))) / COUNTA(_xlfn.TEXTSPLIT(D22," ")) > 0.5, "Partial Match", "No Match" ) )} -> No Match | L22: {=_xldudf_BOARDFLARE_FMATCH(G22,D22)} -> #NAME? | M22: {=_FV(L22,"Similarity",TRUE)} -> #VALUE! | N22: {=_xldudf_BOARDFLARE_FMATCH(D22,G22)} -> #NAME? | O22: {=_FV(N22,"Similarity",TRUE)} -> #VALUE! | AE22: yes | AF22: yes | AG22: =AE22=AF22 -> TRUE | AH22: {=SUMPRODUCT(--ISNUMBER(SEARCH(_xlfn.TEXTSPLIT(D22," "), G22))) / COUNTA(_xlfn.TEXTSPLIT(D22," "))} -> 0 | AI22: {=IF( SUMPRODUCT(--ISNUMBER(SEARCH(_xlfn.TEXTSPLIT(D22," "), G22))) / COUNTA(_xlfn.TEXTSPLIT(D22," ")) = 1, "Full Match", IF( SUMPRODUCT(--ISNUMBER(SEARCH(_xlfn.TEXTSPLIT(D22," "), G22))) / COUNTA(_xlfn.TEXTSPLIT(D22," ")) > 0.5, "Partial Match", "No Match" ) )} -> No Match
A23: <Background Information> | C23: Paragraph | D23: ABC-123 is a triolic gluon fragmentator, a type of blorp inductor made with binkles and naturally occurring fram. Blorp inductors typically have a long half-life, which facilitates weekly or monthly dosing, and are generally found to be poorly penetrant to the CNS. By targeting only peripheral receptors, ABC-123 potentially reduces the risk for boneitis previously described in patients with lurgi. This is a first-in-human study. It is intended to provide the initial safety, PK, and pharmacology data for ABC-123 in humans | E23: Mock_CSR_Protocol.docx | F23: Write a concise background paragraph summarizing the investigational product, its mechanism, class, preclinical evidence, and first-in-human study context. | G23: ABC-123 is a triolic gluon fragmentator, classified as a blorp inductor composed of binkles and fram. Blorp inductors are characterized by a long half-life, enabling weekly or monthly dosing, and are generally poorly penetrant to the CNS, which may reduce the risk of boneitis seen in patients with lurgi. This first-in-human study aims to establish the initial safety, pharmacokinetics, and pharmacology of ABC-123. Preclinical studies have demonstrated that ABC-123 is a potent, selective monoclonal antibody antagonist and inverse agonist of human and monkey grudgeon cells, protecting these cells in vitro and showing pharmacological activity in peripheral tissues without brain involvement. The safety profile of related blorp inductors has been favorable outside CNS effects, with gastrointestinal adverse events being most common. The current study is designed to address the unmet need for a safe and effective peripheral blorp inductor, given the limitations of previous agents. More details on the benefits, risks, and adverse events are available in the Investigator’s Brochure | I23: {=_xldudf_BOARDFLARE_FMATCH(G23,D23)} -> #NAME? | J23: =IF(M23>O23, M23,O23) -> #VALUE! | K23: {=IF( SUMPRODUCT(--ISNUMBER(SEARCH(_xlfn.TEXTSPLIT(D23," "), G23))) / COUNTA(_xlfn.TEXTSPLIT(D23," ")) = 1, "Full Match", IF( SUMPRODUCT(--ISNUMBER(SEARCH(_xlfn.TEXTSPLIT(D23," "), G23))) / COUNTA(_xlfn.TEXTSPLIT(D23," ")) > 0.5, "Partial Match", "No Match" ) )} -> No Match | L23: {=_xldudf_BOARDFLARE_FMATCH(G23,D23)} -> #NAME? | M23: {=_FV(L23,"Similarity",TRUE)} -> #VALUE! | N23: {=_xldudf_BOARDFLARE_FMATCH(D23,G23)} -> #NAME? | O23: {=_FV(N23,"Similarity",TRUE)} -> #VALUE! | AE23: yes | AF23: yes | AG23: =AE23=AF23 -> TRUE | AH23: {=SUMPRODUCT(--ISNUMBER(SEARCH(_xlfn.TEXTSPLIT(D23," "), G23))) / COUNTA(_xlfn.TEXTSPLIT(D23," "))} -> 0 | AI23: {=IF( SUMPRODUCT(--ISNUMBER(SEARCH(_xlfn.TEXTSPLIT(D23," "), G23))) / COUNTA(_xlfn.TEXTSPLIT(D23," ")) = 1, "Full Match", IF( SUMPRODUCT(--ISNUMBER(SEARCH(_xlfn.TEXTSPLIT(D23," "), G23))) / COUNTA(_xlfn.TEXTSPLIT(D23," ")) > 0.5, "Partial Match", "No Match" ) )} -> No Match
A24: <Rationale for the study> | C24: Paragraph | D24: The SAD portion of this study is a standard design for first-in-human testing with a monoclonal antibody. In addition, a 4-week repeated dose cohort will allow confirmation of the safety, tolerability, and repeat-dose PK and immunogenicity in the target population prior to proceeding to subsequent repeat-dose studies in a patient population | E24: Mock_CSR_Protocol.docx | F24: Summarize why the study was conducted, how the design addresses early development goals (safety, tolerability, PK, PD), and justify population, dosing, and exploratory objectives. | G24: This first-in-human, Phase 1 study of ABC-123 was conducted to establish the safety, tolerability, and pharmacokinetics (PK) of the drug in healthy volunteers and in participants with Grade 2 boneitis. The study design includes a single ascending dose (SAD) phase in healthy subjects, supporting the evaluation of safety and PK over up to 28 days, followed by a repeat-dose exploratory efficacy phase in patients with boneitis. The selected study populations and dosing strategies are intended to provide initial human safety and PK data, support dose selection, and inform subsequent studies. Additionally, the study explores phenotypic, genotypic, and biochemical biomarkers to identify patients most likely to respond to ABC-123. The rationale for this approach is supported by nonclinical pharmacology and safety data, which demonstrate the compound's selectivity and tolerability, and by the need to characterize ABC-123's effects prior to advancing to larger clinical studies | I24: {=_xldudf_BOARDFLARE_FMATCH(G24,D24)} -> #NAME? | J24: =IF(M24>O24, M24,O24) -> #VALUE! | K24: {=IF( SUMPRODUCT(--ISNUMBER(SEARCH(_xlfn.TEXTSPLIT(D24," "), G24))) / COUNTA(_xlfn.TEXTSPLIT(D24," ")) = 1, "Full Match", IF( SUMPRODUCT(--ISNUMBER(SEARCH(_xlfn.TEXTSPLIT(D24," "), G24))) / COUNTA(_xlfn.TEXTSPLIT(D24," ")) > 0.5, "Partial Match", "No Match" ) )} -> No Match | L24: {=_xldudf_BOARDFLARE_FMATCH(G24,D24)} -> #NAME? | M24: {=_FV(L24,"Similarity",TRUE)} -> #VALUE! | N24: {=_xldudf_BOARDFLARE_FMATCH(D24,G24)} -> #NAME? | O24: {=_FV(N24,"Similarity",TRUE)} -> #VALUE! | AE24: yes | AF24: yes | AG24: =AE24=AF24 -> TRUE | AH24: {=SUMPRODUCT(--ISNUMBER(SEARCH(_xlfn.TEXTSPLIT(D24," "), G24))) / COUNTA(_xlfn.TEXTSPLIT(D24," "))} -> 0 | AI24: {=IF( SUMPRODUCT(--ISNUMBER(SEARCH(_xlfn.TEXTSPLIT(D24," "), G24))) / COUNTA(_xlfn.TEXTSPLIT(D24," ")) = 1, "Full Match", IF( SUMPRODUCT(--ISNUMBER(SEARCH(_xlfn.TEXTSPLIT(D24," "), G24))) / COUNTA(_xlfn.TEXTSPLIT(D24," ")) > 0.5, "Partial Match", "No Match" ) )} -> No Match
A25: <Benefit and Risk assessment> | C25: Paragraph | D25: ABC-123 has not been studied in humans; therefore, the risk-benefit analysis considerations are based on nonclinical data and reports in the literature on similar therapies. The benefits to participants in the ABC-123 clinical program may include contributing to the process of developing new therapies in an area of unmet need and medical evaluations/assessments associated with study procedures (eg, physical examination); participants with boneitis due to lurgi may or may not experience an impact on progression of the disease. The risks of participation are primarily those associated with adverse reactions to the investigational medicinal product, although there may also be some discomfort associated with subcutaneous (SC) injections or study procedures (eg, blood collection). | E25: Mock_CSR_Protocol.docx | F25: Summarize the risks, potential benefits, and overall benefit–risk conclusion for ABC-123 based on study data in a structured paragraph. | G25: ABC-123 has not been studied in humans; risk assessment is based on nonclinical data and analogous therapies. No known risks, including CNS-associated risks, have been observed in nonclinical pharmacology and safety studies. However, potential risks include adverse reactions to the investigational product, discomfort from subcutaneous injections or study procedures, and CNS-associated effects seen with similar therapies (such as amphibious jocularity, levitation, and the crunge). Additional risks observed with blorp inductors include gastrointestinal events (nausea, diarrhea, vomiting), asthenia/fatigue, hot flushes, and dizziness. Participants will be closely monitored for adverse effects.Potential Benefits: As this is a non-therapeutic study in healthy volunteers and participants with boneitis, direct clinical benefit is not assured. Potential benefits include contributing to the development of new therapies in an area of unmet need and receiving medical evaluations associated with study procedures. There may or may not be an impact on disease progression for participants with boneitis.Overall Benefit–Risk Conclusion: The prior safety experience with similar therapies, lack of brain penetration in nonclinical studies, and absence of significant adverse findings in animal studies support the conduct of this study. The anticipated benefits to medical and scientific knowledge justify the potential risks, which are minimized through appropriate monitoring and dose escalation. Overall, the benefit–risk assessment is considered favorable for participation in this study. | I25: {=_xldudf_BOARDFLARE_FMATCH(G25,D25)} -> #NAME? | J25: =IF(M25>O25, M25,O25) -> #VALUE! | K25: {=IF( SUMPRODUCT(--ISNUMBER(SEARCH(_xlfn.TEXTSPLIT(D25," "), G25))) / COUNTA(_xlfn.TEXTSPLIT(D25," ")) = 1, "Full Match", IF( SUMPRODUCT(--ISNUMBER(SEARCH(_xlfn.TEXTSPLIT(D25," "), G25))) / COUNTA(_xlfn.TEXTSPLIT(D25," ")) > 0.5, "Partial Match", "No Match" ) )} -> No Match | L25: {=_xldudf_BOARDFLARE_FMATCH(G25,D25)} -> #NAME? | M25: {=_FV(L25,"Similarity",TRUE)} -> #VALUE! | N25: {=_xldudf_BOARDFLARE_FMATCH(D25,G25)} -> #NAME? | O25: {=_FV(N25,"Similarity",TRUE)} -> #VALUE! | AE25: yes | AF25: yes | AG25: =AE25=AF25 -> TRUE | AH25: {=SUMPRODUCT(--ISNUMBER(SEARCH(_xlfn.TEXTSPLIT(D25," "), G25))) / COUNTA(_xlfn.TEXTSPLIT(D25," "))} -> 0 | AI25: {=IF( SUMPRODUCT(--ISNUMBER(SEARCH(_xlfn.TEXTSPLIT(D25," "), G25))) / COUNTA(_xlfn.TEXTSPLIT(D25," ")) = 1, "Full Match", IF( SUMPRODUCT(--ISNUMBER(SEARCH(_xlfn.TEXTSPLIT(D25," "), G25))) / COUNTA(_xlfn.TEXTSPLIT(D25," ")) > 0.5, "Partial Match", "No Match" ) )} -> No Match
A26: <Risk assessment> | C26: Paragraph | D26: There are no known risks, including CNS-associated risks, that have been observed in nonclinical pharmacology and safety studies of ABC-123. ABC-123 targets peripheral receptors, potentially reducing the risk for the CNS-associated adverse effects observed in blorp inductors (ie, amphibious jocularity, levitation, and the crunge). Participants in the ABC-123 clinical program will be closely monitored for these CNS-associated risks until sufficient data in the ABC-123 clinical program are available to discharge these risks. Additional risks observed in clinical studies with blorp inductors include gastrointestinal adverse events (primarily nausea, diarrhea, and vomiting), asthenia/fatigue, hot flushes, and dizziness. Participants will be monitored closely for the development of adverse effects that may result from study drug administration | E26: Mock_CSR_Protocol.docx | F26: Summarize the risks identified for ABC-123, referencing TEAEs, SAEs, discontinuations, theoretical risks, and risk mitigation measures; conclude with a high-level safety profile overview. | G26: ABC-123 has not been studied in humans; therefore, risk assessment is based on nonclinical data and literature on similar therapies. No known risks, including CNS-associated risks, were observed in nonclinical pharmacology and safety studies of ABC-123. Theoretical risks, based on the drug’s mechanism and experience with similar blorp inductors, include CNS-associated adverse effects (such as amphibious jocularity, levitation, and the crunge), as well as gastrointestinal events (nausea, diarrhea, vomiting), asthenia/fatigue, hot flushes, and dizziness. There were no observed treatment-emergent adverse events (TEAEs), serious adverse events (SAEs), or discontinuations due to adverse events in the nonclinical studies. Risk mitigation measures include close monitoring of participants for CNS and other adverse effects, with ongoing assessment until sufficient clinical data are available to discharge these risks. Overall, the safety profile of ABC-123 is considered favorable based on available nonclinical data, with a low risk of CNS or other significant adverse events anticipated. | I26: {=_xldudf_BOARDFLARE_FMATCH(G26,D26)} -> #NAME? | J26: =IF(M26>O26, M26,O26) -> #VALUE! | K26: {=IF( SUMPRODUCT(--ISNUMBER(SEARCH(_xlfn.TEXTSPLIT(D26," "), G26))) / COUNTA(_xlfn.TEXTSPLIT(D26," ")) = 1, "Full Match", IF( SUMPRODUCT(--ISNUMBER(SEARCH(_xlfn.TEXTSPLIT(D26," "), G26))) / COUNTA(_xlfn.TEXTSPLIT(D26," ")) > 0.5, "Partial Match", "No Match" ) )} -> No Match | L26: {=_xldudf_BOARDFLARE_FMATCH(G26,D26)} -> #NAME? | M26: {=_FV(L26,"Similarity",TRUE)} -> #VALUE! | N26: {=_xldudf_BOARDFLARE_FMATCH(D26,G26)} -> #NAME? | O26: {=_FV(N26,"Similarity",TRUE)} -> #VALUE! | AE26: yes | AF26: yes | AG26: =AE26=AF26 -> TRUE | AH26: {=SUMPRODUCT(--ISNUMBER(SEARCH(_xlfn.TEXTSPLIT(D26," "), G26))) / COUNTA(_xlfn.TEXTSPLIT(D26," "))} -> 0 | AI26: {=IF( SUMPRODUCT(--ISNUMBER(SEARCH(_xlfn.TEXTSPLIT(D26," "), G26))) / COUNTA(_xlfn.TEXTSPLIT(D26," ")) = 1, "Full Match", IF( SUMPRODUCT(--ISNUMBER(SEARCH(_xlfn.TEXTSPLIT(D26," "), G26))) / COUNTA(_xlfn.TEXTSPLIT(D26," ")) > 0.5, "Partial Match", "No Match" ) )} -> No Match
A27: <Benefit assessment> | C27: Paragraph | D27: This is a non-therapeutic study in healthy volunteers (SAD component) and participants with boneitis (repeat-dose component). Potential benefits for participants in the study may include: ● Contributing to the process of developing new therapies in an area of unmet need ● Medical evaluations/assessments associated with study procedures (eg, physical examination, electrocardiogram [ECG], laboratory assessments). | E27: Mock_CSR_Protocol.docx | F27: Summarize the benefit assessment for ABC-123, emphasizing nonclinical evidence, participant contributions, and the clinical need for new therapies for boneitis due to lurgi. | I27: {=_xldudf_BOARDFLARE_FMATCH(G27,D27)} -> #NAME? | J27: =IF(M27>O27, M27,O27) -> #VALUE! | K27: {=IF( SUMPRODUCT(--ISNUMBER(SEARCH(_xlfn.TEXTSPLIT(D27," "), G27))) / COUNTA(_xlfn.TEXTSPLIT(D27," ")) = 1, "Full Match", IF( SUMPRODUCT(--ISNUMBER(SEARCH(_xlfn.TEXTSPLIT(D27," "), G27))) / COUNTA(_xlfn.TEXTSPLIT(D27," ")) > 0.5, "Partial Match", "No Match" ) )} -> No Match | L27: {=_xldudf_BOARDFLARE_FMATCH(G27,D27)} -> #NAME? | M27: {=_FV(L27,"Similarity",TRUE)} -> #VALUE! | N27: {=_xldudf_BOARDFLARE_FMATCH(D27,G27)} -> #NAME? | O27: {=_FV(N27,"Similarity",TRUE)} -> #VALUE! | AE27: yes | AF27: NA | AG27: =AE27=AF27 -> FALSE | AH27: {=SUMPRODUCT(--ISNUMBER(SEARCH(_xlfn.TEXTSPLIT(D27," "), G27))) / COUNTA(_xlfn.TEXTSPLIT(D27," "))} -> 0 | AI27: {=IF( SUMPRODUCT(--ISNUMBER(SEARCH(_xlfn.TEXTSPLIT(D27," "), G27))) / COUNTA(_xlfn.TEXTSPLIT(D27," ")) = 1, "Full Match", IF( SUMPRODUCT(--ISNUMBER(SEARCH(_xlfn.TEXTSPLIT(D27," "), G27))) / COUNTA(_xlfn.TEXTSPLIT(D27," ")) > 0.5, "Partial Match", "No Match" ) )} -> No Match
A28: <Overall Benefit: Risk Conclusion> | C28: Paragraph | D28: The pharmacodynamic analysis demonstrated that ABC-123 induces notable biomarker changes in both healthy volunteers following single ascending doses and in Boneitis patients receiving repeated doses. In healthy participants, modest improvements were observed in glucose metabolism and insulin sensitivity, as evidenced by reductions in fasting glucose, insulin, and leptin, alongside increased adiponectin levels. These changes were more pronounced in Boneitis participants, where repeated dosing resulted in significant reductions in fasting glucose, insulin, C-peptide, and leptin, coupled with a substantial rise in adiponectin. Placebo groups in both populations showed minimal biomarker changes, supporting the treatment-related effects observed. Overall, these findings suggest that ABC-123 exerts stronger pharmacodynamic effects in the diseased state, highlighting its potential as a therapeutic agent for Boneitis by improving metabolic dysfunction associated with the condition | E28: Mock_CSR Key messages_with_heading.docx | F28: Write a neutral, data-driven paragraph summarizing the overall benefit-risk conclusion, referencing safety findings and justification for continued development of ABC-123. | G28: The overall benefit-risk assessment for ABC-123 is favorable for participation in this study. The prior safety experience with blorp inductors, the lack of brain penetration demonstrated in nonclinical studies, and the absence of significant adverse findings in the 13-week monkey toxicology study support the conduct of this study. The potential risks identified are justified in light of the anticipated benefits to medical and scientific knowledge, and can be minimized through appropriate monitoring and dose escalation. Based on the available data and the participant population to be studied, the benefit-risk profile supports continued development of ABC-123 at this stage. | I28: {=_xldudf_BOARDFLARE_FMATCH(G28,D28)} -> #NAME? | J28: =IF(M28>O28, M28,O28) -> #VALUE! | K28: {=IF( SUMPRODUCT(--ISNUMBER(SEARCH(_xlfn.TEXTSPLIT(D28," "), G28))) / COUNTA(_xlfn.TEXTSPLIT(D28," ")) = 1, "Full Match", IF( SUMPRODUCT(--ISNUMBER(SEARCH(_xlfn.TEXTSPLIT(D28," "), G28))) / COUNTA(_xlfn.TEXTSPLIT(D28," ")) > 0.5, "Partial Match", "No Match" ) )} -> No Match | L28: {=_xldudf_BOARDFLARE_FMATCH(G28,D28)} -> #NAME? | M28: {=_FV(L28,"Similarity",TRUE)} -> #VALUE! | N28: {=_xldudf_BOARDFLARE_FMATCH(D28,G28)} -> #NAME? | O28: {=_FV(N28,"Similarity",TRUE)} -> #VALUE! | AE28: yes | AF28: yes | AG28: =AE28=AF28 -> TRUE | AH28: {=SUMPRODUCT(--ISNUMBER(SEARCH(_xlfn.TEXTSPLIT(D28," "), G28))) / COUNTA(_xlfn.TEXTSPLIT(D28," "))} -> 0 | AI28: {=IF( SUMPRODUCT(--ISNUMBER(SEARCH(_xlfn.TEXTSPLIT(D28," "), G28))) / COUNTA(_xlfn.TEXTSPLIT(D28," ")) = 1, "Full Match", IF( SUMPRODUCT(--ISNUMBER(SEARCH(_xlfn.TEXTSPLIT(D28," "), G28))) / COUNTA(_xlfn.TEXTSPLIT(D28," ")) > 0.5, "Partial Match", "No Match" ) )} -> No Match
A29: <Table Objectives and Endpoints> | C29: Table | D29: ● To assess the safety and tolerability after 4 weeks of exposure following single ascending doses of ABC-123 ● Number of participants with serious and other nonserious AEs Secondary ● To assess the safety and tolerability following repeated doses over 4 weeks of ABC-123 ● Number of participants with serious and other nonserious AEs ● To characterize PK of ABC-123 following single ascending doses ● Cmax and AUClast ● To characterize the PK of ABC-123 following repeated doses ● Cmax and AUClast Exploratory ● To explore additional PK characteristics of ABC-123 following single ascending doses ● Tmax, Clast, Tlast, AUCinf, CL, V, and t1/2 ● To explore additional PK characteristics of ABC-123 following repeated doses ● Tmax, Clast, Tlast, AUCinf, CL, V, and t1/2 ● To explore effects of ABC-123 on clinical laboratory assessments, 12-lead ECG, and vital signs following single ascending doses ● Incidence of clinically significant changes in laboratory parameters, 12-lead ECG parameters, and vital signs measurements ● To explore effects of ABC-123 on clinical laboratory assessments, 12-lead ECG, and vital signs following repeated doses ● Incidence of clinically significant changes in laboratory parameters, 12-lead ECG parameters, and vital signs measurements ● To explore the impact of ADA on the PK profile of ABC-123 following single ascending doses ● Impact of ADA on AUC or impact on overall exposure of ABC-123 ● To explore the impact of ADA on the PK profile of ABC-123 following repeated doses ● Impact of ADA on AUC or impact on overall exposure of ABC-123 ● To explore the effects on eating behavior in participants following single ascending doses of ABC-123 ● Hunger, satiety, and appetite VAS scores Abbreviations: ADA = antidrug antibodies; AE = adverse event. | E29: Mock_CSR_Protocol.docx | F29: Insert the table(s) listing study objectives and endpoints by matching semantic caption text. | G29: Objectives/Endpoints: The following objectives and endpoints will be evaluated in healthy participants during the SAD component of the study and in participants with boneitis in the repeat-dose component of the study. Objectives Endpoints Primary To assess the safety and tolerability after 4 weeks of exposure following single ascending doses of ABC-123 Number of participants with serious and other nonserious AEs Secondary To assess the safety and tolerability following repeated doses over 4 weeks of ABC-123 Number of participants with serious and other nonserious AEs To characterize PK of ABC-123 following single ascending doses Cmax and AUClast To characterize the PK of ABC-123 following repeated doses Cmax and AUClast Exploratory To explore additional PK characteristics of ABC-123 following single ascending doses Tmax, Clast, Tlast, AUCinf, CL, V, and t1/2 To explore additional PK characteristics of ABC-123 following repeated doses Tmax, Clast, Tlast, AUCinf, CL, V, and t1/2 To explore effects of ABC-123 on clinical laboratory assessments, 12-lead ECG, and vital signs following single ascending doses Incidence of clinically significant changes in laboratory parameters, 12-lead ECG parameters, and vital signs measurements To explore effects of ABC-123 on clinical laboratory assessments, 12-lead ECG, and vital signs following repeated doses Incidence of clinically significant changes in laboratory parameters, 12-lead ECG parameters, and vital signs measurements To explore the impact of ADA on the PK profile of ABC-123 following single ascending doses Impact of ADA on AUC or impact on overall exposure of ABC-123 To explore the impact of ADA on the PK profile of ABC-123 following repeated doses Impact of ADA on AUC or impact on overall exposure of ABC-123 To explore the effects on eating behavior in participants following single ascending doses of ABC-123 Hunger, satiety, and appetite VAS scores Abbreviations: ADA = antidrug antibodies; AE = adverse event. | I29: {=_xldudf_BOARDFLARE_FMATCH(G29,D29)} -> #NAME? | J29: =IF(M29>O29, M29,O29) -> #VALUE! | K29: {=IF( SUMPRODUCT(--ISNUMBER(SEARCH(_xlfn.TEXTSPLIT(D29," "), G29))) / COUNTA(_xlfn.TEXTSPLIT(D29," ")) = 1, "Full Match", IF( SUMPRODUCT(--ISNUMBER(SEARCH(_xlfn.TEXTSPLIT(D29," "), G29))) / COUNTA(_xlfn.TEXTSPLIT(D29," ")) > 0.5, "Partial Match", "No Match" ) )} -> No Match | L29: {=_xldudf_BOARDFLARE_FMATCH(G29,D29)} -> #NAME? | M29: {=_FV(L29,"Similarity",TRUE)} -> #VALUE! | N29: {=_xldudf_BOARDFLARE_FMATCH(D29,G29)} -> #NAME? | O29: {=_FV(N29,"Similarity",TRUE)} -> #VALUE! | Q29: 16 | R29: 2 | S29: Abbreviations: ADA = antidrug antibodies; AE = adverse event. | T29: 16 | U29: 2 | V29: Abbreviations: ADA = antidrug antibodies; AE = adverse event | W29: yes | X29: {=IF( SUMPRODUCT(--ISNUMBER(SEARCH(_xlfn.TEXTSPLIT(D29," "), G29))) / COUNTA(_xlfn.TEXTSPLIT(D29," ")) = 1, "Full Match", IF( SUMPRODUCT(--ISNUMBER(SEARCH(_xlfn.TEXTSPLIT(D29," "), G29))) / COUNTA(_xlfn.TEXTSPLIT(D29," ")) > 0.5, "Partial Match", "No Match" ) )} -> No Match
A30: <Insert Study Parts> | C30: Paragraph | D30: A First-In-Human, Phase 1, Randomized, Double-Blind, Placebo-Controlled Study to Evaluate the Safety, Tolerability, and Pharmacokinetics of ABC-123 as a Single Dose in Healthy Participants and as Multiple Doses in Participants with Grade 2 Boneitis | E30: Mock_CSR_Protocol.docx | F30: Provide a concise inline summary of the study parts as specified in the protocol. | G30: the single-dose and multiple-dose parts of the study are presented in Table 3. | I30: {=_xldudf_BOARDFLARE_FMATCH(G30,D30)} -> #NAME? | J30: =IF(M30>O30, M30,O30) -> #VALUE! | K30: {=IF( SUMPRODUCT(--ISNUMBER(SEARCH(_xlfn.TEXTSPLIT(D30," "), G30))) / COUNTA(_xlfn.TEXTSPLIT(D30," ")) = 1, "Full Match", IF( SUMPRODUCT(--ISNUMBER(SEARCH(_xlfn.TEXTSPLIT(D30," "), G30))) / COUNTA(_xlfn.TEXTSPLIT(D30," ")) > 0.5, "Partial Match", "No Match" ) )} -> No Match | L30: {=_xldudf_BOARDFLARE_FMATCH(G30,D30)} -> #NAME? | M30: {=_FV(L30,"Similarity",TRUE)} -> #VALUE! | N30: {=_xldudf_BOARDFLARE_FMATCH(D30,G30)} -> #NAME? | O30: {=_FV(N30,"Similarity",TRUE)} -> #VALUE! | AE30: yes | AF30: yes | AG30: =AE30=AF30 -> TRUE | AH30: {=SUMPRODUCT(--ISNUMBER(SEARCH(_xlfn.TEXTSPLIT(D30," "), G30))) / COUNTA(_xlfn.TEXTSPLIT(D30," "))} -> 0 | AI30: {=IF( SUMPRODUCT(--ISNUMBER(SEARCH(_xlfn.TEXTSPLIT(D30," "), G30))) / COUNTA(_xlfn.TEXTSPLIT(D30," ")) = 1, "Full Match", IF( SUMPRODUCT(--ISNUMBER(SEARCH(_xlfn.TEXTSPLIT(D30," "), G30))) / COUNTA(_xlfn.TEXTSPLIT(D30," ")) > 0.5, "Partial Match", "No Match" ) )} -> No Match
A31: <Figure X> | C31: Inline | I31: {=_xldudf_BOARDFLARE_FMATCH(G31,D31)} -> #NAME? | J31: =IF(M31>O31, M31,O31) -> #VALUE! | L31: {=_xldudf_BOARDFLARE_FMATCH(G31,D31)} -> #NAME? | M31: {=_FV(L31,"Similarity",TRUE)} -> #VALUE! | N31: {=_xldudf_BOARDFLARE_FMATCH(D31,G31)} -> #NAME? | O31: {=_FV(N31,"Similarity",TRUE)} -> #VALUE! | AK31: {=IF( SUMPRODUCT(--ISNUMBER(SEARCH(_xlfn.TEXTSPLIT(D31," "), G31))) / COUNTA(_xlfn.TEXTSPLIT(D31," ")) = 1, "Full Match", IF( SUMPRODUCT(--ISNUMBER(SEARCH(_xlfn.TEXTSPLIT(D31," "), G31))) / COUNTA(_xlfn.TEXTSPLIT(D31," ")) > 0.5, "Partial Match", "No Match" ) )} -> No Match
A32: <Date of Report> | C32: Inline | D32: 46082 | F32: Insert the report date in the format DD Month YYYY for inline continuity after 'Page 1 of'. | I32: {=_xldudf_BOARDFLARE_FMATCH(G32,D32)} -> #NAME? | J32: =IF(M32>O32, M32,O32) -> #VALUE! | L32: {=_xldudf_BOARDFLARE_FMATCH(G32,D32)} -> #NAME? | M32: {=_FV(L32,"Similarity",TRUE)} -> #VALUE! | N32: {=_xldudf_BOARDFLARE_FMATCH(D32,G32)} -> #NAME? | O32: {=_FV(N32,"Similarity",TRUE)} -> #VALUE! | AK32: {=IF( SUMPRODUCT(--ISNUMBER(SEARCH(_xlfn.TEXTSPLIT(D32," "), G32))) / COUNTA(_xlfn.TEXTSPLIT(D32," ")) = 1, "Full Match", IF( SUMPRODUCT(--ISNUMBER(SEARCH(_xlfn.TEXTSPLIT(D32," "), G32))) / COUNTA(_xlfn.TEXTSPLIT(D32," ")) > 0.5, "Partial Match", "No Match" ) )} -> No Match
A33: <Table: Insert SOA Table (s): Schedule of Activities> | C33: Table | F33: Insert the Schedule of Activities tables (both Single Ascending Dose and Repeat-Dose) by referencing their existing captions. | G33: Study Procedures (Day) In-Residence Period Follow-up Period Cohorts 4+ Follow-up Period Cohorts 1-3 Screening Day 1 Day 2 Day 3 Day 4 Day 5 Day 6 Day 7 Day 8 Day 9 Day 10 Day 11 Day 15 Day 22 Day 29 Day 43 Day 57 Follow-up / ED 71 Safety and tolerability: Immunogenicity assessment (ADA) X X X X X X X X X X X X X Clinical laboratory evaluations(chemistry, hematology, and urinalysis) X X X X X X X X X X X X X X X Adverse event inquiry X X X X X X X X X X X X X X X X X X Prior/concomitant medication monitoring X X X X X X X X X X X X X X X X X X Blood pressure, pulse rate, pulseoximetry/oxygen saturation, respiratory rate X X X X X X X X X X X X X X Body temperature X X X X X X X X X X X X X X Single safety 12-lead ECG X X Triplicate 12-lead ECG X X X X X X X X X Physical examination X X X X X X X X X X X X X | I33: {=_xldudf_BOARDFLARE_FMATCH(G33,D33)} -> #NAME? | J33: =IF(M33>O33, M33,O33) -> #VALUE! | K33: {=IF( SUMPRODUCT(--ISNUMBER(SEARCH(_xlfn.TEXTSPLIT(D33," "), G33))) / COUNTA(_xlfn.TEXTSPLIT(D33," ")) = 1, "Full Match", IF( SUMPRODUCT(--ISNUMBER(SEARCH(_xlfn.TEXTSPLIT(D33," "), G33))) / COUNTA(_xlfn.TEXTSPLIT(D33," ")) > 0.5, "Partial Match", "No Match" ) )} -> No Match | L33: {=_xldudf_BOARDFLARE_FMATCH(G33,D33)} -> #NAME? | M33: {=_FV(L33,"Similarity",TRUE)} -> #VALUE! | N33: {=_xldudf_BOARDFLARE_FMATCH(D33,G33)} -> #NAME? | O33: {=_FV(N33,"Similarity",TRUE)} -> #VALUE! | Q33: NA | R33: NA | S33: NA | T33: 13 | U33: 31 | V33: NA | W33: no | X33: {=IF( SUMPRODUCT(--ISNUMBER(SEARCH(_xlfn.TEXTSPLIT(D33," "), G33))) / COUNTA(_xlfn.TEXTSPLIT(D33," ")) = 1, "Full Match", IF( SUMPRODUCT(--ISNUMBER(SEARCH(_xlfn.TEXTSPLIT(D33," "), G33))) / COUNTA(_xlfn.TEXTSPLIT(D33," ")) > 0.5, "Partial Match", "No Match" ) )} -> No Match
A34: <Study Design Justification> | C34: Paragraph | D34: This study will comprise a SAD escalation component in healthy volunteer participants and a repeat-dose component to confirm repeat-dose safety, tolerability, PK, and immunogenicity in participants with boneitis. It will also explore potential blorp activity, participant selection, PD, and differential response biomarkers. This study will be conducted in a single Phase 1 unit. | E34: Mock_CSR Key messages_with_heading.docx | F34: Summarize the justification for the study design, including its methodological rationale and objectives. | I34: {=_xldudf_BOARDFLARE_FMATCH(G34,D34)} -> #NAME? | J34: =IF(M34>O34, M34,O34) -> #VALUE! | K34: {=IF( SUMPRODUCT(--ISNUMBER(SEARCH(_xlfn.TEXTSPLIT(D34," "), G34))) / COUNTA(_xlfn.TEXTSPLIT(D34," ")) = 1, "Full Match", IF( SUMPRODUCT(--ISNUMBER(SEARCH(_xlfn.TEXTSPLIT(D34," "), G34))) / COUNTA(_xlfn.TEXTSPLIT(D34," ")) > 0.5, "Partial Match", "No Match" ) )} -> No Match | L34: {=_xldudf_BOARDFLARE_FMATCH(G34,D34)} -> #NAME? | M34: {=_FV(L34,"Similarity",TRUE)} -> #VALUE! | N34: {=_xldudf_BOARDFLARE_FMATCH(D34,G34)} -> #NAME? | O34: {=_FV(N34,"Similarity",TRUE)} -> #VALUE! | AE34: yes | AF34: NA | AG34: =AE34=AF34 -> FALSE | AH34: {=SUMPRODUCT(--ISNUMBER(SEARCH(_xlfn.TEXTSPLIT(D34," "), G34))) / COUNTA(_xlfn.TEXTSPLIT(D34," "))} -> 0 | AI34: {=IF( SUMPRODUCT(--ISNUMBER(SEARCH(_xlfn.TEXTSPLIT(D34," "), G34))) / COUNTA(_xlfn.TEXTSPLIT(D34," ")) = 1, "Full Match", IF( SUMPRODUCT(--ISNUMBER(SEARCH(_xlfn.TEXTSPLIT(D34," "), G34))) / COUNTA(_xlfn.TEXTSPLIT(D34," ")) > 0.5, "Partial Match", "No Match" ) )} -> No Match
A35: <Dose Justification> | C35: Paragraph | D35: The planned clinical starting dose in healthy volunteers (HVs) is a single dose of 5 mg of ABC-123 administered as an SC injection. The planned maximum dose is 600 mg. The clinical starting dose is based on an integrated approach supported by the Good Laboratory Practice (GLP) toxicology study approach, the minimal cytokine change, expected 10% receptor occupancy (RO) attained at maximum observed serum concentration (Cmax), and utilizing the minimal anticipated biological effect level (MABEL) based on the half-maximal inhibitory concentration (IC50) of ABC-123 on binding and inhibition of blorp induction. The 13-week GLP toxicology study was conducted in cynomolgus monkey, as this is the most relevant species for evaluation based on in vitro cross-reactivity (study SKY-123_Nonclin_456). The no observed adverse effect level (NOAEL) in this study was 300 mg/kg. In addition, there is a 1.13-fold difference in binding of ABC-123 in monkey to human blorp; therefore, the human equivalent dose of the NOAEL is 265.5 mg/kg. Based on the maximum recommended starting dose (MRSD) guidance, a factor of 10 can be used to determine the maximum allowable starting dose, with an estimated maximum starting dose of 26.5 mg/kg of ABC-123. The planned starting dose of 5 mg given as a single SC injection in HVs is expected to be 318-fold lower than the dose supported by the GLP toxicology study. Starting at the dose of 5 mg will ensure full characterization of safety, PK, and PD of ABC-123. | E35: Mock_CSR_Protocol.docx | F35: Summarize the rationale and supporting data for the clinical starting dose of ABC-123, including toxicology study results, safety factors, and dosing calculations. | G35: The clinical starting dose of ABC-123 in healthy volunteers is 5 mg administered as a single subcutaneous injection, with a planned maximum dose of 600 mg. This starting dose was determined using an integrated approach, including GLP toxicology studies, minimal cytokine changes, and anticipated biological effect levels. The 13-week GLP toxicology study in cynomolgus monkeys identified a NOAEL of 300 mg/kg, and after accounting for species differences, the human equivalent dose is 265.5 mg/kg. Applying a safety factor of 10, the estimated maximum recommended starting dose is 26.5 mg/kg. The selected 5 mg dose is 318-fold lower than the dose supported by toxicology data, ensuring a conservative approach for safety, pharmacokinetic, and pharmacodynamic assessment | I35: {=_xldudf_BOARDFLARE_FMATCH(G35,D35)} -> #NAME? | J35: =IF(M35>O35, M35,O35) -> #VALUE! | K35: {=IF( SUMPRODUCT(--ISNUMBER(SEARCH(_xlfn.TEXTSPLIT(D35," "), G35))) / COUNTA(_xlfn.TEXTSPLIT(D35," ")) = 1, "Full Match", IF( SUMPRODUCT(--ISNUMBER(SEARCH(_xlfn.TEXTSPLIT(D35," "), G35))) / COUNTA(_xlfn.TEXTSPLIT(D35," ")) > 0.5, "Partial Match", "No Match" ) )} -> No Match | L35: {=_xldudf_BOARDFLARE_FMATCH(G35,D35)} -> #NAME? | M35: {=_FV(L35,"Similarity",TRUE)} -> #VALUE! | N35: {=_xldudf_BOARDFLARE_FMATCH(D35,G35)} -> #NAME? | O35: {=_FV(N35,"Similarity",TRUE)} -> #VALUE! | AE35: yes | AF35: yes | AG35: =AE35=AF35 -> TRUE | AH35: {=SUMPRODUCT(--ISNUMBER(SEARCH(_xlfn.TEXTSPLIT(D35," "), G35))) / COUNTA(_xlfn.TEXTSPLIT(D35," "))} -> 0 | AI35: {=IF( SUMPRODUCT(--ISNUMBER(SEARCH(_xlfn.TEXTSPLIT(D35," "), G35))) / COUNTA(_xlfn.TEXTSPLIT(D35," ")) = 1, "Full Match", IF( SUMPRODUCT(--ISNUMBER(SEARCH(_xlfn.TEXTSPLIT(D35," "), G35))) / COUNTA(_xlfn.TEXTSPLIT(D35," ")) > 0.5, "Partial Match", "No Match" ) )} -> No Match
A36: <Number list of inclusion criteria> | C36: List | D36: 1. Understands study procedures and voluntarily provides written informed consent. 2. Willing and able to abide by the study restrictions, including the lifestyle considerations in Section 5.3. 3. Willing and able to complete all study visits, in-residence requirements, and procedures. 4. 18 to 65 years of age at the time of signing informed consent. 5. Body mass index (BMI) between 18.0 and 35.0 kg/m2, inclusive, at Screening. 6. Female participants will be of non-childbearing potential (refer to Section 10.5 [Appendix 5] for definition of non-childbearing potential). 7. Male participants will agree to use contraception while on study intervention and for at least 6 months after the last dose of study intervention. 8. SAD cohorts only: Participants must be in good health, determined by no clinically significant findings from medical history, physical examination, 12-lead ECG, vital signs measurements, and clinical laboratory evaluations (see exclusion criteria for criteria for specific labs) at Screening as assessed by the Investigator. Clinical laboratory assessments may be repeated once at the Investigator’s discretion if laboratory error is suspected. 9. Repeat-dose cohort only: boneitis treated with Zammoxin or myrnestristoate and in otherwise good health except for well-controlled common conditions associated with boneitis, such as acid sweat or tonsillar invisibility. Clinical laboratory assessments may be repeated once at the Investigator’s discretion if laboratory error is suspected | F36: Write a numbered list of inclusion criteria for study participant eligibility, using protocol language. | G36: Understands study procedures and voluntarily provides written informed consent. Willing and able to abide by the study restrictions, including the lifestyle considerations in the protocol. Willing and able to complete all study visits, in-residence requirements, and procedures. 18 to 65 years of age at the time of signing informed consent. Body mass index (BMI) between 18.0 and 35.0 kg/m2, inclusive, at Screening. Female participants will be of non-childbearing potential (refer to protocol for definition). Male participants will agree to use contraception while on study intervention and for at least 6 months after the last dose of study intervention. SAD cohorts only: Participants must be in good health, determined by no clinically significant findings from medical history, physical examination, 12-lead ECG, vital signs measurements, and clinical laboratory evaluations at Screening as assessed by the Investigator. Clinical laboratory assessments may be repeated once at the Investigator’s discretion if laboratory error is suspected. Repeat-dose cohort only: boneitis treated with Zammoxin or myrnestristoate and in otherwise good health except for well-controlled conditions as specified in the protocol. | I36: {=_xldudf_BOARDFLARE_FMATCH(G36,D36)} -> #NAME? | J36: =IF(M36>O36, M36,O36) -> #VALUE! | K36: {=IF( SUMPRODUCT(--ISNUMBER(SEARCH(_xlfn.TEXTSPLIT(D36," "), G36))) / COUNTA(_xlfn.TEXTSPLIT(D36," ")) = 1, "Full Match", IF( SUMPRODUCT(--ISNUMBER(SEARCH(_xlfn.TEXTSPLIT(D36," "), G36))) / COUNTA(_xlfn.TEXTSPLIT(D36," ")) > 0.5, "Partial Match", "No Match" ) )} -> No Match | L36: {=_xldudf_BOARDFLARE_FMATCH(G36,D36)} -> #NAME? | M36: {=_FV(L36,"Similarity",TRUE)} -> #VALUE! | N36: {=_xldudf_BOARDFLARE_FMATCH(D36,G36)} -> #NAME? | O36: {=_FV(N36,"Similarity",TRUE)} -> #VALUE! | Z36: 9 | AA36: 9 | AB36: Yes | AC36: =IF(EXACT(Table11[[#This Row],[Expected Value]],Table11[[#This Row],[AI Replaced Text]]),"Match","Not Match") -> Not Match
A37: <Removal of Patients from Therapy or Assessment> | C37: Paragraph | F37: Write a concise paragraph explaining the process and criteria for removal of patients from therapy or assessment, if available. | I37: {=_xldudf_BOARDFLARE_FMATCH(G37,D37)} -> #NAME? | J37: =IF(M37>O37, M37,O37) -> #VALUE! | K37: {=IF( SUMPRODUCT(--ISNUMBER(SEARCH(_xlfn.TEXTSPLIT(D37," "), G37))) / COUNTA(_xlfn.TEXTSPLIT(D37," ")) = 1, "Full Match", IF( SUMPRODUCT(--ISNUMBER(SEARCH(_xlfn.TEXTSPLIT(D37," "), G37))) / COUNTA(_xlfn.TEXTSPLIT(D37," ")) > 0.5, "Partial Match", "No Match" ) )} -> No Match | L37: {=_xldudf_BOARDFLARE_FMATCH(G37,D37)} -> #NAME? | M37: {=_FV(L37,"Similarity",TRUE)} -> #VALUE! | N37: {=_xldudf_BOARDFLARE_FMATCH(D37,G37)} -> #NAME? | O37: {=_FV(N37,"Similarity",TRUE)} -> #VALUE! | AF37: NA | AG37: =AE37=AF37 -> FALSE | AH37: {=SUMPRODUCT(--ISNUMBER(SEARCH(_xlfn.TEXTSPLIT(D37," "), G37))) / COUNTA(_xlfn.TEXTSPLIT(D37," "))} -> 0 | AI37: {=IF( SUMPRODUCT(--ISNUMBER(SEARCH(_xlfn.TEXTSPLIT(D37," "), G37))) / COUNTA(_xlfn.TEXTSPLIT(D37," ")) = 1, "Full Match", IF( SUMPRODUCT(--ISNUMBER(SEARCH(_xlfn.TEXTSPLIT(D37," "), G37))) / COUNTA(_xlfn.TEXTSPLIT(D37," ")) > 0.5, "Partial Match", "No Match" ) )} -> No Match
A38: <Criteria for Discontinuation/Withdrawal From the Study> | C38: Paragraph | F38: Summarize the criteria and process for discontinuation or withdrawal from the study intervention. | I38: {=_xldudf_BOARDFLARE_FMATCH(G38,D38)} -> #NAME? | J38: =IF(M38>O38, M38,O38) -> #VALUE! | K38: {=IF( SUMPRODUCT(--ISNUMBER(SEARCH(_xlfn.TEXTSPLIT(D38," "), G38))) / COUNTA(_xlfn.TEXTSPLIT(D38," ")) = 1, "Full Match", IF( SUMPRODUCT(--ISNUMBER(SEARCH(_xlfn.TEXTSPLIT(D38," "), G38))) / COUNTA(_xlfn.TEXTSPLIT(D38," ")) > 0.5, "Partial Match", "No Match" ) )} -> No Match | L38: {=_xldudf_BOARDFLARE_FMATCH(G38,D38)} -> #NAME? | M38: {=_FV(L38,"Similarity",TRUE)} -> #VALUE! | N38: {=_xldudf_BOARDFLARE_FMATCH(D38,G38)} -> #NAME? | O38: {=_FV(N38,"Similarity",TRUE)} -> #VALUE! | AF38: NA | AG38: =AE38=AF38 -> FALSE | AH38: {=SUMPRODUCT(--ISNUMBER(SEARCH(_xlfn.TEXTSPLIT(D38," "), G38))) / COUNTA(_xlfn.TEXTSPLIT(D38," "))} -> 0 | AI38: {=IF( SUMPRODUCT(--ISNUMBER(SEARCH(_xlfn.TEXTSPLIT(D38," "), G38))) / COUNTA(_xlfn.TEXTSPLIT(D38," ")) = 1, "Full Match", IF( SUMPRODUCT(--ISNUMBER(SEARCH(_xlfn.TEXTSPLIT(D38," "), G38))) / COUNTA(_xlfn.TEXTSPLIT(D38," ")) > 0.5, "Partial Match", "No Match" ) )} -> No Match
A39: <Lost to Follow-Up> | C39: Paragraph | D39: A participant will be considered lost to follow-up if he or she repeatedly fails to return for scheduled visits and is unable to be contacted by the study site. The following actions must be taken if a participant fails to return to the clinic for a required study visit: ● The site must attempt to contact the participant and reschedule the missed visit as soon as possible and counsel the participant on the importance of maintaining the assigned visit schedule and ascertain whether the participant wishes to and/or should continue in the study. ● Before a participant is deemed lost to follow-up, the Investigator or designee must make every effort to regain contact with the participant (where possible, 3 telephone calls and, if necessary, a certified letter to the participant’s last known mailing address or local equivalent methods). These contact attempts should be documented in the participant’s medical record. ● Should the participant continue to be unreachable, he/she will be considered to have withdrawn from the study. | E39: Mock_CSR_Protocol.docx | F39: Summarize the definition and procedural requirements for lost to follow-up as described in the protocol. | G39: A participant is considered lost to follow-up if they repeatedly fail to return for scheduled visits and cannot be contacted by the study site. Before classifying a participant as lost to follow-up, the Investigator or designee must make every effort to re-establish contact, including at least three telephone calls and, if necessary, sending a certified letter to the participant’s last known address or using local equivalent methods. All contact attempts should be documented in the participant’s medical record. | I39: {=_xldudf_BOARDFLARE_FMATCH(G39,D39)} -> #NAME? | J39: =IF(M39>O39, M39,O39) -> #VALUE! | K39: {=IF( SUMPRODUCT(--ISNUMBER(SEARCH(_xlfn.TEXTSPLIT(D39," "), G39))) / COUNTA(_xlfn.TEXTSPLIT(D39," ")) = 1, "Full Match", IF( SUMPRODUCT(--ISNUMBER(SEARCH(_xlfn.TEXTSPLIT(D39," "), G39))) / COUNTA(_xlfn.TEXTSPLIT(D39," ")) > 0.5, "Partial Match", "No Match" ) )} -> No Match | L39: {=_xldudf_BOARDFLARE_FMATCH(G39,D39)} -> #NAME? | M39: {=_FV(L39,"Similarity",TRUE)} -> #VALUE! | N39: {=_xldudf_BOARDFLARE_FMATCH(D39,G39)} -> #NAME? | O39: {=_FV(N39,"Similarity",TRUE)} -> #VALUE! | AE39: yes | AF39: yes | AG39: =AE39=AF39 -> TRUE | AH39: {=SUMPRODUCT(--ISNUMBER(SEARCH(_xlfn.TEXTSPLIT(D39," "), G39))) / COUNTA(_xlfn.TEXTSPLIT(D39," "))} -> 0 | AI39: {=IF( SUMPRODUCT(--ISNUMBER(SEARCH(_xlfn.TEXTSPLIT(D39," "), G39))) / COUNTA(_xlfn.TEXTSPLIT(D39," ")) = 1, "Full Match", IF( SUMPRODUCT(--ISNUMBER(SEARCH(_xlfn.TEXTSPLIT(D39," "), G39))) / COUNTA(_xlfn.TEXTSPLIT(D39," ")) > 0.5, "Partial Match", "No Match" ) )} -> No Match
A40: <Treatments Administered> | C40: Paragraph | F40: Summarize the treatments administered to study participants, including dosing, administration, and allowed concomitant medications. | G40: Participants in the study received either ABC-123 or placebo. In healthy volunteers, ABC-123 was administered as a single subcutaneous dose, with the planned clinical starting dose being 5 mg and a maximum dose of 600 mg. In the repeat-dose cohort, participants with Grade 2 Boneitis continued their usual boneitis treatment alongside study intervention. Concomitant medications for lurgi, sporadic invisibility, and Fink-Nottle syndrome had to be stable for at least 30 days prior to screening and could not be changed during the study unless approved by the investigator. Saline, lidocaine, and paracetamol/acetaminophen (up to 2 g/day for 3 days) were permitted as needed for study procedures. | I40: {=_xldudf_BOARDFLARE_FMATCH(G40,D40)} -> #NAME? | J40: =IF(M40>O40, M40,O40) -> #VALUE! | K40: {=IF( SUMPRODUCT(--ISNUMBER(SEARCH(_xlfn.TEXTSPLIT(D40," "), G40))) / COUNTA(_xlfn.TEXTSPLIT(D40," ")) = 1, "Full Match", IF( SUMPRODUCT(--ISNUMBER(SEARCH(_xlfn.TEXTSPLIT(D40," "), G40))) / COUNTA(_xlfn.TEXTSPLIT(D40," ")) > 0.5, "Partial Match", "No Match" ) )} -> No Match | L40: {=_xldudf_BOARDFLARE_FMATCH(G40,D40)} -> #NAME? | M40: {=_FV(L40,"Similarity",TRUE)} -> #VALUE! | N40: {=_xldudf_BOARDFLARE_FMATCH(D40,G40)} -> #NAME? | O40: {=_FV(N40,"Similarity",TRUE)} -> #VALUE! | AF40: yes | AG40: =AE40=AF40 -> FALSE | AH40: {=SUMPRODUCT(--ISNUMBER(SEARCH(_xlfn.TEXTSPLIT(D40," "), G40))) / COUNTA(_xlfn.TEXTSPLIT(D40," "))} -> 0 | AI40: {=IF( SUMPRODUCT(--ISNUMBER(SEARCH(_xlfn.TEXTSPLIT(D40," "), G40))) / COUNTA(_xlfn.TEXTSPLIT(D40," ")) = 1, "Full Match", IF( SUMPRODUCT(--ISNUMBER(SEARCH(_xlfn.TEXTSPLIT(D40," "), G40))) / COUNTA(_xlfn.TEXTSPLIT(D40," ")) > 0.5, "Partial Match", "No Match" ) )} -> No Match
A41: <Investigational drug Name> | C41: Inline | D41: ABC-123 | E41: Mock_CSR_Protocol.docx | F41: Insert the investigational drug name in a concise inline format. | G41: ABC-123 | I41: {=_xldudf_BOARDFLARE_FMATCH(G41,D41)} -> #NAME? | J41: =IF(M41>O41, M41,O41) -> #VALUE! | L41: {=_xldudf_BOARDFLARE_FMATCH(G41,D41)} -> #NAME? | M41: {=_FV(L41,"Similarity",TRUE)} -> #VALUE! | N41: {=_xldudf_BOARDFLARE_FMATCH(D41,G41)} -> #NAME? | O41: {=_FV(N41,"Similarity",TRUE)} -> #VALUE! | AK41: {=IF( SUMPRODUCT(--ISNUMBER(SEARCH(_xlfn.TEXTSPLIT(D41," "), G41))) / COUNTA(_xlfn.TEXTSPLIT(D41," ")) = 1, "Full Match", IF( SUMPRODUCT(--ISNUMBER(SEARCH(_xlfn.TEXTSPLIT(D41," "), G41))) / COUNTA(_xlfn.TEXTSPLIT(D41," ")) > 0.5, "Partial Match", "No Match" ) )} -> No Match
A42: <Name > | C42: KeyValue | D42: ABC-123 | E42: Mock_CSR_Protocol.docx | F42: Replace the placeholder with the relevant name if present; otherwise, leave blank. | I42: {=_xldudf_BOARDFLARE_FMATCH(G42,D42)} -> #NAME? | J42: =IF(M42>O42, M42,O42) -> #VALUE! | K42: {=IF( SUMPRODUCT(--ISNUMBER(SEARCH(_xlfn.TEXTSPLIT(D42," "), G42))) / COUNTA(_xlfn.TEXTSPLIT(D42," ")) = 1, "Full Match", IF( SUMPRODUCT(--ISNUMBER(SEARCH(_xlfn.TEXTSPLIT(D42," "), G42))) / COUNTA(_xlfn.TEXTSPLIT(D42," ")) > 0.5, "Partial Match", "No Match" ) )} -> No Match | L42: {=_xldudf_BOARDFLARE_FMATCH(G42,D42)} -> #NAME? | M42: {=_FV(L42,"Similarity",TRUE)} -> #VALUE! | N42: {=_xldudf_BOARDFLARE_FMATCH(D42,G42)} -> #NAME? | O42: {=_FV(N42,"Similarity",TRUE)} -> #VALUE!
A43: <Dosage Formulation> | C43: KeyValue | D43: Injectable solution | E43: Mock_CSR_Protocol.docx | I43: {=_xldudf_BOARDFLARE_FMATCH(G43,D43)} -> #NAME? | J43: =IF(M43>O43, M43,O43) -> #VALUE! | K43: {=IF( SUMPRODUCT(--ISNUMBER(SEARCH(_xlfn.TEXTSPLIT(D43," "), G43))) / COUNTA(_xlfn.TEXTSPLIT(D43," ")) = 1, "Full Match", IF( SUMPRODUCT(--ISNUMBER(SEARCH(_xlfn.TEXTSPLIT(D43," "), G43))) / COUNTA(_xlfn.TEXTSPLIT(D43," ")) > 0.5, "Partial Match", "No Match" ) )} -> No Match | L43: {=_xldudf_BOARDFLARE_FMATCH(G43,D43)} -> #NAME? | M43: {=_FV(L43,"Similarity",TRUE)} -> #VALUE! | N43: {=_xldudf_BOARDFLARE_FMATCH(D43,G43)} -> #NAME? | O43: {=_FV(N43,"Similarity",TRUE)} -> #VALUE!
A44: <Unit Dose strength (s)> | C44: KeyValue | D44: 150 mg/mL | E44: Mock_CSR_Protocol.docx | I44: {=_xldudf_BOARDFLARE_FMATCH(G44,D44)} -> #NAME? | J44: =IF(M44>O44, M44,O44) -> #VALUE! | K44: {=IF( SUMPRODUCT(--ISNUMBER(SEARCH(_xlfn.TEXTSPLIT(D44," "), G44))) / COUNTA(_xlfn.TEXTSPLIT(D44," ")) = 1, "Full Match", IF( SUMPRODUCT(--ISNUMBER(SEARCH(_xlfn.TEXTSPLIT(D44," "), G44))) / COUNTA(_xlfn.TEXTSPLIT(D44," ")) > 0.5, "Partial Match", "No Match" ) )} -> No Match | L44: {=_xldudf_BOARDFLARE_FMATCH(G44,D44)} -> #NAME? | M44: {=_FV(L44,"Similarity",TRUE)} -> #VALUE! | N44: {=_xldudf_BOARDFLARE_FMATCH(D44,G44)} -> #NAME? | O44: {=_FV(N44,"Similarity",TRUE)} -> #VALUE!
A45: <Dose level> | F45: State the dose level for the study, matching the format and detail provided in context. | G45: 5 mg (proposed starting dose level for SAD), with approximate half-log escalations. | I45: {=_xldudf_BOARDFLARE_FMATCH(G45,D45)} -> #NAME? | J45: =IF(M45>O45, M45,O45) -> #VALUE! | K45: {=IF( SUMPRODUCT(--ISNUMBER(SEARCH(_xlfn.TEXTSPLIT(D45," "), G45))) / COUNTA(_xlfn.TEXTSPLIT(D45," ")) = 1, "Full Match", IF( SUMPRODUCT(--ISNUMBER(SEARCH(_xlfn.TEXTSPLIT(D45," "), G45))) / COUNTA(_xlfn.TEXTSPLIT(D45," ")) > 0.5, "Partial Match", "No Match" ) )} -> No Match | L45: {=_xldudf_BOARDFLARE_FMATCH(G45,D45)} -> #NAME? | M45: {=_FV(L45,"Similarity",TRUE)} -> #VALUE! | N45: {=_xldudf_BOARDFLARE_FMATCH(D45,G45)} -> #NAME? | O45: {=_FV(N45,"Similarity",TRUE)} -> #VALUE!
A46: <Route of Administration > | C46: KeyValue | D46: Subcutaneous | E46: Mock_CSR_Protocol.docx | G46: subcutaneous | I46: {=_xldudf_BOARDFLARE_FMATCH(G46,D46)} -> #NAME? | J46: =IF(M46>O46, M46,O46) -> #VALUE! | K46: {=IF( SUMPRODUCT(--ISNUMBER(SEARCH(_xlfn.TEXTSPLIT(D46," "), G46))) / COUNTA(_xlfn.TEXTSPLIT(D46," ")) = 1, "Full Match", IF( SUMPRODUCT(--ISNUMBER(SEARCH(_xlfn.TEXTSPLIT(D46," "), G46))) / COUNTA(_xlfn.TEXTSPLIT(D46," ")) > 0.5, "Partial Match", "No Match" ) )} -> No Match | L46: {=_xldudf_BOARDFLARE_FMATCH(G46,D46)} -> #NAME? | M46: {=_FV(L46,"Similarity",TRUE)} -> #VALUE! | N46: {=_xldudf_BOARDFLARE_FMATCH(D46,G46)} -> #NAME? | O46: {=_FV(N46,"Similarity",TRUE)} -> #VALUE!
A47: <Number of injections and volume > | C47: KeyValue | D47: Proposed dose level: 150 mg every other week for 3 doses (to be confirmed based on SAD data) | E47: Mock_CSR_Protocol.docx | I47: {=_xldudf_BOARDFLARE_FMATCH(G47,D47)} -> #NAME? | J47: =IF(M47>O47, M47,O47) -> #VALUE! | K47: {=IF( SUMPRODUCT(--ISNUMBER(SEARCH(_xlfn.TEXTSPLIT(D47," "), G47))) / COUNTA(_xlfn.TEXTSPLIT(D47," ")) = 1, "Full Match", IF( SUMPRODUCT(--ISNUMBER(SEARCH(_xlfn.TEXTSPLIT(D47," "), G47))) / COUNTA(_xlfn.TEXTSPLIT(D47," ")) > 0.5, "Partial Match", "No Match" ) )} -> No Match | L47: {=_xldudf_BOARDFLARE_FMATCH(G47,D47)} -> #NAME? | M47: {=_FV(L47,"Similarity",TRUE)} -> #VALUE! | N47: {=_xldudf_BOARDFLARE_FMATCH(D47,G47)} -> #NAME? | O47: {=_FV(N47,"Similarity",TRUE)} -> #VALUE!
A48: <Packaging and Labelling> | C48: KeyValue | D48: ABC-123 will be provided in glass vials. Each vial will be labeled as required per FDA requirements. | E48: Mock_CSR_Protocol.docx | I48: {=_xldudf_BOARDFLARE_FMATCH(G48,D48)} -> #NAME? | J48: =IF(M48>O48, M48,O48) -> #VALUE! | K48: {=IF( SUMPRODUCT(--ISNUMBER(SEARCH(_xlfn.TEXTSPLIT(D48," "), G48))) / COUNTA(_xlfn.TEXTSPLIT(D48," ")) = 1, "Full Match", IF( SUMPRODUCT(--ISNUMBER(SEARCH(_xlfn.TEXTSPLIT(D48," "), G48))) / COUNTA(_xlfn.TEXTSPLIT(D48," ")) > 0.5, "Partial Match", "No Match" ) )} -> No Match | L48: {=_xldudf_BOARDFLARE_FMATCH(G48,D48)} -> #NAME? | M48: {=_FV(L48,"Similarity",TRUE)} -> #VALUE! | N48: {=_xldudf_BOARDFLARE_FMATCH(D48,G48)} -> #NAME? | O48: {=_FV(N48,"Similarity",TRUE)} -> #VALUE!
A49: <Lot Number> | C49: KeyValue | F49: Provide the lot number in a concise format if present; otherwise, return no replacement. | I49: {=_xldudf_BOARDFLARE_FMATCH(G49,D49)} -> #NAME? | J49: =IF(M49>O49, M49,O49) -> #VALUE! | K49: {=IF( SUMPRODUCT(--ISNUMBER(SEARCH(_xlfn.TEXTSPLIT(D49," "), G49))) / COUNTA(_xlfn.TEXTSPLIT(D49," ")) = 1, "Full Match", IF( SUMPRODUCT(--ISNUMBER(SEARCH(_xlfn.TEXTSPLIT(D49," "), G49))) / COUNTA(_xlfn.TEXTSPLIT(D49," ")) > 0.5, "Partial Match", "No Match" ) )} -> No Match | L49: {=_xldudf_BOARDFLARE_FMATCH(G49,D49)} -> #NAME? | M49: {=_FV(L49,"Similarity",TRUE)} -> #VALUE! | N49: {=_xldudf_BOARDFLARE_FMATCH(D49,G49)} -> #NAME? | O49: {=_FV(N49,"Similarity",TRUE)} -> #VALUE!
A50: <Manufacturer> | C50: KeyValue | F50: Provide the manufacturer's name in a concise format. | I50: {=_xldudf_BOARDFLARE_FMATCH(G50,D50)} -> #NAME? | J50: =IF(M50>O50, M50,O50) -> #VALUE! | K50: {=IF( SUMPRODUCT(--ISNUMBER(SEARCH(_xlfn.TEXTSPLIT(D50," "), G50))) / COUNTA(_xlfn.TEXTSPLIT(D50," ")) = 1, "Full Match", IF( SUMPRODUCT(--ISNUMBER(SEARCH(_xlfn.TEXTSPLIT(D50," "), G50))) / COUNTA(_xlfn.TEXTSPLIT(D50," ")) > 0.5, "Partial Match", "No Match" ) )} -> No Match | L50: {=_xldudf_BOARDFLARE_FMATCH(G50,D50)} -> #NAME? | M50: {=_FV(L50,"Similarity",TRUE)} -> #VALUE! | N50: {=_xldudf_BOARDFLARE_FMATCH(D50,G50)} -> #NAME? | O50: {=_FV(N50,"Similarity",TRUE)} -> #VALUE!
A51: <Storage> | C51: Paragraph | D51: ≤ -60°C freezer in accordance with the labeled storage conditions with access limited to the Investigator and authorized site staff | E51: Mock_CSR_Protocol.docx | F51: Provide the storage information in a concise, inline format, matching the placeholder style. | I51: {=_xldudf_BOARDFLARE_FMATCH(G51,D51)} -> #NAME? | J51: =IF(M51>O51, M51,O51) -> #VALUE! | K51: {=IF( SUMPRODUCT(--ISNUMBER(SEARCH(_xlfn.TEXTSPLIT(D51," "), G51))) / COUNTA(_xlfn.TEXTSPLIT(D51," ")) = 1, "Full Match", IF( SUMPRODUCT(--ISNUMBER(SEARCH(_xlfn.TEXTSPLIT(D51," "), G51))) / COUNTA(_xlfn.TEXTSPLIT(D51," ")) > 0.5, "Partial Match", "No Match" ) )} -> No Match | L51: {=_xldudf_BOARDFLARE_FMATCH(G51,D51)} -> #NAME? | M51: {=_FV(L51,"Similarity",TRUE)} -> #VALUE! | N51: {=_xldudf_BOARDFLARE_FMATCH(D51,G51)} -> #NAME? | O51: {=_FV(N51,"Similarity",TRUE)} -> #VALUE! | AE51: yes | AF51: NA | AG51: =AE51=AF51 -> FALSE | AH51: {=SUMPRODUCT(--ISNUMBER(SEARCH(_xlfn.TEXTSPLIT(D51," "), G51))) / COUNTA(_xlfn.TEXTSPLIT(D51," "))} -> 0 | AI51: {=IF( SUMPRODUCT(--ISNUMBER(SEARCH(_xlfn.TEXTSPLIT(D51," "), G51))) / COUNTA(_xlfn.TEXTSPLIT(D51," ")) = 1, "Full Match", IF( SUMPRODUCT(--ISNUMBER(SEARCH(_xlfn.TEXTSPLIT(D51," "), G51))) / COUNTA(_xlfn.TEXTSPLIT(D51," ")) > 0.5, "Partial Match", "No Match" ) )} -> No Match
A52: <Protocol Number> | C52: Inline | D52: SKY-2000-101 | E52: Mock_CSR_Protocol.docx | F52: Insert the protocol number in the format used in the source protocol document. | G52: SKY-2000-101 | I52: {=_xldudf_BOARDFLARE_FMATCH(G52,D52)} -> #NAME? | J52: =IF(M52>O52, M52,O52) -> #VALUE! | L52: {=_xldudf_BOARDFLARE_FMATCH(G52,D52)} -> #NAME? | M52: {=_FV(L52,"Similarity",TRUE)} -> #VALUE! | N52: {=_xldudf_BOARDFLARE_FMATCH(D52,G52)} -> #NAME? | O52: {=_FV(N52,"Similarity",TRUE)} -> #VALUE! | AK52: {=IF( SUMPRODUCT(--ISNUMBER(SEARCH(_xlfn.TEXTSPLIT(D52," "), G52))) / COUNTA(_xlfn.TEXTSPLIT(D52," ")) = 1, "Full Match", IF( SUMPRODUCT(--ISNUMBER(SEARCH(_xlfn.TEXTSPLIT(D52," "), G52))) / COUNTA(_xlfn.TEXTSPLIT(D52," ")) > 0.5, "Partial Match", "No Match" ) )} -> No Match
A53: <Version X.0> | C53: Inline | F53: Provide the protocol version number in the format 'Version X.0' if available. | G53: Appendix 16.1.1 | I53: {=_xldudf_BOARDFLARE_FMATCH(G53,D53)} -> #NAME? | J53: =IF(M53>O53, M53,O53) -> #VALUE! | L53: {=_xldudf_BOARDFLARE_FMATCH(G53,D53)} -> #NAME? | M53: {=_FV(L53,"Similarity",TRUE)} -> #VALUE! | N53: {=_xldudf_BOARDFLARE_FMATCH(D53,G53)} -> #NAME? | O53: {=_FV(N53,"Similarity",TRUE)} -> #VALUE! | AK53: {=IF( SUMPRODUCT(--ISNUMBER(SEARCH(_xlfn.TEXTSPLIT(D53," "), G53))) / COUNTA(_xlfn.TEXTSPLIT(D53," ")) = 1, "Full Match", IF( SUMPRODUCT(--ISNUMBER(SEARCH(_xlfn.TEXTSPLIT(D53," "), G53))) / COUNTA(_xlfn.TEXTSPLIT(D53," ")) > 0.5, "Partial Match", "No Match" ) )} -> No Match
A54: <Method of Assigning Patients to Treatment Groups> | C54: Paragraph | D54: A total of 36 subjects were enrolled in the study, with 24 assigned to the Treatment group and 12 to the Placebo group. At the time of analysis, 31 subjects (86.1%) remained ongoing in the study and on treatment (87.5% in the Treatment group and 83.3% in the Placebo group). Five subjects (13.9%) discontinued study treatment, three (12.5%) from the Treatment group and two (16.7%) from the Placebo group. The reasons for treatment discontinuation included adverse events (n=2, Treatment group), progressive disease (n=1, Treatment group), patient withdrawal of informed consent (n=1, Placebo group), and other reasons (n=1, Placebo group). | E54: Mock_CSR Key messages_with_heading.docx | G54: Participants were assigned to either the active treatment or placebo group according to a randomization schedule prepared by an unblinded statistician, ensuring allocation concealment and maintenance of the study blind | I54: {=_xldudf_BOARDFLARE_FMATCH(G54,D54)} -> #NAME? | J54: =IF(M54>O54, M54,O54) -> #VALUE! | K54: {=IF( SUMPRODUCT(--ISNUMBER(SEARCH(_xlfn.TEXTSPLIT(D54," "), G54))) / COUNTA(_xlfn.TEXTSPLIT(D54," ")) = 1, "Full Match", IF( SUMPRODUCT(--ISNUMBER(SEARCH(_xlfn.TEXTSPLIT(D54," "), G54))) / COUNTA(_xlfn.TEXTSPLIT(D54," ")) > 0.5, "Partial Match", "No Match" ) )} -> No Match | L54: {=_xldudf_BOARDFLARE_FMATCH(G54,D54)} -> #NAME? | M54: {=_FV(L54,"Similarity",TRUE)} -> #VALUE! | N54: {=_xldudf_BOARDFLARE_FMATCH(D54,G54)} -> #NAME? | O54: {=_FV(N54,"Similarity",TRUE)} -> #VALUE! | AE54: yes | AF54: yes | AG54: =AE54=AF54 -> TRUE | AH54: {=SUMPRODUCT(--ISNUMBER(SEARCH(_xlfn.TEXTSPLIT(D54," "), G54))) / COUNTA(_xlfn.TEXTSPLIT(D54," "))} -> 0 | AI54: {=IF( SUMPRODUCT(--ISNUMBER(SEARCH(_xlfn.TEXTSPLIT(D54," "), G54))) / COUNTA(_xlfn.TEXTSPLIT(D54," ")) = 1, "Full Match", IF( SUMPRODUCT(--ISNUMBER(SEARCH(_xlfn.TEXTSPLIT(D54," "), G54))) / COUNTA(_xlfn.TEXTSPLIT(D54," ")) > 0.5, "Partial Match", "No Match" ) )} -> No Match
A55: <Selection of Doses in the Study> | C55: Paragraph | G55: Dose selection in this study is based on safety, tolerability, and pharmacokinetic (PK) data obtained during the single ascending dose (SAD) phase. The planned dose increments during the SAD phase will not exceed half-log steps (approximately 3.3-fold). For the repeat-dose cohort, the selected dose will not exceed 50% of a dose previously shown to be safe and well tolerated in the SAD cohort, accounting for anticipated accumulation. The final dose and regimen will be determined by ongoing safety and PK findings | I55: {=_xldudf_BOARDFLARE_FMATCH(G55,D55)} -> #NAME? | J55: =IF(M55>O55, M55,O55) -> #VALUE! | K55: {=IF( SUMPRODUCT(--ISNUMBER(SEARCH(_xlfn.TEXTSPLIT(D55," "), G55))) / COUNTA(_xlfn.TEXTSPLIT(D55," ")) = 1, "Full Match", IF( SUMPRODUCT(--ISNUMBER(SEARCH(_xlfn.TEXTSPLIT(D55," "), G55))) / COUNTA(_xlfn.TEXTSPLIT(D55," ")) > 0.5, "Partial Match", "No Match" ) )} -> No Match | L55: {=_xldudf_BOARDFLARE_FMATCH(G55,D55)} -> #NAME? | M55: {=_FV(L55,"Similarity",TRUE)} -> #VALUE! | N55: {=_xldudf_BOARDFLARE_FMATCH(D55,G55)} -> #NAME? | O55: {=_FV(N55,"Similarity",TRUE)} -> #VALUE! | AF55: yes | AG55: =AE55=AF55 -> FALSE | AH55: {=SUMPRODUCT(--ISNUMBER(SEARCH(_xlfn.TEXTSPLIT(D55," "), G55))) / COUNTA(_xlfn.TEXTSPLIT(D55," "))} -> 0 | AI55: {=IF( SUMPRODUCT(--ISNUMBER(SEARCH(_xlfn.TEXTSPLIT(D55," "), G55))) / COUNTA(_xlfn.TEXTSPLIT(D55," ")) = 1, "Full Match", IF( SUMPRODUCT(--ISNUMBER(SEARCH(_xlfn.TEXTSPLIT(D55," "), G55))) / COUNTA(_xlfn.TEXTSPLIT(D55," ")) > 0.5, "Partial Match", "No Match" ) )} -> No Match
A56: <Selection and Timing of Dose for Each Participant> | C56: Paragraph | F56: Summarize the protocol's approach to dose selection and timing for each participant, referencing escalation and safety review procedures. | G56: Dose selection for each participant in the study will be based on available clinical, laboratory safety, and pharmacokinetic data from previously dosed cohorts. During the SAD phase, dose increments will not exceed half-log (approximately 3.3-fold) increases. Further details on dose selection and modifications are provided in the protocol. The timing and escalation of doses are designed to ensure participant safety and to optimize the assessment of ABC-123 in both healthy volunteers and participants with boneitis. | I56: {=_xldudf_BOARDFLARE_FMATCH(G56,D56)} -> #NAME? | J56: =IF(M56>O56, M56,O56) -> #VALUE! | K56: {=IF( SUMPRODUCT(--ISNUMBER(SEARCH(_xlfn.TEXTSPLIT(D56," "), G56))) / COUNTA(_xlfn.TEXTSPLIT(D56," ")) = 1, "Full Match", IF( SUMPRODUCT(--ISNUMBER(SEARCH(_xlfn.TEXTSPLIT(D56," "), G56))) / COUNTA(_xlfn.TEXTSPLIT(D56," ")) > 0.5, "Partial Match", "No Match" ) )} -> No Match | L56: {=_xldudf_BOARDFLARE_FMATCH(G56,D56)} -> #NAME? | M56: {=_FV(L56,"Similarity",TRUE)} -> #VALUE! | N56: {=_xldudf_BOARDFLARE_FMATCH(D56,G56)} -> #NAME? | O56: {=_FV(N56,"Similarity",TRUE)} -> #VALUE! | AF56: yes | AG56: =AE56=AF56 -> FALSE | AH56: {=SUMPRODUCT(--ISNUMBER(SEARCH(_xlfn.TEXTSPLIT(D56," "), G56))) / COUNTA(_xlfn.TEXTSPLIT(D56," "))} -> 0 | AI56: {=IF( SUMPRODUCT(--ISNUMBER(SEARCH(_xlfn.TEXTSPLIT(D56," "), G56))) / COUNTA(_xlfn.TEXTSPLIT(D56," ")) = 1, "Full Match", IF( SUMPRODUCT(--ISNUMBER(SEARCH(_xlfn.TEXTSPLIT(D56," "), G56))) / COUNTA(_xlfn.TEXTSPLIT(D56," ")) > 0.5, "Partial Match", "No Match" ) )} -> No Match
A57: <Blinding> | C57: Paragraph | D57: The treatment assignment should be unblinded at the clinic only in the case of an emergency, when knowledge of the study intervention assignment is absolutely necessary for the clinical management or welfare of the participant, or where necessary to determine if dose-limiting toxicity (DLT) criteria have been met (Section 6.6.1). Breaking of the blind at the clinic under any other circumstances will be considered a protocol deviation. The Investigator is strongly encouraged to contact the Sponsor before unblinding the study intervention assignment prior to the scheduled assessment of tolerance and safety data unless there is an urgent safety issue that must be addressed as a priority. If the blind is broken for any reason, the Investigator must notify the Sponsor within 24 hours, and an SAE form must be completed, if appropriate. In addition, the Investigator will record the date and reason for revealing the blinded study intervention assignment for that participant in the source documents and appropriate electronic case report form (eCRF) page(s). | E57: Mock_CSR_Protocol.docx | F57: Summarize the blinding procedures and criteria for unblinding in the study. | G57: The study is conducted in a double-blind manner, with participants assigned to either active treatment or placebo based on a randomization schedule prepared by an unblinded statistician. Blinding is maintained throughout the study, and treatment assignments are only unblinded in emergencies when knowledge of the intervention is necessary for clinical management or to assess dose-limiting toxicity. Any unblinding outside these circumstances is considered a protocol deviation, and the Sponsor must be notified within 24 hours if the blind is broken. | I57: {=_xldudf_BOARDFLARE_FMATCH(G57,D57)} -> #NAME? | J57: =IF(M57>O57, M57,O57) -> #VALUE! | K57: {=IF( SUMPRODUCT(--ISNUMBER(SEARCH(_xlfn.TEXTSPLIT(D57," "), G57))) / COUNTA(_xlfn.TEXTSPLIT(D57," ")) = 1, "Full Match", IF( SUMPRODUCT(--ISNUMBER(SEARCH(_xlfn.TEXTSPLIT(D57," "), G57))) / COUNTA(_xlfn.TEXTSPLIT(D57," ")) > 0.5, "Partial Match", "No Match" ) )} -> No Match | L57: {=_xldudf_BOARDFLARE_FMATCH(G57,D57)} -> #NAME? | M57: {=_FV(L57,"Similarity",TRUE)} -> #VALUE! | N57: {=_xldudf_BOARDFLARE_FMATCH(D57,G57)} -> #NAME? | O57: {=_FV(N57,"Similarity",TRUE)} -> #VALUE! | AE57: yes | AF57: yes | AG57: =AE57=AF57 -> TRUE | AH57: {=SUMPRODUCT(--ISNUMBER(SEARCH(_xlfn.TEXTSPLIT(D57," "), G57))) / COUNTA(_xlfn.TEXTSPLIT(D57," "))} -> 0 | AI57: {=IF( SUMPRODUCT(--ISNUMBER(SEARCH(_xlfn.TEXTSPLIT(D57," "), G57))) / COUNTA(_xlfn.TEXTSPLIT(D57," ")) = 1, "Full Match", IF( SUMPRODUCT(--ISNUMBER(SEARCH(_xlfn.TEXTSPLIT(D57," "), G57))) / COUNTA(_xlfn.TEXTSPLIT(D57," ")) > 0.5, "Partial Match", "No Match" ) )} -> No Match
A58: <Prohibited Medication> | C58: Paragraph | D58: This study will collect samples for biomarker assessments in all participants (where not prohibited by local regulations). For biomarker assessments, whole blood, serum, and plasma will be collected from all enrolled participants (where not prohibited by local regulations or policies). The results may help to inform dose selection, monitor baseline and post-treatment responses, and possibly further characterize the mechanism of action and/or determine potential prognostic and/or predictive biomarkers to assist in any research related to ABC-123, boneitis, and for potential diagnostic development. Based on emerging data or for operational reasons, certain samples may not be collected and/or analyzed. All analyses will be conducted by the | E58: Mock_CSR_Protocol.docx | F58: Summarize the study's restrictions on prohibited medications, including exceptions and cohort-specific requirements. | G58: Use of any prescription or nonprescription medications or nutritional products, including vitamins (except ongoing multivitamin supplement), minerals, and herbal or plant-derived preparations, is not permitted from Screening until the end of the study for SAD cohorts, unless deemed acceptable by the Investigator. For repeat-dose cohorts, participants will continue their usual boneitis treatment, but concomitant medications for lurgi, sporadic invisibility, and Fink-Nottle syndrome must be stable for at least 30 days prior to Screening and may not be changed during the study unless approved by the Investigator. Saline, lidocaine, or other medications required by study procedures are permitted at the Investigator’s discretion. Paracetamol/acetaminophen (up to 2 g/day for 3 consecutive days) is allowed as needed. | I58: {=_xldudf_BOARDFLARE_FMATCH(G58,D58)} -> #NAME? | J58: =IF(M58>O58, M58,O58) -> #VALUE! | K58: {=IF( SUMPRODUCT(--ISNUMBER(SEARCH(_xlfn.TEXTSPLIT(D58," "), G58))) / COUNTA(_xlfn.TEXTSPLIT(D58," ")) = 1, "Full Match", IF( SUMPRODUCT(--ISNUMBER(SEARCH(_xlfn.TEXTSPLIT(D58," "), G58))) / COUNTA(_xlfn.TEXTSPLIT(D58," ")) > 0.5, "Partial Match", "No Match" ) )} -> No Match | L58: {=_xldudf_BOARDFLARE_FMATCH(G58,D58)} -> #NAME? | M58: {=_FV(L58,"Similarity",TRUE)} -> #VALUE! | N58: {=_xldudf_BOARDFLARE_FMATCH(D58,G58)} -> #NAME? | O58: {=_FV(N58,"Similarity",TRUE)} -> #VALUE! | AE58: yes | AF58: yes | AG58: =AE58=AF58 -> TRUE | AH58: {=SUMPRODUCT(--ISNUMBER(SEARCH(_xlfn.TEXTSPLIT(D58," "), G58))) / COUNTA(_xlfn.TEXTSPLIT(D58," "))} -> 0 | AI58: {=IF( SUMPRODUCT(--ISNUMBER(SEARCH(_xlfn.TEXTSPLIT(D58," "), G58))) / COUNTA(_xlfn.TEXTSPLIT(D58," ")) = 1, "Full Match", IF( SUMPRODUCT(--ISNUMBER(SEARCH(_xlfn.TEXTSPLIT(D58," "), G58))) / COUNTA(_xlfn.TEXTSPLIT(D58," ")) > 0.5, "Partial Match", "No Match" ) )} -> No Match
A59: <Concomitant Medication> | C59: Paragraph | D59: Study participants will continue to receive their usual boneitis treatment throughout the study. Concomitant medications for lurgi, sporadic invisibility, and Fink-Nottle syndrome must be stable for at least 30 days prior to Screening and may not be changed from time of Screening until end of study, unless deemed acceptable by the Investigator. Saline, lidocaine, or other medications required by study procedures are permitted at the Investigator’s discretion. Paracetamol/ acetaminophen (2 g/day for up to 3 consecutive days) is allowed as needed. | E59: Mock_CSR_Protocol.docx | F59: Summarize the policy and procedures for documenting and monitoring concomitant medication use during the study. | G59: All medications or vaccines, including over-the-counter or prescription drugs, vitamins, or herbal supplements, that participants are receiving at enrollment or during the study must be documented. This includes the reason for use, dates of administration (start and end), and dosage information (dose and frequency). Concomitant medication use will be monitored throughout the study, and any changes must be recorded as per protocol. | I59: {=_xldudf_BOARDFLARE_FMATCH(G59,D59)} -> #NAME? | J59: =IF(M59>O59, M59,O59) -> #VALUE! | K59: {=IF( SUMPRODUCT(--ISNUMBER(SEARCH(_xlfn.TEXTSPLIT(D59," "), G59))) / COUNTA(_xlfn.TEXTSPLIT(D59," ")) = 1, "Full Match", IF( SUMPRODUCT(--ISNUMBER(SEARCH(_xlfn.TEXTSPLIT(D59," "), G59))) / COUNTA(_xlfn.TEXTSPLIT(D59," ")) > 0.5, "Partial Match", "No Match" ) )} -> No Match | L59: {=_xldudf_BOARDFLARE_FMATCH(G59,D59)} -> #NAME? | M59: {=_FV(L59,"Similarity",TRUE)} -> #VALUE! | N59: {=_xldudf_BOARDFLARE_FMATCH(D59,G59)} -> #NAME? | O59: {=_FV(N59,"Similarity",TRUE)} -> #VALUE! | AE59: yes | AF59: yes | AG59: =AE59=AF59 -> TRUE | AH59: {=SUMPRODUCT(--ISNUMBER(SEARCH(_xlfn.TEXTSPLIT(D59," "), G59))) / COUNTA(_xlfn.TEXTSPLIT(D59," "))} -> 0 | AI59: {=IF( SUMPRODUCT(--ISNUMBER(SEARCH(_xlfn.TEXTSPLIT(D59," "), G59))) / COUNTA(_xlfn.TEXTSPLIT(D59," ")) = 1, "Full Match", IF( SUMPRODUCT(--ISNUMBER(SEARCH(_xlfn.TEXTSPLIT(D59," "), G59))) / COUNTA(_xlfn.TEXTSPLIT(D59," ")) > 0.5, "Partial Match", "No Match" ) )} -> No Match
A60: <Rescue Medication> | C60: Paragraph | D60: Not applicable. | F60: Provide a concise statement regarding the applicability of rescue medication as per the protocol context. | G60: Rescue medication is not applicable for this study. | I60: {=_xldudf_BOARDFLARE_FMATCH(G60,D60)} -> #NAME? | J60: =IF(M60>O60, M60,O60) -> #VALUE! | K60: {=IF( SUMPRODUCT(--ISNUMBER(SEARCH(_xlfn.TEXTSPLIT(D60," "), G60))) / COUNTA(_xlfn.TEXTSPLIT(D60," ")) = 1, "Full Match", IF( SUMPRODUCT(--ISNUMBER(SEARCH(_xlfn.TEXTSPLIT(D60," "), G60))) / COUNTA(_xlfn.TEXTSPLIT(D60," ")) > 0.5, "Partial Match", "No Match" ) )} -> No Match | L60: {=_xldudf_BOARDFLARE_FMATCH(G60,D60)} -> #NAME? | M60: {=_FV(L60,"Similarity",TRUE)} -> #VALUE! | N60: {=_xldudf_BOARDFLARE_FMATCH(D60,G60)} -> #NAME? | O60: {=_FV(N60,"Similarity",TRUE)} -> #VALUE! | AE60: no | AF60: yes | AG60: =AE60=AF60 -> FALSE | AH60: {=SUMPRODUCT(--ISNUMBER(SEARCH(_xlfn.TEXTSPLIT(D60," "), G60))) / COUNTA(_xlfn.TEXTSPLIT(D60," "))} -> 0 | AI60: {=IF( SUMPRODUCT(--ISNUMBER(SEARCH(_xlfn.TEXTSPLIT(D60," "), G60))) / COUNTA(_xlfn.TEXTSPLIT(D60," ")) = 1, "Full Match", IF( SUMPRODUCT(--ISNUMBER(SEARCH(_xlfn.TEXTSPLIT(D60," "), G60))) / COUNTA(_xlfn.TEXTSPLIT(D60," ")) > 0.5, "Partial Match", "No Match" ) )} -> No Match
A61: <Treatment Compliance> | C61: Paragraph | D61: Participants are to be dosed at the site and will receive study intervention directly from the Investigator or their designee, under medical supervision. The date and time of each dose administered in the clinic as well as the injection location will be recorded in the source documents and recorded in the eCRF. Study participant identification and the dose of study intervention will be confirmed at the time of dosing by the person administering the study intervention and by another member of the study site staff. 6.5. Concomitant Therapy | E61: Mock_CSR_Protocol.docx | F61: Summarize treatment compliance procedures, including randomization, blinding, emergency unblinding, and requirements for maintaining stable concomitant medications. | G61: Participants will continue their usual boneitis treatment throughout the study, with concomitant medications for lurgi, sporadic invisibility, and Fink-Nottle syndrome required to be stable for at least 30 days prior to Screening and unchanged until study end unless approved by the Investigator. Permitted medications such as saline, lidocaine, and paracetamol/acetaminophen may be used as needed. To maintain study blinding, treatment assignments are concealed from investigators and site staff, with unblinding permitted only in emergencies or when necessary for participant safety. | I61: {=_xldudf_BOARDFLARE_FMATCH(G61,D61)} -> #NAME? | J61: =IF(M61>O61, M61,O61) -> #VALUE! | K61: {=IF( SUMPRODUCT(--ISNUMBER(SEARCH(_xlfn.TEXTSPLIT(D61," "), G61))) / COUNTA(_xlfn.TEXTSPLIT(D61," ")) = 1, "Full Match", IF( SUMPRODUCT(--ISNUMBER(SEARCH(_xlfn.TEXTSPLIT(D61," "), G61))) / COUNTA(_xlfn.TEXTSPLIT(D61," ")) > 0.5, "Partial Match", "No Match" ) )} -> No Match | L61: {=_xldudf_BOARDFLARE_FMATCH(G61,D61)} -> #NAME? | M61: {=_FV(L61,"Similarity",TRUE)} -> #VALUE! | N61: {=_xldudf_BOARDFLARE_FMATCH(D61,G61)} -> #NAME? | O61: {=_FV(N61,"Similarity",TRUE)} -> #VALUE! | AE61: yes | AF61: yes | AG61: =AE61=AF61 -> TRUE | AH61: {=SUMPRODUCT(--ISNUMBER(SEARCH(_xlfn.TEXTSPLIT(D61," "), G61))) / COUNTA(_xlfn.TEXTSPLIT(D61," "))} -> 0 | AI61: {=IF( SUMPRODUCT(--ISNUMBER(SEARCH(_xlfn.TEXTSPLIT(D61," "), G61))) / COUNTA(_xlfn.TEXTSPLIT(D61," ")) = 1, "Full Match", IF( SUMPRODUCT(--ISNUMBER(SEARCH(_xlfn.TEXTSPLIT(D61," "), G61))) / COUNTA(_xlfn.TEXTSPLIT(D61," ")) > 0.5, "Partial Match", "No Match" ) )} -> No Match
A62: <Insert Applicable Restriction(s)> | C62: Paragraph | F62: Provide a concise heading summarizing applicable restrictions, laws, and guidelines relevant to the study. | G62: Applicable Restrictions | I62: {=_xldudf_BOARDFLARE_FMATCH(G62,D62)} -> #NAME? | J62: =IF(M62>O62, M62,O62) -> #VALUE! | K62: {=IF( SUMPRODUCT(--ISNUMBER(SEARCH(_xlfn.TEXTSPLIT(D62," "), G62))) / COUNTA(_xlfn.TEXTSPLIT(D62," ")) = 1, "Full Match", IF( SUMPRODUCT(--ISNUMBER(SEARCH(_xlfn.TEXTSPLIT(D62," "), G62))) / COUNTA(_xlfn.TEXTSPLIT(D62," ")) > 0.5, "Partial Match", "No Match" ) )} -> No Match | L62: {=_xldudf_BOARDFLARE_FMATCH(G62,D62)} -> #NAME? | M62: {=_FV(L62,"Similarity",TRUE)} -> #VALUE! | N62: {=_xldudf_BOARDFLARE_FMATCH(D62,G62)} -> #NAME? | O62: {=_FV(N62,"Similarity",TRUE)} -> #VALUE! | AF62: yes | AG62: =AE62=AF62 -> FALSE | AH62: {=SUMPRODUCT(--ISNUMBER(SEARCH(_xlfn.TEXTSPLIT(D62," "), G62))) / COUNTA(_xlfn.TEXTSPLIT(D62," "))} -> 0 | AI62: {=IF( SUMPRODUCT(--ISNUMBER(SEARCH(_xlfn.TEXTSPLIT(D62," "), G62))) / COUNTA(_xlfn.TEXTSPLIT(D62," ")) = 1, "Full Match", IF( SUMPRODUCT(--ISNUMBER(SEARCH(_xlfn.TEXTSPLIT(D62," "), G62))) / COUNTA(_xlfn.TEXTSPLIT(D62," ")) > 0.5, "Partial Match", "No Match" ) )} -> No Match
A63: <Table X> | C63: Inline | D63: Table 1 | E63: Mock_CSR_Protocol.docx | F63: Provide the most likely table number for the Schedule of Assessments, matching the placeholder's inline format. | G63: Table 14.1.1 | I63: {=_xldudf_BOARDFLARE_FMATCH(G63,D63)} -> #NAME? | J63: =IF(M63>O63, M63,O63) -> #VALUE! | L63: {=_xldudf_BOARDFLARE_FMATCH(G63,D63)} -> #NAME? | M63: {=_FV(L63,"Similarity",TRUE)} -> #VALUE! | N63: {=_xldudf_BOARDFLARE_FMATCH(D63,G63)} -> #NAME? | O63: {=_FV(N63,"Similarity",TRUE)} -> #VALUE! | AK63: {=IF( SUMPRODUCT(--ISNUMBER(SEARCH(_xlfn.TEXTSPLIT(D63," "), G63))) / COUNTA(_xlfn.TEXTSPLIT(D63," ")) = 1, "Full Match", IF( SUMPRODUCT(--ISNUMBER(SEARCH(_xlfn.TEXTSPLIT(D63," "), G63))) / COUNTA(_xlfn.TEXTSPLIT(D63," ")) > 0.5, "Partial Match", "No Match" ) )} -> No Match
A64: <Informed Consent> | C64: List | D64: ● The Investigator or his/her representative will explain the nature of the study to the participant or his/her legally authorized representative and answer all questions regarding the study. ● Participants must be informed that their participation is voluntary. Participants or their legally authorized representative will be required to sign a statement of informed consent that meets the requirements of 21 CFR 50, local regulations, ICH guidelines, Health Insurance Portability and Accountability Act (HIPAA) requirements, where applicable, and the IRB/IEC or study center. ● The medical record must include a statement that written informed consent was obtained before the participant was enrolled in the study and the date the written consent was obtained. The authorized person obtaining the informed consent must also sign the ICF. ● Participants must be re-consented to the most current version of the ICF(s) during their participation in the study. ● A copy of the ICF(s) must be provided to the participant or the participant’s legally authorized representative. | E64: Mock_CSR_Protocol.docx | F64: Summarize the informed consent process, including participant rights, documentation requirements, and regulatory standards. | G64: Participants or their legally authorized representatives must provide written informed consent before any study procedures are conducted. The consent process must comply with 21 CFR 50, local regulations, ICH guidelines, HIPAA requirements where applicable, and the requirements of the IRB/IEC or study center. The medical record must document that informed consent was obtained, including the date and the signature of the authorized person obtaining consent. Participants must be re-consented to the most current version of the informed consent form during the study, and a copy of the signed form must be provided to the participant or their representative. Additionally, participants must be informed that their participation is voluntary and that their personal study-related data will be used in accordance with local data protection law, with consent required for such use. | I64: {=_xldudf_BOARDFLARE_FMATCH(G64,D64)} -> #NAME? | J64: =IF(M64>O64, M64,O64) -> #VALUE! | K64: {=IF( SUMPRODUCT(--ISNUMBER(SEARCH(_xlfn.TEXTSPLIT(D64," "), G64))) / COUNTA(_xlfn.TEXTSPLIT(D64," ")) = 1, "Full Match", IF( SUMPRODUCT(--ISNUMBER(SEARCH(_xlfn.TEXTSPLIT(D64," "), G64))) / COUNTA(_xlfn.TEXTSPLIT(D64," ")) > 0.5, "Partial Match", "No Match" ) )} -> No Match | L64: {=_xldudf_BOARDFLARE_FMATCH(G64,D64)} -> #NAME? | M64: {=_FV(L64,"Similarity",TRUE)} -> #VALUE! | N64: {=_xldudf_BOARDFLARE_FMATCH(D64,G64)} -> #NAME? | O64: {=_FV(N64,"Similarity",TRUE)} -> #VALUE! | Z64: 5 | AA64: 5 | AC64: =IF(EXACT(Table11[[#This Row],[Expected Value]],Table11[[#This Row],[AI Replaced Text]]),"Match","Not Match") -> Not Match
A65: <Demographics> | C65: Table | D65: Parameter Statistics Treatment Placebo Total N=24 N=12 N=36 Age (years) n 24 12 36 Mean ±SD 48.33(20.60) 53.58(10.77) 57.00(11.36) Min, max 26, 67 30, 62 26, 27 Sex Male n (%) 13 (54.2) 7 (58.3) 20 (55.6) Female n (%) 11 (45.8) 5 (41.7) 16 (44.4) Race American Indian or Alaska Native n (%) 0 0 0 Asian n (%) 2 (8.3) 1 (8.3) 3 (8.3) Black or African American n (%) 0 0 0 Native Hawaiian or Other Pacific Islander n (%) 0 0 0 White n (%) 20 (83.4) 11 (91.7) 31(86.1) Other n (%) 2 (8.3) 0 2 (5.6) Not Reported n (%) 0 0 0 Ethnicity Hispanic or Latino n (%) 2 (8.3) 1 (8.3) 3 (8.3) Not Hispanic or Latino n (%) 20 (83.4) 11 (91.7) 31 (86.1) Not Reported n (%) 2 (8.3) 0 0 Unknown n (%) 0 0 0 | E65: Mock_CSR _Tables_30Oct25.rtf | F65: Write a brief paragraph referencing the location of the demographics data as summarized in the provided table. | G65: Demographics data are presented in Table 14.2.2 (Full Analysis Set). | I65: {=_xldudf_BOARDFLARE_FMATCH(G65,D65)} -> #NAME? | J65: =IF(M65>O65, M65,O65) -> #VALUE! | K65: {=IF( SUMPRODUCT(--ISNUMBER(SEARCH(_xlfn.TEXTSPLIT(D65," "), G65))) / COUNTA(_xlfn.TEXTSPLIT(D65," ")) = 1, "Full Match", IF( SUMPRODUCT(--ISNUMBER(SEARCH(_xlfn.TEXTSPLIT(D65," "), G65))) / COUNTA(_xlfn.TEXTSPLIT(D65," ")) > 0.5, "Partial Match", "No Match" ) )} -> No Match | L65: {=_xldudf_BOARDFLARE_FMATCH(G65,D65)} -> #NAME? | M65: {=_FV(L65,"Similarity",TRUE)} -> #VALUE! | N65: {=_xldudf_BOARDFLARE_FMATCH(D65,G65)} -> #NAME? | O65: {=_FV(N65,"Similarity",TRUE)} -> #VALUE! | Q65: 20 | R65: 5 | S65: Abbreviations: Max = maximum; Min = minimum; SD = standard deviation | T65: NA | U65: NA | V65: NA | W65: no | X65: {=IF( SUMPRODUCT(--ISNUMBER(SEARCH(_xlfn.TEXTSPLIT(D65," "), G65))) / COUNTA(_xlfn.TEXTSPLIT(D65," ")) = 1, "Full Match", IF( SUMPRODUCT(--ISNUMBER(SEARCH(_xlfn.TEXTSPLIT(D65," "), G65))) / COUNTA(_xlfn.TEXTSPLIT(D65," ")) > 0.5, "Partial Match", "No Match" ) )} -> No Match
A66: <Medical and Medication History> | C66: Paragraph | D66: Participants must be informed that their participation is voluntary. Participants or their legally authorized representative will be required to sign a statement of informed consent that meets the requirements of 21 CFR 50, local regulations, ICH guidelines, Health Insurance Portability and Accountability Act (HIPAA) requirements, where applicable, and the IRB/IEC or study center | E66: Mock_CSR_Protocol.docx | F66: Summarize the process for documenting medical and medication history, including review, recording, and handling of medical occurrences and AE history. | I66: {=_xldudf_BOARDFLARE_FMATCH(G66,D66)} -> #NAME? | J66: =IF(M66>O66, M66,O66) -> #VALUE! | K66: {=IF( SUMPRODUCT(--ISNUMBER(SEARCH(_xlfn.TEXTSPLIT(D66," "), G66))) / COUNTA(_xlfn.TEXTSPLIT(D66," ")) = 1, "Full Match", IF( SUMPRODUCT(--ISNUMBER(SEARCH(_xlfn.TEXTSPLIT(D66," "), G66))) / COUNTA(_xlfn.TEXTSPLIT(D66," ")) > 0.5, "Partial Match", "No Match" ) )} -> No Match | L66: {=_xldudf_BOARDFLARE_FMATCH(G66,D66)} -> #NAME? | M66: {=_FV(L66,"Similarity",TRUE)} -> #VALUE! | N66: {=_xldudf_BOARDFLARE_FMATCH(D66,G66)} -> #NAME? | O66: {=_FV(N66,"Similarity",TRUE)} -> #VALUE! | AE66: yes | AF66: NA | AG66: =AE66=AF66 -> FALSE | AH66: {=SUMPRODUCT(--ISNUMBER(SEARCH(_xlfn.TEXTSPLIT(D66," "), G66))) / COUNTA(_xlfn.TEXTSPLIT(D66," "))} -> 0 | AI66: {=IF( SUMPRODUCT(--ISNUMBER(SEARCH(_xlfn.TEXTSPLIT(D66," "), G66))) / COUNTA(_xlfn.TEXTSPLIT(D66," ")) = 1, "Full Match", IF( SUMPRODUCT(--ISNUMBER(SEARCH(_xlfn.TEXTSPLIT(D66," "), G66))) / COUNTA(_xlfn.TEXTSPLIT(D66," ")) > 0.5, "Partial Match", "No Match" ) )} -> No Match
A67: <Sampling Collection and Processing> | C67: Paragraph | D67: Blood samples for PK and biomarkers will be collected by venipuncture or cannulation at the times indicated in the SoA (Section 1.3). Furthermore, up to 3 additional blood samples may be taken from each participant per treatment period. Any changes to the scheduled times of PK assessments will be agreed with the Sponsor and documented in the Trial Master File (TMF). Procedures for collection, processing, and shipping of PK blood samples will be detailed in a separate document. | E67: Mock_CSR_Protocol.docx | F67: Summarize procedures for sample collection and processing, including timing, number of samples, and documentation. | G67: Blood samples for pharmacokinetics (PK) and biomarkers will be collected by venipuncture or cannulation at the times specified in the Schedule of Assessments (SoA). Up to three additional blood samples may be taken from each participant per treatment period. Any changes to the scheduled times of PK or pharmacodynamic (PD) assessments will be agreed with the Sponsor and documented in the Trial Master File. Procedures for collection, processing, and shipping of PK blood samples will be detailed in a separate document. | I67: {=_xldudf_BOARDFLARE_FMATCH(G67,D67)} -> #NAME? | J67: =IF(M67>O67, M67,O67) -> #VALUE! | K67: {=IF( SUMPRODUCT(--ISNUMBER(SEARCH(_xlfn.TEXTSPLIT(D67," "), G67))) / COUNTA(_xlfn.TEXTSPLIT(D67," ")) = 1, "Full Match", IF( SUMPRODUCT(--ISNUMBER(SEARCH(_xlfn.TEXTSPLIT(D67," "), G67))) / COUNTA(_xlfn.TEXTSPLIT(D67," ")) > 0.5, "Partial Match", "No Match" ) )} -> No Match | L67: {=_xldudf_BOARDFLARE_FMATCH(G67,D67)} -> #NAME? | M67: {=_FV(L67,"Similarity",TRUE)} -> #VALUE! | N67: {=_xldudf_BOARDFLARE_FMATCH(D67,G67)} -> #NAME? | O67: {=_FV(N67,"Similarity",TRUE)} -> #VALUE! | AE67: yes | AF67: yes | AG67: =AE67=AF67 -> TRUE | AH67: {=SUMPRODUCT(--ISNUMBER(SEARCH(_xlfn.TEXTSPLIT(D67," "), G67))) / COUNTA(_xlfn.TEXTSPLIT(D67," "))} -> 0 | AI67: {=IF( SUMPRODUCT(--ISNUMBER(SEARCH(_xlfn.TEXTSPLIT(D67," "), G67))) / COUNTA(_xlfn.TEXTSPLIT(D67," ")) = 1, "Full Match", IF( SUMPRODUCT(--ISNUMBER(SEARCH(_xlfn.TEXTSPLIT(D67," "), G67))) / COUNTA(_xlfn.TEXTSPLIT(D67," ")) > 0.5, "Partial Match", "No Match" ) )} -> No Match
A68: <Analytical Methodology> | C68: Paragraph | D68: Serum concentrations of ABC-123 will be determined using validated analytical procedures. Specifics of the analytical methods will be provided in separate documents. | E68: Mock_CSR_Protocol.docx | F68: Summarize the analytical methodology for serum concentration determination of ABC-123 using validated procedures. | G68: Serum concentrations of ABC-123 will be determined using validated analytical procedures. Specifics of the analytical methods will be provided in separate documents. | I68: {=_xldudf_BOARDFLARE_FMATCH(G68,D68)} -> #NAME? | J68: =IF(M68>O68, M68,O68) -> #VALUE! | K68: {=IF( SUMPRODUCT(--ISNUMBER(SEARCH(_xlfn.TEXTSPLIT(D68," "), G68))) / COUNTA(_xlfn.TEXTSPLIT(D68," ")) = 1, "Full Match", IF( SUMPRODUCT(--ISNUMBER(SEARCH(_xlfn.TEXTSPLIT(D68," "), G68))) / COUNTA(_xlfn.TEXTSPLIT(D68," ")) > 0.5, "Partial Match", "No Match" ) )} -> No Match | L68: {=_xldudf_BOARDFLARE_FMATCH(G68,D68)} -> #NAME? | M68: {=_FV(L68,"Similarity",TRUE)} -> #VALUE! | N68: {=_xldudf_BOARDFLARE_FMATCH(D68,G68)} -> #NAME? | O68: {=_FV(N68,"Similarity",TRUE)} -> #VALUE! | AE68: yes | AF68: yes | AG68: =AE68=AF68 -> TRUE | AH68: {=SUMPRODUCT(--ISNUMBER(SEARCH(_xlfn.TEXTSPLIT(D68," "), G68))) / COUNTA(_xlfn.TEXTSPLIT(D68," "))} -> 0 | AI68: {=IF( SUMPRODUCT(--ISNUMBER(SEARCH(_xlfn.TEXTSPLIT(D68," "), G68))) / COUNTA(_xlfn.TEXTSPLIT(D68," ")) = 1, "Full Match", IF( SUMPRODUCT(--ISNUMBER(SEARCH(_xlfn.TEXTSPLIT(D68," "), G68))) / COUNTA(_xlfn.TEXTSPLIT(D68," ")) > 0.5, "Partial Match", "No Match" ) )} -> No Match
A69: <Pharmacodynamic Assessments> | C69: Paragraph | D69: This study will collect samples for biomarker assessments in all participants (where not prohibited by local regulations). For biomarker assessments, whole blood, serum, and plasma will be collected from all enrolled participants (where not prohibited by local regulations or policies). The results may help to inform dose selection, monitor baseline and post-treatment responses, and possibly further characterize the mechanism of action and/or determine potential prognostic and/or predictive biomarkers to assist in any research related to ABC-123, boneitis, and for potential diagnostic development. Based on emerging data or for operational reasons, certain samples may not be collected and/or analyzed. All analyses will be conducted by the | E69: Mock_CSR_Protocol.docx | F69: Summarize the pharmacodynamic assessment procedures, including sample collection, purpose, and analysis for ABC-123. | G69: This study will collect whole blood, serum, and plasma samples from all enrolled participants, where not prohibited by local regulations, for biomarker assessments. These pharmacodynamic assessments aim to inform dose selection, monitor baseline and post-treatment responses, and may help further characterize the mechanism of action or identify potential prognostic and predictive biomarkers relevant to ABC-123 and boneitis. Sample collection and analysis may be adjusted based on emerging data or operational needs, and all analyses will be conducted by the Sponsor or their designee. | I69: {=_xldudf_BOARDFLARE_FMATCH(G69,D69)} -> #NAME? | J69: =IF(M69>O69, M69,O69) -> #VALUE! | K69: {=IF( SUMPRODUCT(--ISNUMBER(SEARCH(_xlfn.TEXTSPLIT(D69," "), G69))) / COUNTA(_xlfn.TEXTSPLIT(D69," ")) = 1, "Full Match", IF( SUMPRODUCT(--ISNUMBER(SEARCH(_xlfn.TEXTSPLIT(D69," "), G69))) / COUNTA(_xlfn.TEXTSPLIT(D69," ")) > 0.5, "Partial Match", "No Match" ) )} -> No Match | L69: {=_xldudf_BOARDFLARE_FMATCH(G69,D69)} -> #NAME? | M69: {=_FV(L69,"Similarity",TRUE)} -> #VALUE! | N69: {=_xldudf_BOARDFLARE_FMATCH(D69,G69)} -> #NAME? | O69: {=_FV(N69,"Similarity",TRUE)} -> #VALUE! | AE69: yes | AF69: yes | AG69: =AE69=AF69 -> TRUE | AH69: {=SUMPRODUCT(--ISNUMBER(SEARCH(_xlfn.TEXTSPLIT(D69," "), G69))) / COUNTA(_xlfn.TEXTSPLIT(D69," "))} -> 0 | AI69: {=IF( SUMPRODUCT(--ISNUMBER(SEARCH(_xlfn.TEXTSPLIT(D69," "), G69))) / COUNTA(_xlfn.TEXTSPLIT(D69," ")) = 1, "Full Match", IF( SUMPRODUCT(--ISNUMBER(SEARCH(_xlfn.TEXTSPLIT(D69," "), G69))) / COUNTA(_xlfn.TEXTSPLIT(D69," ")) > 0.5, "Partial Match", "No Match" ) )} -> No Match
A70: <Exploratory Biomarkers> | C70: Paragraph | D70: Blood sampling will be conducted for analysis of exploratory PD and safety biomarkers. The timings of all PD assessments to be performed during the study are indicated in the SoA (Section 1.3) and may be subject to change based on the ongoing review of the data. Furthermore, up to 3 additional blood samples may be taken from each participant per treatment period (where applicable). Any changes to the scheduled times of PD assessments will be agreed with the Sponsor and documented in the TMF | E70: Mock_CSR_Protocol.docx | F70: Summarize the protocol for exploratory biomarker collection and assessment during the study. | G70: Blood sampling will be conducted to analyze exploratory pharmacodynamic (PD) and safety biomarkers. The timing of all PD assessments during the study is detailed in the Schedule of Assessments and may be adjusted based on ongoing data review. Up to three additional blood samples may be collected from each participant per treatment period if needed. Any changes to the scheduled times for PD assessments will be agreed upon with the Sponsor and documented in the Trial Master File (TMF). | I70: {=_xldudf_BOARDFLARE_FMATCH(G70,D70)} -> #NAME? | J70: =IF(M70>O70, M70,O70) -> #VALUE! | K70: {=IF( SUMPRODUCT(--ISNUMBER(SEARCH(_xlfn.TEXTSPLIT(D70," "), G70))) / COUNTA(_xlfn.TEXTSPLIT(D70," ")) = 1, "Full Match", IF( SUMPRODUCT(--ISNUMBER(SEARCH(_xlfn.TEXTSPLIT(D70," "), G70))) / COUNTA(_xlfn.TEXTSPLIT(D70," ")) > 0.5, "Partial Match", "No Match" ) )} -> No Match | L70: {=_xldudf_BOARDFLARE_FMATCH(G70,D70)} -> #NAME? | M70: {=_FV(L70,"Similarity",TRUE)} -> #VALUE! | N70: {=_xldudf_BOARDFLARE_FMATCH(D70,G70)} -> #NAME? | O70: {=_FV(N70,"Similarity",TRUE)} -> #VALUE! | AE70: yes | AF70: yes | AG70: =AE70=AF70 -> TRUE | AH70: {=SUMPRODUCT(--ISNUMBER(SEARCH(_xlfn.TEXTSPLIT(D70," "), G70))) / COUNTA(_xlfn.TEXTSPLIT(D70," "))} -> 0 | AI70: {=IF( SUMPRODUCT(--ISNUMBER(SEARCH(_xlfn.TEXTSPLIT(D70," "), G70))) / COUNTA(_xlfn.TEXTSPLIT(D70," ")) = 1, "Full Match", IF( SUMPRODUCT(--ISNUMBER(SEARCH(_xlfn.TEXTSPLIT(D70," "), G70))) / COUNTA(_xlfn.TEXTSPLIT(D70," ")) > 0.5, "Partial Match", "No Match" ) )} -> No Match
A71: <Immunogenicity Assessment> | C71: Paragraph | D71: according to the SoA (Section 1.3). Additionally, serum samples should also be collected at the final visit from participants who discontinued study intervention or were withdrawn from the study. These samples will be tested by the Sponsor or Sponsor's designee. Serum samples will be screened for antibodies binding to ABC-123, and the titer of confirmed positive samples will be reported. Other analyses may be performed to verify the stability of antibodies to ABC-123 and/or further characterize the immunogenicity of ABC-123. The detection and characterization of antibodies to ABC-123 will be performed using a validated assay method by or under the supervision of the Sponsor. Antibodies may be further characterized and/or evaluated for their ability to neutralize the activity of the study intervention(s). Samples may be stored for at least 3 years (or according to local regulations) following the last participant’s last visit for the study at a facility selected by the Sponsor to enable further analysis of immune responses to ABC-123 | E71: Mock_CSR_Protocol.docx | F71: Summarize the protocol's immunogenicity assessment procedures, including sample collection, testing, and analysis. | G71: Antibodies to ABC-123 will be evaluated in serum samples collected from all participants as specified in the Schedule of Assessments. Serum samples from participants who discontinue or withdraw will also be collected at the final visit. These samples will be tested for antibodies binding to ABC-123, and titers of confirmed positive samples will be reported. Additional analyses may be performed to further characterize immunogenicity or verify antibody stability. All testing will use a validated assay method under Sponsor supervision, and samples may be stored for at least 3 years (or per local regulations) to enable further immune response analysis. | I71: {=_xldudf_BOARDFLARE_FMATCH(G71,D71)} -> #NAME? | J71: =IF(M71>O71, M71,O71) -> #VALUE! | K71: {=IF( SUMPRODUCT(--ISNUMBER(SEARCH(_xlfn.TEXTSPLIT(D71," "), G71))) / COUNTA(_xlfn.TEXTSPLIT(D71," ")) = 1, "Full Match", IF( SUMPRODUCT(--ISNUMBER(SEARCH(_xlfn.TEXTSPLIT(D71," "), G71))) / COUNTA(_xlfn.TEXTSPLIT(D71," ")) > 0.5, "Partial Match", "No Match" ) )} -> No Match | L71: {=_xldudf_BOARDFLARE_FMATCH(G71,D71)} -> #NAME? | M71: {=_FV(L71,"Similarity",TRUE)} -> #VALUE! | N71: {=_xldudf_BOARDFLARE_FMATCH(D71,G71)} -> #NAME? | O71: {=_FV(N71,"Similarity",TRUE)} -> #VALUE! | AE71: yes | AF71: yes | AG71: =AE71=AF71 -> TRUE | AH71: {=SUMPRODUCT(--ISNUMBER(SEARCH(_xlfn.TEXTSPLIT(D71," "), G71))) / COUNTA(_xlfn.TEXTSPLIT(D71," "))} -> 0 | AI71: {=IF( SUMPRODUCT(--ISNUMBER(SEARCH(_xlfn.TEXTSPLIT(D71," "), G71))) / COUNTA(_xlfn.TEXTSPLIT(D71," ")) = 1, "Full Match", IF( SUMPRODUCT(--ISNUMBER(SEARCH(_xlfn.TEXTSPLIT(D71," "), G71))) / COUNTA(_xlfn.TEXTSPLIT(D71," ")) > 0.5, "Partial Match", "No Match" ) )} -> No Match
A72: <Pharmacogenomics> | C72: Paragraph | D72: Where local laws and regulations allow, a blood sample will be collected for genetic analysis, as outlined in the SoA (Section 1.3) and described under the main ICF. This sample may be used to investigate the impact of genetic variation on the safety, efficacy, ADME of ABC-123 and similar therapies and to further our understanding of drug response and the genetics of blorp induction, boneitis, lurgi, and other framtophrenic disorders and traits of interest to the Sponsor. Information obtained will not have clinical diagnostic or therapeutic implications for the participant and will not be provided to the participant or the Investigator. To ensure participant confidentiality, samples will be coded and identified by a participant identification number and will be stored in a secure location chosen by the Sponsor. Samples will be stored for a maximum of 30 years, until they are exhausted, or until the Sponsor requests the destruction of samples, whichever is sooner. | E72: Mock_CSR_Protocol.docx | F72: Summarize the pharmacogenomics section, focusing on sample collection, research purpose, confidentiality, and storage duration. | G72: Where permitted by local laws and regulations, a blood sample will be collected for genetic analysis as described in the Schedule of Assessments and main informed consent form. This sample may be used to study the impact of genetic variation on the safety, efficacy, and pharmacokinetics of ABC-123 and related therapies, as well as to advance understanding of drug response and the genetics of blorp induction, boneitis, lurgi, and other relevant disorders. Results will not have clinical implications for participants and will not be shared with them or investigators. Samples will be coded to protect confidentiality and stored securely for up to 30 years, until exhausted, or until requested for destruction by the Sponsor. | I72: {=_xldudf_BOARDFLARE_FMATCH(G72,D72)} -> #NAME? | J72: =IF(M72>O72, M72,O72) -> #VALUE! | K72: {=IF( SUMPRODUCT(--ISNUMBER(SEARCH(_xlfn.TEXTSPLIT(D72," "), G72))) / COUNTA(_xlfn.TEXTSPLIT(D72," ")) = 1, "Full Match", IF( SUMPRODUCT(--ISNUMBER(SEARCH(_xlfn.TEXTSPLIT(D72," "), G72))) / COUNTA(_xlfn.TEXTSPLIT(D72," ")) > 0.5, "Partial Match", "No Match" ) )} -> No Match | L72: {=_xldudf_BOARDFLARE_FMATCH(G72,D72)} -> #NAME? | M72: {=_FV(L72,"Similarity",TRUE)} -> #VALUE! | N72: {=_xldudf_BOARDFLARE_FMATCH(D72,G72)} -> #NAME? | O72: {=_FV(N72,"Similarity",TRUE)} -> #VALUE! | AE72: yes | AF72: yes | AG72: =AE72=AF72 -> TRUE | AH72: {=SUMPRODUCT(--ISNUMBER(SEARCH(_xlfn.TEXTSPLIT(D72," "), G72))) / COUNTA(_xlfn.TEXTSPLIT(D72," "))} -> 0 | AI72: {=IF( SUMPRODUCT(--ISNUMBER(SEARCH(_xlfn.TEXTSPLIT(D72," "), G72))) / COUNTA(_xlfn.TEXTSPLIT(D72," ")) = 1, "Full Match", IF( SUMPRODUCT(--ISNUMBER(SEARCH(_xlfn.TEXTSPLIT(D72," "), G72))) / COUNTA(_xlfn.TEXTSPLIT(D72," ")) > 0.5, "Partial Match", "No Match" ) )} -> No Match
A73: <Safety Assessments> | C73: Paragraph | D73: Planned time points for all safety assessments are provided in the SoA. Every effort will be made to schedule and perform the procedures as closely as possible to the nominal time, considering appropriate conditions, practical restrictions, and the other procedures to be performed at the same time point. Actual times are to be recorded in the eCRF. The suggested order of assessments of pre-dose procedures is as follows: ● ECG ● Vital signs ● Blood samples ● Any other procedures ● Dosing The suggested order of assessments of post-dose procedures is as follows: ● ECG ● Vital signs ● Blood samples | E73: Mock_CSR_Protocol.docx | I73: {=_xldudf_BOARDFLARE_FMATCH(G73,D73)} -> #NAME? | J73: =IF(M73>O73, M73,O73) -> #VALUE! | K73: {=IF( SUMPRODUCT(--ISNUMBER(SEARCH(_xlfn.TEXTSPLIT(D73," "), G73))) / COUNTA(_xlfn.TEXTSPLIT(D73," ")) = 1, "Full Match", IF( SUMPRODUCT(--ISNUMBER(SEARCH(_xlfn.TEXTSPLIT(D73," "), G73))) / COUNTA(_xlfn.TEXTSPLIT(D73," ")) > 0.5, "Partial Match", "No Match" ) )} -> No Match | L73: {=_xldudf_BOARDFLARE_FMATCH(G73,D73)} -> #NAME? | M73: {=_FV(L73,"Similarity",TRUE)} -> #VALUE! | N73: {=_xldudf_BOARDFLARE_FMATCH(D73,G73)} -> #NAME? | O73: {=_FV(N73,"Similarity",TRUE)} -> #VALUE! | AE73: yes | AF73: NA | AG73: =AE73=AF73 -> FALSE | AH73: {=SUMPRODUCT(--ISNUMBER(SEARCH(_xlfn.TEXTSPLIT(D73," "), G73))) / COUNTA(_xlfn.TEXTSPLIT(D73," "))} -> 0 | AI73: {=IF( SUMPRODUCT(--ISNUMBER(SEARCH(_xlfn.TEXTSPLIT(D73," "), G73))) / COUNTA(_xlfn.TEXTSPLIT(D73," ")) = 1, "Full Match", IF( SUMPRODUCT(--ISNUMBER(SEARCH(_xlfn.TEXTSPLIT(D73," "), G73))) / COUNTA(_xlfn.TEXTSPLIT(D73," ")) > 0.5, "Partial Match", "No Match" ) )} -> No Match
A74: <Appropriateness of Measurements> | C74: Paragraph | D74: Participants must be in good health, determined by no clinically significant findings from medical history, physical examination, 12-lead ECG, vital signs measurements, and clinical laboratory evaluations (see exclusion criteria for criteria for specific labs) at Screening as assessed by the Investigator. Clinical laboratory assessments may be repeated once at the Investigator’s discretion if laboratory error is suspected. | E74: Mock_CSR_Protocol.docx | F74: Write a concise paragraph evaluating the appropriateness and reliability of the measurements selected for the study, referencing safety, timing, and procedural practices. | G74: The measurements selected for the study are appropriate and comprehensive, encompassing 12-lead ECG, vital sign monitoring (including blood pressure, pulse rate, respiratory rate, and body temperature), clinical laboratory tests (chemistry, hematology, lipid profile, cytokine assessments), physical examinations, and mental health assessments. These measurements are obtained at specific time points according to the Schedule of Activities (SoA) and are designed to ensure participant safety and monitor health status throughout the study. Additional procedures, such as rest periods before vital sign assessments and repeat laboratory evaluations when necessary, further support the reliability and appropriateness of these measurements. | I74: {=_xldudf_BOARDFLARE_FMATCH(G74,D74)} -> #NAME? | J74: =IF(M74>O74, M74,O74) -> #VALUE! | K74: {=IF( SUMPRODUCT(--ISNUMBER(SEARCH(_xlfn.TEXTSPLIT(D74," "), G74))) / COUNTA(_xlfn.TEXTSPLIT(D74," ")) = 1, "Full Match", IF( SUMPRODUCT(--ISNUMBER(SEARCH(_xlfn.TEXTSPLIT(D74," "), G74))) / COUNTA(_xlfn.TEXTSPLIT(D74," ")) > 0.5, "Partial Match", "No Match" ) )} -> No Match | L74: {=_xldudf_BOARDFLARE_FMATCH(G74,D74)} -> #NAME? | M74: {=_FV(L74,"Similarity",TRUE)} -> #VALUE! | N74: {=_xldudf_BOARDFLARE_FMATCH(D74,G74)} -> #NAME? | O74: {=_FV(N74,"Similarity",TRUE)} -> #VALUE! | AE74: yes | AF74: yes | AG74: =AE74=AF74 -> TRUE | AH74: {=SUMPRODUCT(--ISNUMBER(SEARCH(_xlfn.TEXTSPLIT(D74," "), G74))) / COUNTA(_xlfn.TEXTSPLIT(D74," "))} -> 0 | AI74: {=IF( SUMPRODUCT(--ISNUMBER(SEARCH(_xlfn.TEXTSPLIT(D74," "), G74))) / COUNTA(_xlfn.TEXTSPLIT(D74," ")) = 1, "Full Match", IF( SUMPRODUCT(--ISNUMBER(SEARCH(_xlfn.TEXTSPLIT(D74," "), G74))) / COUNTA(_xlfn.TEXTSPLIT(D74," ")) > 0.5, "Partial Match", "No Match" ) )} -> No Match
A75: <Data Quality Assurance> | C75: Paragraph | D75: The following data quality steps will be implemented: ● All participant data relating to the study will be recorded on printed or electronic CRF unless transmitted to the Sponsor or designee electronically (eg, laboratory data). The Investigator is responsible for verifying that data entries are accurate and correct by physically or electronically signing the CRF. ● The Investigator must maintain complete and accurate documentation (source data) that supports the information entered in the eCRF. ● The Investigator must permit study-related monitoring, audits, IRB/IEC review, and regulatory agency inspections and provide direct access to source data documents. ● Monitoring details describing strategy (eg, risk-based initiatives in operations and quality such as Risk Management and Mitigation Strategies and Analytical Risk- Based Monitoring), methods, responsibilities, and requirements, including handling of noncompliance issues and monitoring techniques (central, remote, or on-site monitoring) are provided in the TMF. ● The Sponsor or designee is responsible for the data management of this study including quality checking of the data. ● The Sponsor will provide oversight for actions delegated to other individuals (eg, CRO). ● Study monitors will perform ongoing source data verification to confirm that data entered into the eCRF by authorized site personnel are accurate, complete, and verifiable from source documents; that the safety and rights of participants are being protected; and that the study is being conducted in accordance with the currently approved protocol and any other study agreements, ICH GCP, and all applicable regulatory requirements. ● Records and documents, including signed ICFs, pertaining to the conduct of this study must be retained by the Investigator for 2 years (or until final marketing authorization approval) after study completion unless local regulations or institutional policies require a longer retention period. No records may be destroyed during the retention period without the written approval of the Sponsor. No records may be transferred to another location or party without written notification to the Sponsor. | G75: The following data quality assurance measures will be implemented: All participant data will be recorded on printed or electronic Case Report Forms (CRFs), unless transmitted electronically to the Sponsor or designee. The Investigator is responsible for verifying the accuracy and completeness of data entries by signing the CRF. The Investigator must also allow study-related monitoring, audits, IRB/IEC review, and regulatory inspections, providing direct access to source documents. Monitoring strategies, methods, responsibilities, and requirements, including the handling of noncompliance and monitoring techniques (central, remote, or on-site), are detailed in the Trial Master File (TMF). The Sponsor or designee oversees data management and quality checks, and provides oversight for delegated actions. Study monitors will perform ongoing source data verification to ensure data accuracy, participant safety, and protocol compliance. Records and documents must be retained by the Investigator for at least 2 years after study completion (or until final marketing authorization approval), unless longer retention is required by regulations or institutional policies | I75: {=_xldudf_BOARDFLARE_FMATCH(G75,D75)} -> #NAME? | J75: =IF(M75>O75, M75,O75) -> #VALUE! | K75: {=IF( SUMPRODUCT(--ISNUMBER(SEARCH(_xlfn.TEXTSPLIT(D75," "), G75))) / COUNTA(_xlfn.TEXTSPLIT(D75," ")) = 1, "Full Match", IF( SUMPRODUCT(--ISNUMBER(SEARCH(_xlfn.TEXTSPLIT(D75," "), G75))) / COUNTA(_xlfn.TEXTSPLIT(D75," ")) > 0.5, "Partial Match", "No Match" ) )} -> No Match | L75: {=_xldudf_BOARDFLARE_FMATCH(G75,D75)} -> #NAME? | M75: {=_FV(L75,"Similarity",TRUE)} -> #VALUE! | N75: {=_xldudf_BOARDFLARE_FMATCH(D75,G75)} -> #NAME? | O75: {=_FV(N75,"Similarity",TRUE)} -> #VALUE! | AE75: yes | AF75: yes | AG75: =AE75=AF75 -> TRUE | AH75: {=SUMPRODUCT(--ISNUMBER(SEARCH(_xlfn.TEXTSPLIT(D75," "), G75))) / COUNTA(_xlfn.TEXTSPLIT(D75," "))} -> 0 | AI75: {=IF( SUMPRODUCT(--ISNUMBER(SEARCH(_xlfn.TEXTSPLIT(D75," "), G75))) / COUNTA(_xlfn.TEXTSPLIT(D75," ")) = 1, "Full Match", IF( SUMPRODUCT(--ISNUMBER(SEARCH(_xlfn.TEXTSPLIT(D75," "), G75))) / COUNTA(_xlfn.TEXTSPLIT(D75," ")) > 0.5, "Partial Match", "No Match" ) )} -> No Match
A76: <Statistical and Analytical Plans> | C76: Paragraph | D76: This is a Phase 1, double-blind, randomized, placebo-controlled study with a SAD escalation component to evaluate ABC-123 in healthy volunteers and a repeat-dose component to confirm repeat-dose safety, tolerability, pharmacokinetics, and immunogenicity in participants with boneitis. | E76: Mock_CSR_Protocol.docx | F76: Summarize the statistical and analytical plans for PK and PD data, including methods, analysis plans, and references to the SAP. | G76: Pharmacodynamic parameters will be summarized using descriptive statistics, with no formal statistical analysis of PD data planned. The association between pharmacokinetics (PK) and pharmacodynamics (PD) will be evaluated using appropriate statistical methods, as detailed in the Statistical Analysis Plan (SAP). Serum concentrations of ABC-123 will be determined using validated analytical procedures, with specifics provided in separate documents. These analyses, combined with PK and safety data, will help inform future study design, including dose selection and identification of populations that may benefit from ABC-123 treatment. | I76: {=_xldudf_BOARDFLARE_FMATCH(G76,D76)} -> #NAME? | J76: =IF(M76>O76, M76,O76) -> #VALUE! | K76: {=IF( SUMPRODUCT(--ISNUMBER(SEARCH(_xlfn.TEXTSPLIT(D76," "), G76))) / COUNTA(_xlfn.TEXTSPLIT(D76," ")) = 1, "Full Match", IF( SUMPRODUCT(--ISNUMBER(SEARCH(_xlfn.TEXTSPLIT(D76," "), G76))) / COUNTA(_xlfn.TEXTSPLIT(D76," ")) > 0.5, "Partial Match", "No Match" ) )} -> No Match | L76: {=_xldudf_BOARDFLARE_FMATCH(G76,D76)} -> #NAME? | M76: {=_FV(L76,"Similarity",TRUE)} -> #VALUE! | N76: {=_xldudf_BOARDFLARE_FMATCH(D76,G76)} -> #NAME? | O76: {=_FV(N76,"Similarity",TRUE)} -> #VALUE! | AE76: yes | AF76: yes | AG76: =AE76=AF76 -> TRUE | AH76: {=SUMPRODUCT(--ISNUMBER(SEARCH(_xlfn.TEXTSPLIT(D76," "), G76))) / COUNTA(_xlfn.TEXTSPLIT(D76," "))} -> 0 | AI76: {=IF( SUMPRODUCT(--ISNUMBER(SEARCH(_xlfn.TEXTSPLIT(D76," "), G76))) / COUNTA(_xlfn.TEXTSPLIT(D76," ")) = 1, "Full Match", IF( SUMPRODUCT(--ISNUMBER(SEARCH(_xlfn.TEXTSPLIT(D76," "), G76))) / COUNTA(_xlfn.TEXTSPLIT(D76," ")) > 0.5, "Partial Match", "No Match" ) )} -> No Match
A77: <Analysis Population> | C77: Paragraph | D77: These changes were more pronounced in Boneitis participants, where repeated dosing resulted in significant reductions in fasting glucose, insulin, C-peptide, and leptin, coupled with a substantial rise in adiponectin. Placebo groups in both populations showed minimal biomarker changes, supporting the treatment-related effects observed. Overall, these findings suggest that ABC-123 exerts stronger pharmacodynamic effects in the diseased state, highlighting its potential as a therapeutic agent for Boneitis by improving metabolic dysfunction associated with the condition. | E77: Mock_CSR Key messages_with_heading.docx | F77: Summarize the analysis populations used in the study, including definitions and inclusion criteria. | G77: The analysis populations for this study included the following groups: the Full Analysis Set (all participants who signed informed consent and were randomized), the Safety Analysis Set (all randomized participants who received at least one dose of study intervention, analyzed as treated), the Pharmacokinetics (PK) Analysis Set (all participants who received at least one dose of ABC-123 and had post-baseline concentration data without major protocol deviations), and the Pharmacodynamics (PD) Analysis Set (all participants who received at least one dose of study intervention and had at least one PD measurement without major protocol deviations). These populations were used to evaluate efficacy, safety, and pharmacokinetic/pharmacodynamic outcomes. | I77: {=_xldudf_BOARDFLARE_FMATCH(G77,D77)} -> #NAME? | J77: =IF(M77>O77, M77,O77) -> #VALUE! | K77: {=IF( SUMPRODUCT(--ISNUMBER(SEARCH(_xlfn.TEXTSPLIT(D77," "), G77))) / COUNTA(_xlfn.TEXTSPLIT(D77," ")) = 1, "Full Match", IF( SUMPRODUCT(--ISNUMBER(SEARCH(_xlfn.TEXTSPLIT(D77," "), G77))) / COUNTA(_xlfn.TEXTSPLIT(D77," ")) > 0.5, "Partial Match", "No Match" ) )} -> No Match | L77: {=_xldudf_BOARDFLARE_FMATCH(G77,D77)} -> #NAME? | M77: {=_FV(L77,"Similarity",TRUE)} -> #VALUE! | N77: {=_xldudf_BOARDFLARE_FMATCH(D77,G77)} -> #NAME? | O77: {=_FV(N77,"Similarity",TRUE)} -> #VALUE! | AE77: yes | AF77: yes | AG77: =AE77=AF77 -> TRUE | AH77: {=SUMPRODUCT(--ISNUMBER(SEARCH(_xlfn.TEXTSPLIT(D77," "), G77))) / COUNTA(_xlfn.TEXTSPLIT(D77," "))} -> 0 | AI77: {=IF( SUMPRODUCT(--ISNUMBER(SEARCH(_xlfn.TEXTSPLIT(D77," "), G77))) / COUNTA(_xlfn.TEXTSPLIT(D77," ")) = 1, "Full Match", IF( SUMPRODUCT(--ISNUMBER(SEARCH(_xlfn.TEXTSPLIT(D77," "), G77))) / COUNTA(_xlfn.TEXTSPLIT(D77," ")) > 0.5, "Partial Match", "No Match" ) )} -> No Match
A78: <Determination of Sample Size> | C78: Paragraph | D78: Single Ascending Dose: 6 cohorts of 8 participants per cohort are planned; however, enrollment of up to 56 participants will be permitted, including replacements. Repeat-dose: 8 participants in a single cohort are planned; however, enrollment of up to 10 participants will be permitted, including replacements. For this early development study, formal statistical calculations of sample size are not appropriate. The number of participants per cohort is the customary sample size employed in early development studies, which is expected to allow clinical judgment of safety and tolerability and assessment of the PK profile. If an AE occurs at the rate of 1% or 10%, then the chance of observing such an AE among 6 participants receiving that dose of active study intervention will be 6% or 47%, respectively. If no AE of a given type is observed in any of the participants at a given dose of active study intervention, then with 80% (90%) confidence the true incidence of the AEs at that dose is at most 24% (32%). | E78: Mock_CSR_Protocol.docx | F78: Summarize the determination of sample size, including planned cohort sizes, total enrollment, and statistical rationale. | G78: For this early development study, formal statistical calculations of sample size are not appropriate. The planned sample size consists of 6 cohorts of 8 participants each in the single ascending dose part (up to 56 participants including replacements) and a single repeat-dose cohort of 8 participants (up to 10 including replacements). These cohort sizes are customary for early development studies and are expected to allow clinical judgment of safety, tolerability, and assessment of the PK profile. The probability of observing an adverse event (AE) occurring at a rate of 1% or 10% among 6 participants is 6% or 47%, respectively. If no AE of a given type is observed, with 80% (90%) confidence, the true incidence at that dose is at most 24% (32%). | I78: {=_xldudf_BOARDFLARE_FMATCH(G78,D78)} -> #NAME? | J78: =IF(M78>O78, M78,O78) -> #VALUE! | K78: {=IF( SUMPRODUCT(--ISNUMBER(SEARCH(_xlfn.TEXTSPLIT(D78," "), G78))) / COUNTA(_xlfn.TEXTSPLIT(D78," ")) = 1, "Full Match", IF( SUMPRODUCT(--ISNUMBER(SEARCH(_xlfn.TEXTSPLIT(D78," "), G78))) / COUNTA(_xlfn.TEXTSPLIT(D78," ")) > 0.5, "Partial Match", "No Match" ) )} -> No Match | L78: {=_xldudf_BOARDFLARE_FMATCH(G78,D78)} -> #NAME? | M78: {=_FV(L78,"Similarity",TRUE)} -> #VALUE! | N78: {=_xldudf_BOARDFLARE_FMATCH(D78,G78)} -> #NAME? | O78: {=_FV(N78,"Similarity",TRUE)} -> #VALUE! | AE78: yes | AF78: yes | AG78: =AE78=AF78 -> TRUE | AH78: {=SUMPRODUCT(--ISNUMBER(SEARCH(_xlfn.TEXTSPLIT(D78," "), G78))) / COUNTA(_xlfn.TEXTSPLIT(D78," "))} -> 0 | AI78: {=IF( SUMPRODUCT(--ISNUMBER(SEARCH(_xlfn.TEXTSPLIT(D78," "), G78))) / COUNTA(_xlfn.TEXTSPLIT(D78," ")) = 1, "Full Match", IF( SUMPRODUCT(--ISNUMBER(SEARCH(_xlfn.TEXTSPLIT(D78," "), G78))) / COUNTA(_xlfn.TEXTSPLIT(D78," ")) > 0.5, "Partial Match", "No Match" ) )} -> No Match
A79: <Details of Statistical Estimations> | C79: Paragraph | D79: The statistical analysis plan (SAP) will be finalized prior to database lock and it will include a more technical and detailed description of the statistical analyses described in this section. In the case of any deviation from the planned analyses described in the protocol, the SAP takes precedence, in which the reasons for the change and impact on study results should be carefully described | E79: Mock_CSR_Protocol.docx | G79: The statistical analyses in this study are exploratory in nature and do not test prior hypotheses. Instead, they are intended to highlight and estimate the size of possible effects. Pharmacodynamic parameters will be summarized using descriptive statistics, and no formal statistical analysis of PD data is planned. Associations between pharmacokinetics (PK) and pharmacodynamics (PD) will be evaluated using appropriate statistical methods, with further details provided in the Statistical Analysis Plan (SAP). | I79: {=_xldudf_BOARDFLARE_FMATCH(G79,D79)} -> #NAME? | J79: =IF(M79>O79, M79,O79) -> #VALUE! | K79: {=IF( SUMPRODUCT(--ISNUMBER(SEARCH(_xlfn.TEXTSPLIT(D79," "), G79))) / COUNTA(_xlfn.TEXTSPLIT(D79," ")) = 1, "Full Match", IF( SUMPRODUCT(--ISNUMBER(SEARCH(_xlfn.TEXTSPLIT(D79," "), G79))) / COUNTA(_xlfn.TEXTSPLIT(D79," ")) > 0.5, "Partial Match", "No Match" ) )} -> No Match | L79: {=_xldudf_BOARDFLARE_FMATCH(G79,D79)} -> #NAME? | M79: {=_FV(L79,"Similarity",TRUE)} -> #VALUE! | N79: {=_xldudf_BOARDFLARE_FMATCH(D79,G79)} -> #NAME? | O79: {=_FV(N79,"Similarity",TRUE)} -> #VALUE! | AE79: yes | AF79: yes | AG79: =AE79=AF79 -> TRUE | AH79: {=SUMPRODUCT(--ISNUMBER(SEARCH(_xlfn.TEXTSPLIT(D79," "), G79))) / COUNTA(_xlfn.TEXTSPLIT(D79," "))} -> 0 | AI79: {=IF( SUMPRODUCT(--ISNUMBER(SEARCH(_xlfn.TEXTSPLIT(D79," "), G79))) / COUNTA(_xlfn.TEXTSPLIT(D79," ")) = 1, "Full Match", IF( SUMPRODUCT(--ISNUMBER(SEARCH(_xlfn.TEXTSPLIT(D79," "), G79))) / COUNTA(_xlfn.TEXTSPLIT(D79," ")) > 0.5, "Partial Match", "No Match" ) )} -> No Match
A80: <IND Number> | C80: Inline | D80: 123456 | F80: Insert the IND number in the format 'IND: 123456' inline with the surrounding text. | G80: IND: 123456 | I80: {=_xldudf_BOARDFLARE_FMATCH(G80,D80)} -> #NAME? | J80: =IF(M80>O80, M80,O80) -> #VALUE! | L80: {=_xldudf_BOARDFLARE_FMATCH(G80,D80)} -> #NAME? | M80: {=_FV(L80,"Similarity",TRUE)} -> #VALUE! | N80: {=_xldudf_BOARDFLARE_FMATCH(D80,G80)} -> #NAME? | O80: {=_FV(N80,"Similarity",TRUE)} -> #VALUE! | AD80: yes | AE80: yes | AK80: {=IF( SUMPRODUCT(--ISNUMBER(SEARCH(_xlfn.TEXTSPLIT(D80," "), G80))) / COUNTA(_xlfn.TEXTSPLIT(D80," ")) = 1, "Full Match", IF( SUMPRODUCT(--ISNUMBER(SEARCH(_xlfn.TEXTSPLIT(D80," "), G80))) / COUNTA(_xlfn.TEXTSPLIT(D80," ")) > 0.5, "Partial Match", "No Match" ) )} -> No Match
A81: <Protocol Identification (Code or Number)> | C81: Inline | D81: SKY-2000-101 | F81: Insert the protocol identification code or number in the format typically used for clinical study protocols. | G81: SKY-2000-101 | I81: {=_xldudf_BOARDFLARE_FMATCH(G81,D81)} -> #NAME? | J81: =IF(M81>O81, M81,O81) -> #VALUE! | L81: {=_xldudf_BOARDFLARE_FMATCH(G81,D81)} -> #NAME? | M81: {=_FV(L81,"Similarity",TRUE)} -> #VALUE! | N81: {=_xldudf_BOARDFLARE_FMATCH(D81,G81)} -> #NAME? | O81: {=_FV(N81,"Similarity",TRUE)} -> #VALUE! | AD81: yes | AE81: yes | AK81: {=IF( SUMPRODUCT(--ISNUMBER(SEARCH(_xlfn.TEXTSPLIT(D81," "), G81))) / COUNTA(_xlfn.TEXTSPLIT(D81," ")) = 1, "Full Match", IF( SUMPRODUCT(--ISNUMBER(SEARCH(_xlfn.TEXTSPLIT(D81," "), G81))) / COUNTA(_xlfn.TEXTSPLIT(D81," ")) > 0.5, "Partial Match", "No Match" ) )} -> No Match
A82: <DD Month YYYY> | C82: Inline | D82: 1st march 2023 | F82: Provide the protocol date in the format matching 'DD MM YYYY'. | G82: DD MM YYYY | I82: {=_xldudf_BOARDFLARE_FMATCH(G82,D82)} -> #NAME? | J82: =IF(M82>O82, M82,O82) -> #VALUE! | L82: {=_xldudf_BOARDFLARE_FMATCH(G82,D82)} -> #NAME? | M82: {=_FV(L82,"Similarity",TRUE)} -> #VALUE! | N82: {=_xldudf_BOARDFLARE_FMATCH(D82,G82)} -> #NAME? | O82: {=_FV(N82,"Similarity",TRUE)} -> #VALUE! | AD82: yes | AE82: yes | AK82: {=IF( SUMPRODUCT(--ISNUMBER(SEARCH(_xlfn.TEXTSPLIT(D82," "), G82))) / COUNTA(_xlfn.TEXTSPLIT(D82," ")) = 1, "Full Match", IF( SUMPRODUCT(--ISNUMBER(SEARCH(_xlfn.TEXTSPLIT(D82," "), G82))) / COUNTA(_xlfn.TEXTSPLIT(D82," ")) > 0.5, "Partial Match", "No Match" ) )} -> No Match
A83: <Summary of Table Disposition of Participants> | C83: Paragraph | D83: A total of 36 subjects were enrolled in the study, with 24 assigned to the Treatment group and 12 to the Placebo group. At the time of analysis, 31 subjects (86.1%) remained ongoing in the study and on treatment (87.5% in the Treatment group and 83.3% in the Placebo group). Five subjects (13.9%) discontinued study treatment, three (12.5%) from the Treatment group and two (16.7%) from the Placebo group. The reasons for treatment discontinuation included adverse events (n=2, Treatment group), progressive disease (n=1, Treatment group), patient withdrawal of informed consent (n=1, Placebo group), and other reasons (n=1, Placebo group). Similarly, five subjects (13.9%) were discontinued from the study, overall, three from the Treatment group and two from the Placebo group. The most common reason for study discontinuation was death (n=3), all occurring in the Treatment group. One subject in the Placebo group withdrew consent, and one was lost to follow-up. No subjects discontinued due to sponsor decision or unknown reasons. | E83: Mock_CSR Key messages_with_heading.docx | G83: A summary of participant disposition indicates the number of individuals screened, randomized, and treated throughout the study. The table details how many participants completed the study and the primary reasons for discontinuation, such as withdrawal of consent, adverse events, or protocol deviations. This overview provides insight into participant flow and the main factors impacting study completion. Subject disposition is summarized in Table 5. | I83: {=_xldudf_BOARDFLARE_FMATCH(G83,D83)} -> #NAME? | J83: =IF(M83>O83, M83,O83) -> #VALUE! | K83: {=IF( SUMPRODUCT(--ISNUMBER(SEARCH(_xlfn.TEXTSPLIT(D83," "), G83))) / COUNTA(_xlfn.TEXTSPLIT(D83," ")) = 1, "Full Match", IF( SUMPRODUCT(--ISNUMBER(SEARCH(_xlfn.TEXTSPLIT(D83," "), G83))) / COUNTA(_xlfn.TEXTSPLIT(D83," ")) > 0.5, "Partial Match", "No Match" ) )} -> No Match | L83: {=_xldudf_BOARDFLARE_FMATCH(G83,D83)} -> #NAME? | M83: {=_FV(L83,"Similarity",TRUE)} -> #VALUE! | N83: {=_xldudf_BOARDFLARE_FMATCH(D83,G83)} -> #NAME? | O83: {=_FV(N83,"Similarity",TRUE)} -> #VALUE! | AE83: yes | AF83: yes | AG83: =AE83=AF83 -> TRUE | AH83: {=SUMPRODUCT(--ISNUMBER(SEARCH(_xlfn.TEXTSPLIT(D83," "), G83))) / COUNTA(_xlfn.TEXTSPLIT(D83," "))} -> 0 | AI83: {=IF( SUMPRODUCT(--ISNUMBER(SEARCH(_xlfn.TEXTSPLIT(D83," "), G83))) / COUNTA(_xlfn.TEXTSPLIT(D83," ")) = 1, "Full Match", IF( SUMPRODUCT(--ISNUMBER(SEARCH(_xlfn.TEXTSPLIT(D83," "), G83))) / COUNTA(_xlfn.TEXTSPLIT(D83," ")) > 0.5, "Partial Match", "No Match" ) )} -> No Match
A84: <Table Summary of Participant Disposition> | C84: Table | E84: Mock_CSR Key messages_with_heading.docx | F84: Insert the table summarizing participant disposition as referenced in the placeholder. | G84: Summary of Participant Disposition (Full Analysis Seta) | I84: {=_xldudf_BOARDFLARE_FMATCH(G84,D84)} -> #NAME? | J84: =IF(M84>O84, M84,O84) -> #VALUE! | K84: {=IF( SUMPRODUCT(--ISNUMBER(SEARCH(_xlfn.TEXTSPLIT(D84," "), G84))) / COUNTA(_xlfn.TEXTSPLIT(D84," ")) = 1, "Full Match", IF( SUMPRODUCT(--ISNUMBER(SEARCH(_xlfn.TEXTSPLIT(D84," "), G84))) / COUNTA(_xlfn.TEXTSPLIT(D84," ")) > 0.5, "Partial Match", "No Match" ) )} -> No Match | L84: {=_xldudf_BOARDFLARE_FMATCH(G84,D84)} -> #NAME? | M84: {=_FV(L84,"Similarity",TRUE)} -> #VALUE! | N84: {=_xldudf_BOARDFLARE_FMATCH(D84,G84)} -> #NAME? | O84: {=_FV(N84,"Similarity",TRUE)} -> #VALUE! | X84: {=IF( SUMPRODUCT(--ISNUMBER(SEARCH(_xlfn.TEXTSPLIT(D84," "), G84))) / COUNTA(_xlfn.TEXTSPLIT(D84," ")) = 1, "Full Match", IF( SUMPRODUCT(--ISNUMBER(SEARCH(_xlfn.TEXTSPLIT(D84," "), G84))) / COUNTA(_xlfn.TEXTSPLIT(D84," ")) > 0.5, "Partial Match", "No Match" ) )} -> No Match | AG84: =AE84=AF84 -> TRUE
A85: <Table of Analysis Sets > | C85: Table | D85: Analysis Sets Statistics Treatment Placebo Total N=24 N=12 N=36 Full Analysis Set n (%) 24 (100) 12 (100) 36 (100) Safety Analysis Set n (%) 21 (87.5) 10 (83.3) 31 (86.1) Pharmacokinetics Analysis Set n (%) 24 (100) 12 (100) 36 (100) | E85: Mock_CSR _Tables_30Oct25.rtf | F85: Replace with the table summarizing analysis sets, using the matching caption if available. | G85: Summary of Analysis Sets | I85: {=_xldudf_BOARDFLARE_FMATCH(G85,D85)} -> #NAME? | J85: =IF(M85>O85, M85,O85) -> #VALUE! | K85: {=IF( SUMPRODUCT(--ISNUMBER(SEARCH(_xlfn.TEXTSPLIT(D85," "), G85))) / COUNTA(_xlfn.TEXTSPLIT(D85," ")) = 1, "Full Match", IF( SUMPRODUCT(--ISNUMBER(SEARCH(_xlfn.TEXTSPLIT(D85," "), G85))) / COUNTA(_xlfn.TEXTSPLIT(D85," ")) > 0.5, "Partial Match", "No Match" ) )} -> No Match | L85: {=_xldudf_BOARDFLARE_FMATCH(G85,D85)} -> #NAME? | M85: {=_FV(L85,"Similarity",TRUE)} -> #VALUE! | N85: {=_xldudf_BOARDFLARE_FMATCH(D85,G85)} -> #NAME? | O85: {=_FV(N85,"Similarity",TRUE)} -> #VALUE! | Q85: 5 | R85: 5 | S85: Abbreviations: FAS = Full Analysis Set; N = number of participants in the FAS within each treatment arm; n = number participants in the FAS within each treatment arm in each category; SAS = Safety Analysis Set. Notes: The denominator used to calculate percentages is N | T85: 5 | U85: 5 | V85: NA | W85: Yes | X85: {=IF( SUMPRODUCT(--ISNUMBER(SEARCH(_xlfn.TEXTSPLIT(D85," "), G85))) / COUNTA(_xlfn.TEXTSPLIT(D85," ")) = 1, "Full Match", IF( SUMPRODUCT(--ISNUMBER(SEARCH(_xlfn.TEXTSPLIT(D85," "), G85))) / COUNTA(_xlfn.TEXTSPLIT(D85," ")) > 0.5, "Partial Match", "No Match" ) )} -> No Match
A86: <Summary of Table of Analysis Sets > | C86: Paragraph | D86: A total of 36 subjects were enrolled in the study, with 24 assigned to the Treatment group and 12 to the Placebo group. At the time of analysis, 31 subjects (86.1%) remained ongoing in the study and on treatment (87.5% in the Treatment group and 83.3% in the Placebo group). Five subjects (13.9%) discontinued study treatment, three (12.5%) from the Treatment group and two (16.7%) from the Placebo group. The reasons for treatment discontinuation included adverse events (n=2, Treatment group), progressive disease (n=1, Treatment group), patient withdrawal of informed consent (n=1, Placebo group), and other reasons (n=1, Placebo group). Similarly, five subjects (13.9%) were discontinued from the study, overall, three from the Treatment group and two from the Placebo group. The most common reason for study discontinuation was death (n=3), all occurring in the Treatment group. One subject in the Placebo group withdrew consent, and one was lost to follow-up. No subjects discontinued due to sponsor decision or unknown reasons. | E86: Mock_CSR Key messages_with_heading.docx | F86: Summarize and interpret the table of Analysis Sets, focusing on participant numbers and inclusion rates in each set. | G86: The table of Analysis Sets provides an overview of the participant populations used in the study analyses. It details the number of participants included in each analysis set, such as the Full Analysis Set (FAS) and the Safety Analysis Set (SAS), and indicates the denominators used for percentage calculations. This summary ensures clarity regarding how participants are categorized for efficacy and safety evaluations, supporting the transparency and interpretability of subsequent study results. | I86: {=_xldudf_BOARDFLARE_FMATCH(G86,D86)} -> #NAME? | J86: =IF(M86>O86, M86,O86) -> #VALUE! | K86: {=IF( SUMPRODUCT(--ISNUMBER(SEARCH(_xlfn.TEXTSPLIT(D86," "), G86))) / COUNTA(_xlfn.TEXTSPLIT(D86," ")) = 1, "Full Match", IF( SUMPRODUCT(--ISNUMBER(SEARCH(_xlfn.TEXTSPLIT(D86," "), G86))) / COUNTA(_xlfn.TEXTSPLIT(D86," ")) > 0.5, "Partial Match", "No Match" ) )} -> No Match | L86: {=_xldudf_BOARDFLARE_FMATCH(G86,D86)} -> #NAME? | M86: {=_FV(L86,"Similarity",TRUE)} -> #VALUE! | N86: {=_xldudf_BOARDFLARE_FMATCH(D86,G86)} -> #NAME? | O86: {=_FV(N86,"Similarity",TRUE)} -> #VALUE! | AE86: yes | AF86: yes | AG86: =AE86=AF86 -> TRUE | AH86: {=SUMPRODUCT(--ISNUMBER(SEARCH(_xlfn.TEXTSPLIT(D86," "), G86))) / COUNTA(_xlfn.TEXTSPLIT(D86," "))} -> 0 | AI86: {=IF( SUMPRODUCT(--ISNUMBER(SEARCH(_xlfn.TEXTSPLIT(D86," "), G86))) / COUNTA(_xlfn.TEXTSPLIT(D86," ")) = 1, "Full Match", IF( SUMPRODUCT(--ISNUMBER(SEARCH(_xlfn.TEXTSPLIT(D86," "), G86))) / COUNTA(_xlfn.TEXTSPLIT(D86," ")) > 0.5, "Partial Match", "No Match" ) )} -> No Match
A87: <Summary of Demographics> | C87: Paragraph | D87: A total of 36 subjects were enrolled: 24 in the Treatment group and 12 in the Placebo group. o Age: The mean (±SD) age was 48.33 ± 20.60 years in the Treatment group and 53.58 ± 10.77 years in the Placebo group. The overall age range was 26 to 67 years. o Sex: Across all subjects, 55.6% were male and 44.4% were female. Sex distribution was comparable between groups. o Race: The majority of subjects were White (86.1%). Asian subjects accounted for 8.3%, and Other for 5.6%. No subjects identified as American Indian/Alaska Native, Black/African American, or Native Hawaiian/Other Pacific Islander. No race data were missing. o Ethnicity: 3 subjects identified as Hispanic or Latino, and 31 as Not Hispanic or Latino. 2 subjects in the Treatment group had ethnicity not reported. | E87: Mock_CSR Key messages_with_heading.docx | F87: Summarize the demographics information for the study, including group sizes and reference to the table with detailed parameters. | G87: Demographic data, as presented in the Full Analysis Set, includes both treatment and placebo groups. The study enrolled 24 participants in the treatment group and 12 in the placebo group, totaling 36 participants. The Safety Analysis Set included 21 participants in the treatment group and 10 in the placebo group. Detailed demographic parameters are presented in Table 14.2.2. | I87: {=_xldudf_BOARDFLARE_FMATCH(G87,D87)} -> #NAME? | J87: =IF(M87>O87, M87,O87) -> #VALUE! | K87: {=IF( SUMPRODUCT(--ISNUMBER(SEARCH(_xlfn.TEXTSPLIT(D87," "), G87))) / COUNTA(_xlfn.TEXTSPLIT(D87," ")) = 1, "Full Match", IF( SUMPRODUCT(--ISNUMBER(SEARCH(_xlfn.TEXTSPLIT(D87," "), G87))) / COUNTA(_xlfn.TEXTSPLIT(D87," ")) > 0.5, "Partial Match", "No Match" ) )} -> No Match | L87: {=_xldudf_BOARDFLARE_FMATCH(G87,D87)} -> #NAME? | M87: {=_FV(L87,"Similarity",TRUE)} -> #VALUE! | N87: {=_xldudf_BOARDFLARE_FMATCH(D87,G87)} -> #NAME? | O87: {=_FV(N87,"Similarity",TRUE)} -> #VALUE! | AE87: yes | AF87: yes | AG87: =AE87=AF87 -> TRUE | AH87: {=SUMPRODUCT(--ISNUMBER(SEARCH(_xlfn.TEXTSPLIT(D87," "), G87))) / COUNTA(_xlfn.TEXTSPLIT(D87," "))} -> 0 | AI87: {=IF( SUMPRODUCT(--ISNUMBER(SEARCH(_xlfn.TEXTSPLIT(D87," "), G87))) / COUNTA(_xlfn.TEXTSPLIT(D87," ")) = 1, "Full Match", IF( SUMPRODUCT(--ISNUMBER(SEARCH(_xlfn.TEXTSPLIT(D87," "), G87))) / COUNTA(_xlfn.TEXTSPLIT(D87," ")) > 0.5, "Partial Match", "No Match" ) )} -> No Match
A88: <Table Demographics> | C88: Table | D88: Parameter Statistics Treatment Placebo Total N=24 N=12 N=36 Age (years) n 24 12 36 Mean ±SD 48.33(20.60) 53.58(10.77) 57.00(11.36) Min, max 26, 67 30, 62 26, 27 Sex Male n (%) 13 (54.2) 7 (58.3) 20 (55.6) Female n (%) 11 (45.8) 5 (41.7) 16 (44.4) Race American Indian or Alaska Native n (%) 0 0 0 Asian n (%) 2 (8.3) 1 (8.3) 3 (8.3) Black or African American n (%) 0 0 0 Native Hawaiian or Other Pacific Islander n (%) 0 0 0 White n (%) 20 (83.4) 11 (91.7) 31(86.1) Other n (%) 2 (8.3) 0 2 (5.6) Not Reported n (%) 0 0 0 Ethnicity Hispanic or Latino n (%) 2 (8.3) 1 (8.3) 3 (8.3) Not Hispanic or Latino n (%) 20 (83.4) 11 (91.7) 31 (86.1) Not Reported n (%) 2 (8.3) 0 0 Unknown n (%) 0 0 0 | E88: Mock_CSR _Tables_30Oct25.rtf | F88: Insert the Demographics table as referenced, ensuring semantic caption alignment and no narrative text. | G88: Demographics (Full Analysis Set) | I88: {=_xldudf_BOARDFLARE_FMATCH(G88,D88)} -> #NAME? | J88: =IF(M88>O88, M88,O88) -> #VALUE! | K88: {=IF( SUMPRODUCT(--ISNUMBER(SEARCH(_xlfn.TEXTSPLIT(D88," "), G88))) / COUNTA(_xlfn.TEXTSPLIT(D88," ")) = 1, "Full Match", IF( SUMPRODUCT(--ISNUMBER(SEARCH(_xlfn.TEXTSPLIT(D88," "), G88))) / COUNTA(_xlfn.TEXTSPLIT(D88," ")) > 0.5, "Partial Match", "No Match" ) )} -> No Match | L88: {=_xldudf_BOARDFLARE_FMATCH(G88,D88)} -> #NAME? | M88: {=_FV(L88,"Similarity",TRUE)} -> #VALUE! | N88: {=_xldudf_BOARDFLARE_FMATCH(D88,G88)} -> #NAME? | O88: {=_FV(N88,"Similarity",TRUE)} -> #VALUE! | Q88: 20 | R88: 5 | S88: Abbreviations: Max = maximum; Min = minimum; SD = standard deviation | T88: 20 | U88: 5 | V88: NA | W88: Yes | X88: {=IF( SUMPRODUCT(--ISNUMBER(SEARCH(_xlfn.TEXTSPLIT(D88," "), G88))) / COUNTA(_xlfn.TEXTSPLIT(D88," ")) = 1, "Full Match", IF( SUMPRODUCT(--ISNUMBER(SEARCH(_xlfn.TEXTSPLIT(D88," "), G88))) / COUNTA(_xlfn.TEXTSPLIT(D88," ")) > 0.5, "Partial Match", "No Match" ) )} -> No Match
A89: <Summary of Table Demographics> | C89: Paragraph | D89: A total of 36 subjects were enrolled: 24 in the Treatment group and 12 in the Placebo group. o Age: The mean (±SD) age was 48.33 ± 20.60 years in the Treatment group and 53.58 ± 10.77 years in the Placebo group. The overall age range was 26 to 67 years. o Sex: Across all subjects, 55.6% were male and 44.4% were female. Sex distribution was comparable between groups. o Race: The majority of subjects were White (86.1%). Asian subjects accounted for 8.3%, and Other for 5.6%. No subjects identified as American Indian/Alaska Native, Black/African American, or Native Hawaiian/Other Pacific Islander. No race data were missing. o Ethnicity: 3 subjects identified as Hispanic or Latino, and 31 as Not Hispanic or Latino. 2 subjects in the Treatment group had ethnicity not reported. | E89: Mock_CSR Key messages_with_heading.docx | F89: Summarize and interpret the Demographics table, highlighting group sizes and comparability. | G89: The Demographics table for the Full Analysis Set provides a summary of participant characteristics across treatment and placebo groups. The table includes key statistics such as sample sizes (N=24 for treatment, N=12 for placebo, N=36 total), and confirms balanced allocation across groups. The demographic distribution supports the comparability of the treatment and placebo populations for subsequent analysis. | I89: {=_xldudf_BOARDFLARE_FMATCH(G89,D89)} -> #NAME? | J89: =IF(M89>O89, M89,O89) -> #VALUE! | K89: {=IF( SUMPRODUCT(--ISNUMBER(SEARCH(_xlfn.TEXTSPLIT(D89," "), G89))) / COUNTA(_xlfn.TEXTSPLIT(D89," ")) = 1, "Full Match", IF( SUMPRODUCT(--ISNUMBER(SEARCH(_xlfn.TEXTSPLIT(D89," "), G89))) / COUNTA(_xlfn.TEXTSPLIT(D89," ")) > 0.5, "Partial Match", "No Match" ) )} -> No Match | L89: {=_xldudf_BOARDFLARE_FMATCH(G89,D89)} -> #NAME? | M89: {=_FV(L89,"Similarity",TRUE)} -> #VALUE! | N89: {=_xldudf_BOARDFLARE_FMATCH(D89,G89)} -> #NAME? | O89: {=_FV(N89,"Similarity",TRUE)} -> #VALUE! | AE89: yes | AF89: yes | AG89: =AE89=AF89 -> TRUE | AH89: {=SUMPRODUCT(--ISNUMBER(SEARCH(_xlfn.TEXTSPLIT(D89," "), G89))) / COUNTA(_xlfn.TEXTSPLIT(D89," "))} -> 0 | AI89: {=IF( SUMPRODUCT(--ISNUMBER(SEARCH(_xlfn.TEXTSPLIT(D89," "), G89))) / COUNTA(_xlfn.TEXTSPLIT(D89," ")) = 1, "Full Match", IF( SUMPRODUCT(--ISNUMBER(SEARCH(_xlfn.TEXTSPLIT(D89," "), G89))) / COUNTA(_xlfn.TEXTSPLIT(D89," ")) > 0.5, "Partial Match", "No Match" ) )} -> No Match
A90: <Summary of Pharmacokinetic data> | C90: Paragraph | D90: We have 2 PK Tables [Refer Source: CSR_Mock Tables] The pharmacokinetic (PK) profiles of ABC-123 demonstrate dose-dependent increases in exposure following both single ascending doses and repeated-dose administration. o Single Ascending Dose (SAD) Study (Table 1): The pharmacokinetic (PK) parameters of ABC-123 show dose-proportional increases in Cmax and AUC from 5 mg up to 150 mg, indicating predictable and linear pharmacokinetics. The half-life (t½) slightly increases with dose, ranging from 5.2 to 7.0 hours, and the apparent clearance (CL/F) and volume of distribution (Vd/F) remain relatively stable across doses. Tmax increases modestly from 1.5 to 3 hours with increasing dose. o Repeated-Dose Administration (Table 2): At 150 mg every other week for a total of 3 doses, steady-state Cmax and AUCτ increased compared to single dose exposure, indicating accumulation with a half-life of 16.5 hours and accumulation ratio (Rac) of 1.9. The apparent clearance is reduced compared to single dose, consistent with steady-state conditions. The drug is well-tolerated at this dose with predictable PK. Overall, ABC-123 exhibits dose-proportional pharmacokinetics with predictable increases in exposure and moderate accumulation upon repeated dosing, supporting the dosing regimen evaluated in this study. | E90: Mock_CSR Key messages_with_heading.docx | F90: Summarize the pharmacokinetic findings for single ascending dose and repeat dose administration of ABC-123. | G90: Pharmacokinetic (PK) data were collected following both single ascending doses (SAD) and repeated dosing of ABC-123. These data included key PK parameters such as Cmax, Tmax, AUC, and half-life, providing insight into the absorption, distribution, and elimination of ABC-123 in healthy participants and those with Grade 2 boneitis. The results supported dose selection and informed the safety and tolerability profile for subsequent studies. | I90: {=_xldudf_BOARDFLARE_FMATCH(G90,D90)} -> #NAME? | J90: =IF(M90>O90, M90,O90) -> #VALUE! | K90: {=IF( SUMPRODUCT(--ISNUMBER(SEARCH(_xlfn.TEXTSPLIT(D90," "), G90))) / COUNTA(_xlfn.TEXTSPLIT(D90," ")) = 1, "Full Match", IF( SUMPRODUCT(--ISNUMBER(SEARCH(_xlfn.TEXTSPLIT(D90," "), G90))) / COUNTA(_xlfn.TEXTSPLIT(D90," ")) > 0.5, "Partial Match", "No Match" ) )} -> No Match | L90: {=_xldudf_BOARDFLARE_FMATCH(G90,D90)} -> #NAME? | M90: {=_FV(L90,"Similarity",TRUE)} -> #VALUE! | N90: {=_xldudf_BOARDFLARE_FMATCH(D90,G90)} -> #NAME? | O90: {=_FV(N90,"Similarity",TRUE)} -> #VALUE! | AE90: yes | AF90: yes | AG90: =AE90=AF90 -> TRUE | AH90: {=SUMPRODUCT(--ISNUMBER(SEARCH(_xlfn.TEXTSPLIT(D90," "), G90))) / COUNTA(_xlfn.TEXTSPLIT(D90," "))} -> 0 | AI90: {=IF( SUMPRODUCT(--ISNUMBER(SEARCH(_xlfn.TEXTSPLIT(D90," "), G90))) / COUNTA(_xlfn.TEXTSPLIT(D90," ")) = 1, "Full Match", IF( SUMPRODUCT(--ISNUMBER(SEARCH(_xlfn.TEXTSPLIT(D90," "), G90))) / COUNTA(_xlfn.TEXTSPLIT(D90," ")) > 0.5, "Partial Match", "No Match" ) )} -> No Match
A91: <Table Pharmacokinetic Parameters Following Single Ascending Doses> | C91: Table | D91: Dose (mg) N Cmax (ng/mL) Tmax (hr) AUC0–t (ng·hr/mL) AUC0–∞ (ng·hr/mL) t½ (hr) CL/F (L/hr) Vd/F (L) 5 24 150 1.5 900 1050 5.2 12.5 35 15 24 300 2.0 1800 2100 6.1 13.0 45 50 24 500 2.5 2500 3000 6.5 12.8 60 150 24 900 3.0 4500 5200 7.0 13.2 70 | F91: Insert the table summarizing pharmacokinetic parameters of ABC-123 following single ascending doses. | G91: Pharmacokinetic Parameters Following Single Ascending Doses of ABC-123 | I91: {=_xldudf_BOARDFLARE_FMATCH(G91,D91)} -> #NAME? | J91: =IF(M91>O91, M91,O91) -> #VALUE! | K91: {=IF( SUMPRODUCT(--ISNUMBER(SEARCH(_xlfn.TEXTSPLIT(D91," "), G91))) / COUNTA(_xlfn.TEXTSPLIT(D91," ")) = 1, "Full Match", IF( SUMPRODUCT(--ISNUMBER(SEARCH(_xlfn.TEXTSPLIT(D91," "), G91))) / COUNTA(_xlfn.TEXTSPLIT(D91," ")) > 0.5, "Partial Match", "No Match" ) )} -> No Match | L91: {=_xldudf_BOARDFLARE_FMATCH(G91,D91)} -> #NAME? | M91: {=_FV(L91,"Similarity",TRUE)} -> #VALUE! | N91: {=_xldudf_BOARDFLARE_FMATCH(D91,G91)} -> #NAME? | O91: {=_FV(N91,"Similarity",TRUE)} -> #VALUE! | Q91: 5 | R91: 9 | S91: Abbreviations: AUC = area under the serum concentration-time curve; AUC0-∞= AUC from time 0 extrapolated to infinite time; CL/F = apparent serum clearance of drug after extravascular administration; Cmax = maximum observed serum concentration; N = number of participants in PK Analysis Set; PK = pharmacokinetic(s); t1/2 = terminal half-life; Tmax = time to maximum serum drug concentration; VD/F = apparent volume of distribution | T91: 5 | U91: 9 | V91: NA | W91: Yes | X91: {=IF( SUMPRODUCT(--ISNUMBER(SEARCH(_xlfn.TEXTSPLIT(D91," "), G91))) / COUNTA(_xlfn.TEXTSPLIT(D91," ")) = 1, "Full Match", IF( SUMPRODUCT(--ISNUMBER(SEARCH(_xlfn.TEXTSPLIT(D91," "), G91))) / COUNTA(_xlfn.TEXTSPLIT(D91," ")) > 0.5, "Partial Match", "No Match" ) )} -> No Match
A92: <Table Pharmacokinetic Parameters of ABC-123 Following Repeated-Dose Administration > | C92: Table | D92: Dose (mg, Q2W x 3 doses) N Cmax,ss (ng/mL) Cmin,ss (ng/mL) Tmax,ss (hr) AUCτ (ng·hr/mL) t½ (hr) Rac CL/F (L/hr) 150 30 850 250 4.0 8500 16.5 1.9 8.1 | E92: Mock_CSR _Tables_30Oct25.rtf | F92: Insert the table showing pharmacokinetic parameters of ABC-123 following repeated-dose administration. | G92: PD Biomarker Changes Following Repeated Dose of ABC-123 and Placebo in Boneitis Participants | I92: {=_xldudf_BOARDFLARE_FMATCH(G92,D92)} -> #NAME? | J92: =IF(M92>O92, M92,O92) -> #VALUE! | K92: {=IF( SUMPRODUCT(--ISNUMBER(SEARCH(_xlfn.TEXTSPLIT(D92," "), G92))) / COUNTA(_xlfn.TEXTSPLIT(D92," ")) = 1, "Full Match", IF( SUMPRODUCT(--ISNUMBER(SEARCH(_xlfn.TEXTSPLIT(D92," "), G92))) / COUNTA(_xlfn.TEXTSPLIT(D92," ")) > 0.5, "Partial Match", "No Match" ) )} -> No Match | L92: {=_xldudf_BOARDFLARE_FMATCH(G92,D92)} -> #NAME? | M92: {=_FV(L92,"Similarity",TRUE)} -> #VALUE! | N92: {=_xldudf_BOARDFLARE_FMATCH(D92,G92)} -> #NAME? | O92: {=_FV(N92,"Similarity",TRUE)} -> #VALUE! | Q92: 2 | R92: 9 | S92: Abbreviations: AUCτ = area under the plasma concentration–time curve during the dosing interval (τ); CL/F = apparent clearance; Cmax,ss = maximum observed plasma concentration at steady state; Cmin,ss = minimum plasma concentration at steady state; N = number of participants; Tmax,ss = time to reach maximum plasma concentration at steady state; t½ = Elimination half-life; Rac = accumulation ratio | T92: 8 | U92: 7 | V92: NA | W92: No | X92: {=IF( SUMPRODUCT(--ISNUMBER(SEARCH(_xlfn.TEXTSPLIT(D92," "), G92))) / COUNTA(_xlfn.TEXTSPLIT(D92," ")) = 1, "Full Match", IF( SUMPRODUCT(--ISNUMBER(SEARCH(_xlfn.TEXTSPLIT(D92," "), G92))) / COUNTA(_xlfn.TEXTSPLIT(D92," ")) > 0.5, "Partial Match", "No Match" ) )} -> No Match
A93: <Conclusion Pharmacokinetic > | C93: Paragraph | D93: Overall, ABC-123 exhibits dose-proportional pharmacokinetics with predictable increases in exposure and moderate accumulation upon repeated dosing, supporting the dosing regimen evaluated in this study. | E93: Mock_CSR Key messages_with_heading.docx | F93: Summarize the main pharmacokinetic conclusion or key PK analysis summary for the study, keeping it brief and focused. | G93: The pharmacokinetic profile of ABC-123 will be characterized by assessing serum concentration-time profiles and calculating PK parameters using noncompartmental methods, with results summarized descriptively to evaluate dose proportionality and exposure. | I93: {=_xldudf_BOARDFLARE_FMATCH(G93,D93)} -> #NAME? | J93: =IF(M93>O93, M93,O93) -> #VALUE! | K93: {=IF( SUMPRODUCT(--ISNUMBER(SEARCH(_xlfn.TEXTSPLIT(D93," "), G93))) / COUNTA(_xlfn.TEXTSPLIT(D93," ")) = 1, "Full Match", IF( SUMPRODUCT(--ISNUMBER(SEARCH(_xlfn.TEXTSPLIT(D93," "), G93))) / COUNTA(_xlfn.TEXTSPLIT(D93," ")) > 0.5, "Partial Match", "No Match" ) )} -> No Match | L93: {=_xldudf_BOARDFLARE_FMATCH(G93,D93)} -> #NAME? | M93: {=_FV(L93,"Similarity",TRUE)} -> #VALUE! | N93: {=_xldudf_BOARDFLARE_FMATCH(D93,G93)} -> #NAME? | O93: {=_FV(N93,"Similarity",TRUE)} -> #VALUE! | AE93: yes | AF93: yes | AG93: =AE93=AF93 -> TRUE | AH93: {=SUMPRODUCT(--ISNUMBER(SEARCH(_xlfn.TEXTSPLIT(D93," "), G93))) / COUNTA(_xlfn.TEXTSPLIT(D93," "))} -> 0 | AI93: {=IF( SUMPRODUCT(--ISNUMBER(SEARCH(_xlfn.TEXTSPLIT(D93," "), G93))) / COUNTA(_xlfn.TEXTSPLIT(D93," ")) = 1, "Full Match", IF( SUMPRODUCT(--ISNUMBER(SEARCH(_xlfn.TEXTSPLIT(D93," "), G93))) / COUNTA(_xlfn.TEXTSPLIT(D93," ")) > 0.5, "Partial Match", "No Match" ) )} -> No Match
A94: <Summary of Pharmacodynamics data> | C94: Paragraph | D94: We have 2 PD Tables [Refer Source: CSR_Mock Tables] o ABC-123 demonstrates clear pharmacodynamic activity related to glucose and lipid metabolism. o Effects were modest and emerging after a single dose but became pronounced and consistent after repeated administration. o The biomarker pattern (↓ glucose, insulin, C-peptide, FFAs; ↑ adiponectin; ↓ leptin) is indicative of improved insulin sensitivity and metabolic balance. | E94: Mock_CSR_Protocol.docx | F94: Summarize the pharmacodynamics data for both SAD and repeat dose, including methods and intent of analysis. | I94: {=_xldudf_BOARDFLARE_FMATCH(G94,D94)} -> #NAME? | J94: =IF(M94>O94, M94,O94) -> #VALUE! | K94: {=IF( SUMPRODUCT(--ISNUMBER(SEARCH(_xlfn.TEXTSPLIT(D94," "), G94))) / COUNTA(_xlfn.TEXTSPLIT(D94," ")) = 1, "Full Match", IF( SUMPRODUCT(--ISNUMBER(SEARCH(_xlfn.TEXTSPLIT(D94," "), G94))) / COUNTA(_xlfn.TEXTSPLIT(D94," ")) > 0.5, "Partial Match", "No Match" ) )} -> No Match | L94: {=_xldudf_BOARDFLARE_FMATCH(G94,D94)} -> #NAME? | M94: {=_FV(L94,"Similarity",TRUE)} -> #VALUE! | N94: {=_xldudf_BOARDFLARE_FMATCH(D94,G94)} -> #NAME? | O94: {=_FV(N94,"Similarity",TRUE)} -> #VALUE! | AE94: yes | AF94: NA | AG94: =AE94=AF94 -> FALSE | AH94: {=SUMPRODUCT(--ISNUMBER(SEARCH(_xlfn.TEXTSPLIT(D94," "), G94))) / COUNTA(_xlfn.TEXTSPLIT(D94," "))} -> 0 | AI94: {=IF( SUMPRODUCT(--ISNUMBER(SEARCH(_xlfn.TEXTSPLIT(D94," "), G94))) / COUNTA(_xlfn.TEXTSPLIT(D94," ")) = 1, "Full Match", IF( SUMPRODUCT(--ISNUMBER(SEARCH(_xlfn.TEXTSPLIT(D94," "), G94))) / COUNTA(_xlfn.TEXTSPLIT(D94," ")) > 0.5, "Partial Match", "No Match" ) )} -> No Match
A95: <Table PD Biomarker Changes Following Single Ascending Dose (SAD)> | C95: Table | D95: Biomarker Placebo SAD Baseline (Mean ± SD) Post-Treatment (Mean ± SD) Change (Mean ± SD) Baseline (Mean ± SD) Post-Treatment (Mean ± SD) Change (Mean ± SD) Fasting glucose (mg/dL) 101.5 ± 9.8 100.8 ± 9.5 –0.7 ± 1.2 102.0 ± 10.2 96.8 ± 9.1 –5.2 ± 3.8 Insulin (µU/mL) 16.0 ± 3.0 15.8 ± 3.2 –0.2 ± 0.9 16.2 ± 3.1 14.1 ± 2.9 –2.1 ± 1.5 C-peptide (ng/mL) 2.5 ± 0.5 2.4 ± 0.4 –0.1 ± 0.1 2.5 ± 0.4 2.2 ± 0.3 –0.3 ± 0.2 Free fatty acids (mmol/L) 0.61 ± 0.08 0.60 ± 0.07 –0.01 ± 0.02 0.62 ± 0.09 0.54 ± 0.07 –0.08 ± 0.05 Adiponectin (µg/mL) 6.1 ± 1.1 6.2 ± 1.0 +0.1 ± 0.3 6.0 ± 1.0 7.1 ± 1.2 +1.1 ± 0.8 Leptin (ng/mL) 13.6 ± 2.9 13.4 ± 2.6 –0.2 ± 0.7 13.5 ± 2.8 12.0 ± 2.4 –1.5 ± 1.1 | E95: Mock_CSR _Tables_30Oct25.rtf | F95: Insert the table summarizing PD biomarker changes following single ascending dose (SAD) of ABC-123. | G95: Summary of Study Drug Exposure (Safety Analysis Set) | I95: {=_xldudf_BOARDFLARE_FMATCH(G95,D95)} -> #NAME? | J95: =IF(M95>O95, M95,O95) -> #VALUE! | K95: {=IF( SUMPRODUCT(--ISNUMBER(SEARCH(_xlfn.TEXTSPLIT(D95," "), G95))) / COUNTA(_xlfn.TEXTSPLIT(D95," ")) = 1, "Full Match", IF( SUMPRODUCT(--ISNUMBER(SEARCH(_xlfn.TEXTSPLIT(D95," "), G95))) / COUNTA(_xlfn.TEXTSPLIT(D95," ")) > 0.5, "Partial Match", "No Match" ) )} -> No Match | L95: {=_xldudf_BOARDFLARE_FMATCH(G95,D95)} -> #NAME? | M95: {=_FV(L95,"Similarity",TRUE)} -> #VALUE! | N95: {=_xldudf_BOARDFLARE_FMATCH(D95,G95)} -> #NAME? | O95: {=_FV(N95,"Similarity",TRUE)} -> #VALUE! | Q95: 8 | R95: 7 | S95: Abbreviations: SAD = single ascending dose; SD = standard deviation | T95: 31 | U95: 5 | V95: NA | W95: No | X95: {=IF( SUMPRODUCT(--ISNUMBER(SEARCH(_xlfn.TEXTSPLIT(D95," "), G95))) / COUNTA(_xlfn.TEXTSPLIT(D95," ")) = 1, "Full Match", IF( SUMPRODUCT(--ISNUMBER(SEARCH(_xlfn.TEXTSPLIT(D95," "), G95))) / COUNTA(_xlfn.TEXTSPLIT(D95," ")) > 0.5, "Partial Match", "No Match" ) )} -> No Match
A96: <Table PD Biomarker Changes Following Repeated Dose of ABC-123> | C96: Table | D96: Biomarker Placebo Repeated Dose Baseline (Mean ± SD) Post-Treatment (Mean ± SD) Change (Mean ± SD) Baseline (Mean ± SD) Post-Treatment (Mean ± SD) Change (Mean ± SD) Fasting glucose (mg/dL) 111.0 ± 11.8 110.2 ± 12.0 –0.8 ± 1.5 110.5 ± 12.3 98.1 ± 10.5 –12.4 ± 6.3 Insulin (µU/mL) 18.0 ± 4.0 17.8 ± 3.8 –0.2 ± 1.1 18.2 ± 3.9 11.7 ± 3.2 –6.5 ± 3.0 C-peptide (ng/mL) 2.9 ± 0.5 2.8 ± 0.5 –0.1 ± 0.1 2.8 ± 0.6 2.0 ± 0.4 –0.8 ± 0.4 Free fatty acids (mmol/L) 0.65 ± 0.10 0.64 ± 0.09 –0.01 ± 0.03 0.66 ± 0.11 0.48 ± 0.09 –0.18 ± 0.09 Adiponectin (µg/mL) 6.2 ± 1.2 6.3 ± 1.1 +0.1 ± 0.4 6.1 ± 1.3 8.6 ± 1.5 +2.5 ± 1.2 Leptin (ng/mL) 14.6 ± 3.1 14.5 ± 3.0 –0.1 ± 0.6 14.8 ± 3.4 11.0 ± 2.9 –3.8 ± 1.7 | E96: Mock_CSR _Tables_30Oct25.rtf | F96: Insert the table showing PD biomarker changes following repeated dose of ABC-123. | G96: Summary of Study Drug Exposure (Safety Analysis Set) | I96: {=_xldudf_BOARDFLARE_FMATCH(G96,D96)} -> #NAME? | J96: =IF(M96>O96, M96,O96) -> #VALUE! | K96: {=IF( SUMPRODUCT(--ISNUMBER(SEARCH(_xlfn.TEXTSPLIT(D96," "), G96))) / COUNTA(_xlfn.TEXTSPLIT(D96," ")) = 1, "Full Match", IF( SUMPRODUCT(--ISNUMBER(SEARCH(_xlfn.TEXTSPLIT(D96," "), G96))) / COUNTA(_xlfn.TEXTSPLIT(D96," ")) > 0.5, "Partial Match", "No Match" ) )} -> No Match | L96: {=_xldudf_BOARDFLARE_FMATCH(G96,D96)} -> #NAME? | M96: {=_FV(L96,"Similarity",TRUE)} -> #VALUE! | N96: {=_xldudf_BOARDFLARE_FMATCH(D96,G96)} -> #NAME? | O96: {=_FV(N96,"Similarity",TRUE)} -> #VALUE! | Q96: 8 | R96: 7 | S96: Abbreviations: SD = standard deviation | T96: 31 | U96: 5 | V96: NA | W96: No | X96: {=IF( SUMPRODUCT(--ISNUMBER(SEARCH(_xlfn.TEXTSPLIT(D96," "), G96))) / COUNTA(_xlfn.TEXTSPLIT(D96," ")) = 1, "Full Match", IF( SUMPRODUCT(--ISNUMBER(SEARCH(_xlfn.TEXTSPLIT(D96," "), G96))) / COUNTA(_xlfn.TEXTSPLIT(D96," ")) > 0.5, "Partial Match", "No Match" ) )} -> No Match
A97: <PD Conclusion> | C97: Paragraph | D97: The pharmacodynamic analysis demonstrated that ABC-123 induces notable biomarker changes in both healthy volunteers following single ascending doses and in Boneitis patients receiving repeated doses. In healthy participants, modest improvements were observed in glucose metabolism and insulin sensitivity, as evidenced by reductions in fasting glucose, insulin, and leptin, alongside increased adiponectin levels. These changes were more pronounced in Boneitis participants, where repeated dosing resulted in significant reductions in fasting glucose, insulin, C-peptide, and leptin, coupled with a substantial rise in adiponectin. Placebo groups in both populations showed minimal biomarker changes, supporting the treatment-related effects observed. Overall, these findings suggest that ABC-123 exerts stronger pharmacodynamic effects in the diseased state, highlighting its potential as a therapeutic agent for Boneitis by improving metabolic dysfunction associated with the condition. | E97: Mock_CSR Key messages_with_heading.docx | F97: Write a very brief conclusion summarizing the pharmacodynamic (PD) findings for ABC-123. | G97: In summary, ABC-123 demonstrated a favorable pharmacodynamic profile, showing peripheral PD activity without central effects, supporting its continued evaluation in clinical studies. | I97: {=_xldudf_BOARDFLARE_FMATCH(G97,D97)} -> #NAME? | J97: =IF(M97>O97, M97,O97) -> #VALUE! | K97: {=IF( SUMPRODUCT(--ISNUMBER(SEARCH(_xlfn.TEXTSPLIT(D97," "), G97))) / COUNTA(_xlfn.TEXTSPLIT(D97," ")) = 1, "Full Match", IF( SUMPRODUCT(--ISNUMBER(SEARCH(_xlfn.TEXTSPLIT(D97," "), G97))) / COUNTA(_xlfn.TEXTSPLIT(D97," ")) > 0.5, "Partial Match", "No Match" ) )} -> No Match | L97: {=_xldudf_BOARDFLARE_FMATCH(G97,D97)} -> #NAME? | M97: {=_FV(L97,"Similarity",TRUE)} -> #VALUE! | N97: {=_xldudf_BOARDFLARE_FMATCH(D97,G97)} -> #NAME? | O97: {=_FV(N97,"Similarity",TRUE)} -> #VALUE! | AE97: yes | AF97: NA | AG97: =AE97=AF97 -> FALSE | AH97: {=SUMPRODUCT(--ISNUMBER(SEARCH(_xlfn.TEXTSPLIT(D97," "), G97))) / COUNTA(_xlfn.TEXTSPLIT(D97," "))} -> 0 | AI97: {=IF( SUMPRODUCT(--ISNUMBER(SEARCH(_xlfn.TEXTSPLIT(D97," "), G97))) / COUNTA(_xlfn.TEXTSPLIT(D97," ")) = 1, "Full Match", IF( SUMPRODUCT(--ISNUMBER(SEARCH(_xlfn.TEXTSPLIT(D97," "), G97))) / COUNTA(_xlfn.TEXTSPLIT(D97," ")) > 0.5, "Partial Match", "No Match" ) )} -> No Match
A98: <summary of Table Study Drug Exposure (Safety Analysis Set)> | C98: Paragraph | E98: Mock_CSR Key messages_with_heading.docx | F98: Write a concise narrative summarizing and interpreting the Study Drug Exposure (Safety Analysis Set) table, without mentioning the table number. | G98: Participants in the Safety Analysis Set received the study drug for an average of approximately 30.65 months, with a median duration of 19.84 months. The cumulative dose administered had a mean of 101,930 mg and a median of 125,896.23 mg, with a standard deviation of 41,980 mg. These findings indicate that the majority of participants experienced substantial drug exposure over a prolonged period, supporting the robustness of the safety evaluation. | I98: {=_xldudf_BOARDFLARE_FMATCH(G98,D98)} -> #NAME? | J98: =IF(M98>O98, M98,O98) -> #VALUE! | K98: {=IF( SUMPRODUCT(--ISNUMBER(SEARCH(_xlfn.TEXTSPLIT(D98," "), G98))) / COUNTA(_xlfn.TEXTSPLIT(D98," ")) = 1, "Full Match", IF( SUMPRODUCT(--ISNUMBER(SEARCH(_xlfn.TEXTSPLIT(D98," "), G98))) / COUNTA(_xlfn.TEXTSPLIT(D98," ")) > 0.5, "Partial Match", "No Match" ) )} -> No Match | L98: {=_xldudf_BOARDFLARE_FMATCH(G98,D98)} -> #NAME? | M98: {=_FV(L98,"Similarity",TRUE)} -> #VALUE! | N98: {=_xldudf_BOARDFLARE_FMATCH(D98,G98)} -> #NAME? | O98: {=_FV(N98,"Similarity",TRUE)} -> #VALUE! | AE98: no | AF98: NA | AG98: =AE98=AF98 -> FALSE | AH98: {=SUMPRODUCT(--ISNUMBER(SEARCH(_xlfn.TEXTSPLIT(D98," "), G98))) / COUNTA(_xlfn.TEXTSPLIT(D98," "))} -> 0 | AI98: {=IF( SUMPRODUCT(--ISNUMBER(SEARCH(_xlfn.TEXTSPLIT(D98," "), G98))) / COUNTA(_xlfn.TEXTSPLIT(D98," ")) = 1, "Full Match", IF( SUMPRODUCT(--ISNUMBER(SEARCH(_xlfn.TEXTSPLIT(D98," "), G98))) / COUNTA(_xlfn.TEXTSPLIT(D98," ")) > 0.5, "Partial Match", "No Match" ) )} -> No Match
A99: <Table Study Drug Exposure (Safety Analysis Set)> | C99: Table | D99: Parameter Statistics Treatment Placebo Total N=21 N=10 N=31 Number of Subjects with at least one: TEAE n (%) 18 (85.7) 5 (50.0) 23 (74.2) Treatment Related TEAE n (%) 13 (61.9) 0 13 (41.9) Grade 3 or Higher TEAE n (%) 7 (22.6) 2 9 (29.0) Serious TEAE n (%) 7 (22.6) 2 9 (29.0) Serious Treatment Related TEAE n (%) 5 (23.8) 0 5 (16.1) TEAE resulting in discontinuation of study drug n (%) 2 (9.5) 0 2 (6.5) TEAE resulting in dose modification of study drug n (%) 1 (4.8) 0 1 (3.2) TEAE resulting in dose reduction of study drug n (%) 0 0 0 TEAE resulting in death n (%) 3 (14.2) 0 3 (9.7) Treatment related TEAE resulting in death n (%) 3 (14.2) 0 3 (9.7) | E99: Mock_CSR _Tables_30Oct25.rtf | F99: Insert the table corresponding to 'Study Drug Exposure (Safety Analysis Set)' by matching its caption. | G99: Biomarker Placebo SAD Baseline (Mean ± SD) Post-Treatment (Mean ± SD) Change (Mean ± SD) Baseline (Mean ± SD) Post-Treatment (Mean ± SD) Change (Mean ± SD) Fasting glucose (mg/dL) 101.5 ± 9.8 100.8 ± 9.5 –0.7 ± 1.2 102.0 ± 10.2 96.8 ± 9.1 –5.2 ± 3.8 Insulin (µU/mL) 16.0 ± 3.0 15.8 ± 3.2 –0.2 ± 0.9 16.2 ± 3.1 14.1 ± 2.9 –2.1 ± 1.5 C-peptide (ng/mL) 2.5 ± 0.5 2.4 ± 0.4 –0.1 ± 0.1 2.5 ± 0.4 2.2 ± 0.3 –0.3 ± 0.2 Free fatty acids (mmol/L) 0.61 ± 0.08 0.60 ± 0.07 –0.01 ± 0.02 0.62 ± 0.09 0.54 ± 0.07 –0.08 ± 0.05 Adiponectin (µg/mL) 6.1 ± 1.1 6.2 ± 1.0 +0.1 ± 0.3 6.0 ± 1.0 7.1 ± 1.2 +1.1 ± 0.8 Leptin (ng/mL) 13.6 ± 2.9 13.4 ± 2.6 –0.2 ± 0.7 13.5 ± 2.8 12.0 ± 2.4 –1.5 ± 1.1 | I99: {=_xldudf_BOARDFLARE_FMATCH(G99,D99)} -> #NAME? | J99: =IF(M99>O99, M99,O99) -> #VALUE! | K99: {=IF( SUMPRODUCT(--ISNUMBER(SEARCH(_xlfn.TEXTSPLIT(D99," "), G99))) / COUNTA(_xlfn.TEXTSPLIT(D99," ")) = 1, "Full Match", IF( SUMPRODUCT(--ISNUMBER(SEARCH(_xlfn.TEXTSPLIT(D99," "), G99))) / COUNTA(_xlfn.TEXTSPLIT(D99," ")) > 0.5, "Partial Match", "No Match" ) )} -> No Match | L99: {=_xldudf_BOARDFLARE_FMATCH(G99,D99)} -> #NAME? | M99: {=_FV(L99,"Similarity",TRUE)} -> #VALUE! | N99: {=_xldudf_BOARDFLARE_FMATCH(D99,G99)} -> #NAME? | O99: {=_FV(N99,"Similarity",TRUE)} -> #VALUE! | Q99: 13 | R99: 5 | S99: Abbreviations: TEAE = treatment emergent adverse event | T99: 31 | U99: 5 | V99: NA | W99: no | X99: {=IF( SUMPRODUCT(--ISNUMBER(SEARCH(_xlfn.TEXTSPLIT(D99," "), G99))) / COUNTA(_xlfn.TEXTSPLIT(D99," ")) = 1, "Full Match", IF( SUMPRODUCT(--ISNUMBER(SEARCH(_xlfn.TEXTSPLIT(D99," "), G99))) / COUNTA(_xlfn.TEXTSPLIT(D99," ")) > 0.5, "Partial Match", "No Match" ) )} -> No Match
A100: <Adverse Events> | C100: Paragraph | D100: Adverse events will be reported by the participant (or, when appropriate, by a caregiver, surrogate, or the participant's legally authorized representative). The Investigator and any qualified designees are responsible for detecting, documenting, and recording events that meet the definition of an AE or SAE and remain responsible for following up AEs that are serious, considered related to the study intervention or study procedures, or that caused the participant to discontinue study intervention (see Section 7). The Investigator must evaluate the clinical significance of a finding prior to grading and recording it as an AE. | E100: Mock_CSR_Protocol.docx | F100: Summarize the process and responsibilities for adverse event reporting and monitoring in the clinical study. | G100: Adverse events (AEs) will be reported by participants or their representatives. Investigators and qualified designees are responsible for detecting, documenting, and recording all events that meet the definition of an AE or serious adverse event (SAE), and must follow up on any serious or study-related AEs, as well as those causing discontinuation of study intervention. The clinical significance of each finding must be evaluated before it is graded and recorded as an AE. Adverse events and concomitant medication use will be monitored throughout the study. | I100: {=_xldudf_BOARDFLARE_FMATCH(G100,D100)} -> #NAME? | J100: =IF(M100>O100, M100,O100) -> #VALUE! | K100: {=IF( SUMPRODUCT(--ISNUMBER(SEARCH(_xlfn.TEXTSPLIT(D100," "), G100))) / COUNTA(_xlfn.TEXTSPLIT(D100," ")) = 1, "Full Match", IF( SUMPRODUCT(--ISNUMBER(SEARCH(_xlfn.TEXTSPLIT(D100," "), G100))) / COUNTA(_xlfn.TEXTSPLIT(D100," ")) > 0.5, "Partial Match", "No Match" ) )} -> No Match | L100: {=_xldudf_BOARDFLARE_FMATCH(G100,D100)} -> #NAME? | M100: {=_FV(L100,"Similarity",TRUE)} -> #VALUE! | N100: {=_xldudf_BOARDFLARE_FMATCH(D100,G100)} -> #NAME? | O100: {=_FV(N100,"Similarity",TRUE)} -> #VALUE! | AE100: yes | AF100: yes | AG100: =AE100=AF100 -> TRUE | AH100: {=SUMPRODUCT(--ISNUMBER(SEARCH(_xlfn.TEXTSPLIT(D100," "), G100))) / COUNTA(_xlfn.TEXTSPLIT(D100," "))} -> 0 | AI100: {=IF( SUMPRODUCT(--ISNUMBER(SEARCH(_xlfn.TEXTSPLIT(D100," "), G100))) / COUNTA(_xlfn.TEXTSPLIT(D100," ")) = 1, "Full Match", IF( SUMPRODUCT(--ISNUMBER(SEARCH(_xlfn.TEXTSPLIT(D100," "), G100))) / COUNTA(_xlfn.TEXTSPLIT(D100," ")) > 0.5, "Partial Match", "No Match" ) )} -> No Match
...

Sheet Inline
A2: Placeholder | C2: Placeholder Type | D2: Expected Value | E2: Source Document | F2: Writing instruction | G2: AI Replaced Text | H2: Ai detected Source | I2: Matching Accuracy | J2: Similarity Score | K2: Source Match
A3: {=_xlfn._xlws.FILTER(QA!A3:K500, QA!C3:C500="Inline")} -> <Sponsor's Name> | B3: 0 | C3: Inline | D3: Stendarr, Inc | E3: Mock_CSR_Protocol.docx | F3: 0 | G3: Sponsor | H3: 0 | I3: #NAME? | J3: #VALUE! | K3: 0
A4: <Study Title> | B4: 0 | C4: Inline | D4: A First-In-Human, Phase 1, Randomized, Double-Blind, Placebo-Controlled Study to Evaluate the Safety, Tolerability, and Pharmacokinetics of ABC-123 as a Single Dose in Healthy Participants and as Multiple Doses in Participants with Grade 2 Boneitis | E4: Mock_CSR_Protocol.docx | F4: Insert the full official study title as a formatted paragraph. | G4: 0 | H4: 0 | I4: #NAME? | J4: #VALUE! | K4: 0
A5: <Sponsor's Name> | B5: 0 | C5: Inline | D5: Stendarr, Inc | E5: Mock_CSR_Protocol.docx | F5: 0 | G5: Sponsor | H5: 0 | I5: #NAME? | J5: #VALUE! | K5: 0
A6: <Sponsor's Name> | B6: 0 | C6: Inline | D6: Stendarr, Inc | E6: Mock_CSR_Protocol.docx | F6: Provide the Sponsor's name exactly as stated in the authoritative context. | G6: Sponsor | H6: 0 | I6: #NAME? | J6: #VALUE! | K6: 0
A7: <Sponsor> | B7: 0 | C7: Inline | D7: Stendarr, Inc | E7: Mock_CSR_Protocol.docx | F7: Insert the Sponsor name inline, matching the format and continuity of the surrounding text. | G7: Stendarr, Inc. | H7: 0 | I7: #NAME? | J7: #VALUE! | K7: 0
A8: <xx study centers by xx investigators> | B8: 0 | C8: Inline | D8: 0 | E8: Mock_CSR_Protocol.docx | F8: Replace the placeholder with the number of study centers and investigators if available. | G8: in cooperation with a number of support organizations (Table 1). A list of investigators and other important participants in the study is provided in Appendix 16.1.4. Signatures of the Coordinating Investigator and the Sponsor's responsible medical officer are included in Appendix 16.1.5. | H8: 0 | I8: #NAME? | J8: #VALUE! | K8: 0
A9: <Figure X> | B9: 0 | C9: Inline | D9: 0 | E9: 0 | F9: 0 | G9: 0 | H9: 0 | I9: #NAME? | J9: #VALUE! | K9: 0
A10: <Date of Report> | B10: 0 | C10: Inline | D10: 46082 | E10: 0 | F10: Insert the report date in the format DD Month YYYY for inline continuity after 'Page 1 of'. | G10: 0 | H10: 0 | I10: #NAME? | J10: #VALUE! | K10: 0
A11: <Investigational drug Name> | B11: 0 | C11: Inline | D11: ABC-123 | E11: Mock_CSR_Protocol.docx | F11: Insert the investigational drug name in a concise inline format. | G11: ABC-123 | H11: 0 | I11: #NAME? | J11: #VALUE! | K11: 0
A12: <Protocol Number> | B12: 0 | C12: Inline | D12: SKY-2000-101 | E12: Mock_CSR_Protocol.docx | F12: Insert the protocol number in the format used in the source protocol document. | G12: SKY-2000-101 | H12: 0 | I12: #NAME? | J12: #VALUE! | K12: 0
A13: <Version X.0> | B13: 0 | C13: Inline | D13: 0 | E13: 0 | F13: Provide the protocol version number in the format 'Version X.0' if available. | G13: Appendix 16.1.1 | H13: 0 | I13: #NAME? | J13: #VALUE! | K13: 0
A14: <Table X> | B14: 0 | C14: Inline | D14: Table 1 | E14: Mock_CSR_Protocol.docx | F14: Provide the most likely table number for the Schedule of Assessments, matching the placeholder's inline format. | G14: Table 14.1.1 | H14: 0 | I14: #NAME? | J14: #VALUE! | K14: 0
A15: <IND Number> | B15: 0 | C15: Inline | D15: 123456 | E15: 0 | F15: Insert the IND number in the format 'IND: 123456' inline with the surrounding text. | G15: IND: 123456 | H15: 0 | I15: #NAME? | J15: #VALUE! | K15: 0
A16: <Protocol Identification (Code or Number)> | B16: 0 | C16: Inline | D16: SKY-2000-101 | E16: 0 | F16: Insert the protocol identification code or number in the format typically used for clinical study protocols. | G16: SKY-2000-101 | H16: 0 | I16: #NAME? | J16: #VALUE! | K16: 0
A17: <DD Month YYYY> | B17: 0 | C17: Inline | D17: 1st march 2023 | E17: 0 | F17: Provide the protocol date in the format matching 'DD MM YYYY'. | G17: DD MM YYYY | H17: 0 | I17: #NAME? | J17: #VALUE! | K17: 0

Sheet Paragraph
A2: Placeholder | C2: Placeholder Type | D2: Expected Value | E2: Source Document | F2: Writing instruction | G2: AI Replaced Text | H2: Ai detected Source | I2: Matching Accuracy | J2: Similarity Score | K2: Source Match
A3: {=_xlfn._xlws.FILTER(QA!A3:K500, QA!C3:C500="Paragraph")} -> <Synopsis> | B3: 0 | C3: Paragraph | D3: A First-In-Human, Phase 1, Randomized, Double-Blind, Placebo-Controlled Study to Evaluate the Safety, Tolerability, and Pharmacokinetics of ABC-123 as a Single Dose in Healthy Participants and as Multiple Doses in Participants with Grade 2 Boneitis.Short Title: Phase 1 RCT of ABC-123 in healthy participants (SAD) and participants with boneitis (repeat-dose) | E3: Mock_CSR_Protocol.docx | F3: Provide a brief synopsis summarizing the protocol title and short title for the study. | G3: A First-In-Human, Phase 1, Randomized, Double-Blind, Placebo-Controlled Study to Evaluate the Safety, Tolerability, and Pharmacokinetics of ABC-123 as a Single Dose in Healthy Participants and as Multiple Doses in Participants with Grade 2 Boneitis.Short Title: Phase 1 RCT of ABC-123 in healthy participants (SAD) and participants with boneitis (repeat-dose) | H3: 0 | I3: #NAME? | J3: #VALUE! | K3: No Match | M3: A First-In-Human, Phase 1, Randomized, Double-Blind, Placebo-Controlled Study to Evaluate the Safety, Tolerability, and Pharmacokinetics of ABC-123 as a Single Dose in Healthy Participants and as Multiple Doses in Participants with Grade 2 Boneitis.Short Title: Phase 1 RCT of ABC-123 in healthy participants (SAD) and participants with boneitis (repeat-dose)
A4: <Company Name> | B4: 0 | C4: Paragraph | D4: Stendarr, Inc | E4: Mock_CSR_Protocol.docx | F4: Insert the company name associated with the study, matching the format of the placeholder. | G4: Clinovance Solutions, Inc | H4: 0 | I4: #NAME? | J4: #VALUE! | K4: No Match | M4: Clinovance Solutions, Inc
A5: <Introduction> | B5: 0 | C5: Paragraph | D5: Lurgi is the leading cause of boneitis, eventually leading to the need for surgical intervention in the form of either a partial or complete brainectomy (Biagini et al. 2008). Zammoxin has been the standard of care for many years, and myrnestristoate has recently been approved in the European Union and United States (US) as an additional treatment. Even with treatment, patients with lurgi continue to be at risk for the morbidity, mortality, and impaired quality of life associated with boneitis. Thus, a high unmet medical need remains. The cadmium quantum shift flipper is a G protein-coupled receptor (GPCR), which is characterized by high levels of whomp and activated by promethium. Promethium activation has also been shown to lead to the phosphorylation and activation of mitogen-activated protein kinases. Compelling evidence from nonclinical studies suggests that the mekkalekka is enfrazzled on the snoot in up to 80% of cases. Whomp is predominantly upregulated in the grudgeon cells in murine models of boneitis. Pharmacological inhibition by blorp induction ameliorates whomp, inhibits spasms in the superior noidal zone, and prevents hyperfractal embarkation. | E5: Mock_CSR_Protocol.docx | F5: Write a concise introductory paragraph summarizing the investigational product, indication, study objectives, and population. | G5: ABC-123, a triolic gluon fragmentator, is being investigated for the treatment of lurgi, a condition that leads to boneitis and may require surgical interventions such as partial or complete brainectomy. The study aims to evaluate the safety, tolerability, and potentially the pharmacodynamics of ABC-123 by targeting the cadmium quantum shift flipper, which may reduce the risk of boneitis. The study includes patients with lurgi, a population with high unmet medical need, and utilizes a design that allows for meaningful exposure over 2 to 4 weeks, even with a single high-end dose. | H5: 0 | I5: #NAME? | J5: #VALUE! | K5: No Match | M5: ABC-123, a triolic gluon fragmentator, is being investigated for the treatment of lurgi, a condition that leads to boneitis and may require surgical interventions such as partial or complete brainectomy. The study aims to evaluate the safety, tolerability, and potentially the pharmacodynamics of ABC-123 by targeting the cadmium quantum shift flipper, which may reduce the risk of boneitis. The study includes patients with lurgi, a population with high unmet medical need, and utilizes a design that allows for meaningful exposure over 2 to 4 weeks, even with a single high-end dose.
A6: <Background Information> | B6: 0 | C6: Paragraph | D6: ABC-123 is a triolic gluon fragmentator, a type of blorp inductor made with binkles and naturally occurring fram. Blorp inductors typically have a long half-life, which facilitates weekly or monthly dosing, and are generally found to be poorly penetrant to the CNS. By targeting only peripheral receptors, ABC-123 potentially reduces the risk for boneitis previously described in patients with lurgi. This is a first-in-human study. It is intended to provide the initial safety, PK, and pharmacology data for ABC-123 in humans | E6: Mock_CSR_Protocol.docx | F6: Write a concise background paragraph summarizing the investigational product, its mechanism, class, preclinical evidence, and first-in-human study context. | G6: ABC-123 is a triolic gluon fragmentator, classified as a blorp inductor composed of binkles and fram. Blorp inductors are characterized by a long half-life, enabling weekly or monthly dosing, and are generally poorly penetrant to the CNS, which may reduce the risk of boneitis seen in patients with lurgi. This first-in-human study aims to establish the initial safety, pharmacokinetics, and pharmacology of ABC-123. Preclinical studies have demonstrated that ABC-123 is a potent, selective monoclonal antibody antagonist and inverse agonist of human and monkey grudgeon cells, protecting these cells in vitro and showing pharmacological activity in peripheral tissues without brain involvement. The safety profile of related blorp inductors has been favorable outside CNS effects, with gastrointestinal adverse events being most common. The current study is designed to address the unmet need for a safe and effective peripheral blorp inductor, given the limitations of previous agents. More details on the benefits, risks, and adverse events are available in the Investigator’s Brochure | H6: 0 | I6: #NAME? | J6: #VALUE! | K6: No Match | M6: ABC-123 is a triolic gluon fragmentator, classified as a blorp inductor composed of binkles and fram. Blorp inductors are characterized by a long half-life, enabling weekly or monthly dosing, and are generally poorly penetrant to the CNS, which may reduce the risk of boneitis seen in patients with lurgi. This first-in-human study aims to establish the initial safety, pharmacokinetics, and pharmacology of ABC-123. Preclinical studies have demonstrated that ABC-123 is a potent, selective monoclonal antibody antagonist and inverse agonist of human and monkey grudgeon cells, protecting these cells in vitro and showing pharmacological activity in peripheral tissues without brain involvement. The safety profile of related blorp inductors has been favorable outside CNS effects, with gastrointestinal adverse events being most common. The current study is designed to address the unmet need for a safe and effective peripheral blorp inductor, given the limitations of previous agents. More details on the benefits, risks, and adverse events are available in the Investigator’s Brochure
A7: <Rationale for the study> | B7: 0 | C7: Paragraph | D7: The SAD portion of this study is a standard design for first-in-human testing with a monoclonal antibody. In addition, a 4-week repeated dose cohort will allow confirmation of the safety, tolerability, and repeat-dose PK and immunogenicity in the target population prior to proceeding to subsequent repeat-dose studies in a patient population | E7: Mock_CSR_Protocol.docx | F7: Summarize why the study was conducted, how the design addresses early development goals (safety, tolerability, PK, PD), and justify population, dosing, and exploratory objectives. | G7: This first-in-human, Phase 1 study of ABC-123 was conducted to establish the safety, tolerability, and pharmacokinetics (PK) of the drug in healthy volunteers and in participants with Grade 2 boneitis. The study design includes a single ascending dose (SAD) phase in healthy subjects, supporting the evaluation of safety and PK over up to 28 days, followed by a repeat-dose exploratory efficacy phase in patients with boneitis. The selected study populations and dosing strategies are intended to provide initial human safety and PK data, support dose selection, and inform subsequent studies. Additionally, the study explores phenotypic, genotypic, and biochemical biomarkers to identify patients most likely to respond to ABC-123. The rationale for this approach is supported by nonclinical pharmacology and safety data, which demonstrate the compound's selectivity and tolerability, and by the need to characterize ABC-123's effects prior to advancing to larger clinical studies | H7: 0 | I7: #NAME? | J7: #VALUE! | K7: No Match | M7: This first-in-human, Phase 1 study of ABC-123 was conducted to establish the safety, tolerability, and pharmacokinetics (PK) of the drug in healthy volunteers and in participants with Grade 2 boneitis. The study design includes a single ascending dose (SAD) phase in healthy subjects, supporting the evaluation of safety and PK over up to 28 days, followed by a repeat-dose exploratory efficacy phase in patients with boneitis. The selected study populations and dosing strategies are intended to provide initial human safety and PK data, support dose selection, and inform subsequent studies. Additionally, the study explores phenotypic, genotypic, and biochemical biomarkers to identify patients most likely to respond to ABC-123. The rationale for this approach is supported by nonclinical pharmacology and safety data, which demonstrate the compound's selectivity and tolerability, and by the need to characterize ABC-123's effects prior to advancing to larger clinical studies
A8: <Benefit and Risk assessment> | B8: 0 | C8: Paragraph | D8: ABC-123 has not been studied in humans; therefore, the risk-benefit analysis considerations are based on nonclinical data and reports in the literature on similar therapies. The benefits to participants in the ABC-123 clinical program may include contributing to the process of developing new therapies in an area of unmet need and medical evaluations/assessments associated with study procedures (eg, physical examination); participants with boneitis due to lurgi may or may not experience an impact on progression of the disease. The risks of participation are primarily those associated with adverse reactions to the investigational medicinal product, although there may also be some discomfort associated with subcutaneous (SC) injections or study procedures (eg, blood collection). | E8: Mock_CSR_Protocol.docx | F8: Summarize the risks, potential benefits, and overall benefit–risk conclusion for ABC-123 based on study data in a structured paragraph. | G8: ABC-123 has not been studied in humans; risk assessment is based on nonclinical data and analogous therapies. No known risks, including CNS-associated risks, have been observed in nonclinical pharmacology and safety studies. However, potential risks include adverse reactions to the investigational product, discomfort from subcutaneous injections or study procedures, and CNS-associated effects seen with similar therapies (such as amphibious jocularity, levitation, and the crunge). Additional risks observed with blorp inductors include gastrointestinal events (nausea, diarrhea, vomiting), asthenia/fatigue, hot flushes, and dizziness. Participants will be closely monitored for adverse effects.Potential Benefits: As this is a non-therapeutic study in healthy volunteers and participants with boneitis, direct clinical benefit is not assured. Potential benefits include contributing to the development of new therapies in an area of unmet need and receiving medical evaluations associated with study procedures. There may or may not be an impact on disease progression for participants with boneitis.Overall Benefit–Risk Conclusion: The prior safety experience with similar therapies, lack of brain penetration in nonclinical studies, and absence of significant adverse findings in animal studies support the conduct of this study. The anticipated benefits to medical and scientific knowledge justify the potential risks, which are minimized through appropriate monitoring and dose escalation. Overall, the benefit–risk assessment is considered favorable for participation in this study. | H8: 0 | I8: #NAME? | J8: #VALUE! | K8: No Match | M8: ABC-123 has not been studied in humans; risk assessment is based on nonclinical data and analogous therapies. No known risks, including CNS-associated risks, have been observed in nonclinical pharmacology and safety studies. However, potential risks include adverse reactions to the investigational product, discomfort from subcutaneous injections or study procedures, and CNS-associated effects seen with similar therapies (such as amphibious jocularity, levitation, and the crunge). Additional risks observed with blorp inductors include gastrointestinal events (nausea, diarrhea, vomiting), asthenia/fatigue, hot flushes, and dizziness. Participants will be closely monitored for adverse effects.Potential Benefits: As this is a non-therapeutic study in healthy volunteers and participants with boneitis, direct clinical benefit is not assured. Potential benefits include contributing to the development of new therapies in an area of unmet need and receiving medical evaluations associated with study procedures. There may or may not be an impact on disease progression for participants with boneitis.Overall Benefit–Risk Conclusion: The prior safety experience with similar therapies, lack of brain penetration in nonclinical studies, and absence of significant adverse findings in animal studies support the conduct of this study. The anticipated benefits to medical and scientific knowledge justify the potential risks, which are minimized through appropriate monitoring and dose escalation. Overall, the benefit–risk assessment is considered favorable for participation in this study.
A9: <Risk assessment> | B9: 0 | C9: Paragraph | D9: There are no known risks, including CNS-associated risks, that have been observed in nonclinical pharmacology and safety studies of ABC-123. ABC-123 targets peripheral receptors, potentially reducing the risk for the CNS-associated adverse effects observed in blorp inductors (ie, amphibious jocularity, levitation, and the crunge). Participants in the ABC-123 clinical program will be closely monitored for these CNS-associated risks until sufficient data in the ABC-123 clinical program are available to discharge these risks. Additional risks observed in clinical studies with blorp inductors include gastrointestinal adverse events (primarily nausea, diarrhea, and vomiting), asthenia/fatigue, hot flushes, and dizziness. Participants will be monitored closely for the development of adverse effects that may result from study drug administration | E9: Mock_CSR_Protocol.docx | F9: Summarize the risks identified for ABC-123, referencing TEAEs, SAEs, discontinuations, theoretical risks, and risk mitigation measures; conclude with a high-level safety profile overview. | G9: ABC-123 has not been studied in humans; therefore, risk assessment is based on nonclinical data and literature on similar therapies. No known risks, including CNS-associated risks, were observed in nonclinical pharmacology and safety studies of ABC-123. Theoretical risks, based on the drug’s mechanism and experience with similar blorp inductors, include CNS-associated adverse effects (such as amphibious jocularity, levitation, and the crunge), as well as gastrointestinal events (nausea, diarrhea, vomiting), asthenia/fatigue, hot flushes, and dizziness. There were no observed treatment-emergent adverse events (TEAEs), serious adverse events (SAEs), or discontinuations due to adverse events in the nonclinical studies. Risk mitigation measures include close monitoring of participants for CNS and other adverse effects, with ongoing assessment until sufficient clinical data are available to discharge these risks. Overall, the safety profile of ABC-123 is considered favorable based on available nonclinical data, with a low risk of CNS or other significant adverse events anticipated. | H9: 0 | I9: #NAME? | J9: #VALUE! | K9: No Match | M9: ABC-123 has not been studied in humans; therefore, risk assessment is based on nonclinical data and literature on similar therapies. No known risks, including CNS-associated risks, were observed in nonclinical pharmacology and safety studies of ABC-123. Theoretical risks, based on the drug’s mechanism and experience with similar blorp inductors, include CNS-associated adverse effects (such as amphibious jocularity, levitation, and the crunge), as well as gastrointestinal events (nausea, diarrhea, vomiting), asthenia/fatigue, hot flushes, and dizziness. There were no observed treatment-emergent adverse events (TEAEs), serious adverse events (SAEs), or discontinuations due to adverse events in the nonclinical studies. Risk mitigation measures include close monitoring of participants for CNS and other adverse effects, with ongoing assessment until sufficient clinical data are available to discharge these risks. Overall, the safety profile of ABC-123 is considered favorable based on available nonclinical data, with a low risk of CNS or other significant adverse events anticipated.
