Workbook

Sheet Evaluation_Data
A1: Placeholder | E1: Instruction | J1: Replacement
A2: Ai detected placeholder | B2: Judgement on AI's Accuracy (feedback by human) | C2: Expected Detection (feedback by human) | E2: Instruction text | F2: Writing instruction | G2: Writing instruction updated? (yes/no) | H2: Updated writing instruction | J2: AI Replaced Text | K2: Judgement on AI's Accuracy (feedback by human) | L2: Expected Detection (feedback by human) | M2: Replacement Element Type | N2: Matched Sources | O2: Matched Sources Reference | P2: Matched Sources Score | Q2: Matched Sources Result | R2: Placeholder Type | S2: Placeholder ID | T2: Placeholder Score | U2: Replacement Score
A3: <Sponsor's Name> | F3: Retrieve details about the sponsor's name for inclusion in inline text, focusing on its role in the Clinical Study Report. | G3: yes | H3: Insert the sponsor's name 'Stendarr, Inc.' inline, ensuring continuity with the surrounding text 'Clinical Study Report'. | J3: Stendarr, Inc. | M3: Paragraph | N3: [{"id": "doc::fd2ccc75:layout::0:para::51", "content": "Similarly, five subjects (13.9%) were discontinued from the study, overall, three from the Treatment group and two from the Placebo group. The most common reason for study discontinuation was death (n=3), all occurring in the Treatment group. One subject in the Placebo group withdrew consent, and one was lost to follow-up. No subjects discontinued due to sponsor decision or unknown reasons.", "index": "section@para", "score": 2.0, "type": "PWR_DROP", "heading_path": ["4. Key Results"], "filename": "Mock_CSR Key messages_with_heading.docx"}, {"id": "doc::fd2ccc75:layout::0:para::7", "content": "Sponsor: Stendarr, Inc.", "index": "section@para", "score": 2.0, "type": "PWR_USED", "heading_path": ["Study Title:"], "filename": "Mock_CSR Key messages_with_heading.docx"}, {"id": "doc::4877313e:layout::0:para::14", "content": "Sponsor Signatory:", "index": "section@para", "score": 2.0, "type": "PWR_DROP", "heading_path": ["TITLE PAGE"], "filename": "Mock_CSR_Protocol.docx"}, {"id": "doc::4877313e:layout::0:para::6", "content": "Acronym: Not applicable Sponsor Name: Stendarr, Inc.", "index": "section@para", "score": 2.0, "type": "PWR_USED", "heading_path": ["TITLE PAGE"], "filename": "Mock_CSR_Protocol.docx"}, {"id": "doc::4877313e:layout::15:para::8", "content": "(6 participants) or placebo (2 participants) on Day 1. To assure safety and tolerability of the starting dose, 2 sentinel participants will be dosed first in Cohort 1 (1 active drug and 1 placebo to maintain study blinding); the remaining Cohort 1 participants may be dosed at least 48 hours later, after initial safety of the sentinel participants is confirmed by the Phase 1 Unit Principal Investigator in consultation with the Sponsor.", "index": "section@para", "score": 2.0, "type": "PWR_DROP", "heading_path": ["Overall Design", "Single Ascending Dose"], "filename": "Mock_CSR_Protocol.docx"}, {"id": "doc::4877313e:layout::22:para::11", "content": "The bioanalytical laboratory personnel responsible for assaying PK samples will be unblinded but will provide ABC-123 concentration data to selected contract research organizations (CRO) and the Sponsor in a blinded manner.", "index": "section@para", "score": 2.0, "type": "PWR_DROP", "heading_path": ["Measures to Minimize Bias: Randomization and Blinding"], "filename": "Mock_CSR_Protocol.docx"}, {"id": "doc::4877313e:layout::22:para::12", "content": "The CRO and Sponsor PK, absorption, distribution, metabolism, and excretion (ADME), biomarker, or clinical scientists who are not directly involved with study management or in direct contact with the site personnel may be unblinded for the purposes of exploratory biomarker evaluation and development of PK and PD response models during the course of the study.", "index": "section@para", "score": 2.0, "type": "PWR_DROP", "heading_path": ["Measures to Minimize Bias: Randomization and Blinding"], "filename": "Mock_CSR_Protocol.docx"}, {"id": "doc::4877313e:layout::22:para::15", "content": "The treatment assignment should be unblinded at the clinic only in the case of an emergency, when knowledge of the study intervention assignment is absolutely necessary for the clinical management or welfare of the participant, or where necessary to determine if dose-limiting toxicity (DLT) criteria have been met (). Breaking of the blind at the clinic under any other circumstances will be considered a protocol deviation. The Investigator is strongly encouraged to contact the Sponsor before unblinding the study intervention assignment prior to the scheduled assessment of tolerance and safety data unless there is an urgent safety issue that must be addressed as a priority. If the blind is broken for any reason, the Investigator must notify the Sponsor within 24 hours, and an SAE form must be completed, if appropriate. In addition, the Investigator will record the date and reason for revealing the blinded study intervention assignment for that participant in the source documents and appropriate electronic case report form (eCRF) page(s).", "index": "section@para", "score": 2.0, "type": "PWR_DROP", "heading_path": ["Measures to Minimize Bias: Randomization and Blinding"], "filename": "Mock_CSR_Protocol.docx"}, {"id": "doc::4877313e:layout::22:para::5", "content": "The Investigator is responsible for study intervention accountability, reconciliation, and record maintenance (ie, receipt, reconciliation, and final disposition records). The Investigator (or designee) will maintain an accurate record of the study supplies received. In addition, an accurate drug disposition record will be kept, specifying the amount dispensed to each participant and the date of dispensing. This drug accountability record will be available for inspection at any time. At the completion of the study, the original drug accountability record will be available for review by the Sponsor upon request.", "index": "section@para", "score": 2.0, "type": "PWR_DROP", "heading_path": ["Preparation/Handling/Storage/Accountability"], "filename": "Mock_CSR_Protocol.docx"}, {"id": "doc::4877313e:layout::23:para::4", "content": "Dose escalation will proceed in no greater than half-log (approximately 3.3-fold) increments. As described in 1, the Sponsor and Principal Investigator will be responsible for reviewing safety and tolerability data and making dose escalation decisions for each cohort. A smaller dose escalation increment may be chosen for any cohort. A dose escalation increment greater than the planned half-log increment is not permitted.", "index": "section@para", "score": 2.0, "type": "PWR_DROP", "heading_path": ["Dose Modification", "Dose Escalation and Stopping Criteria"], "filename": "Mock_CSR_Protocol.docx"}] | R3: Inline | S3: doc::7cd3e10f:layout::0:header::0::ph::0
A4: <Study Title> | F4: Retrieve detailed information about the study title, ensuring alignment with the placeholder's positional context in the document. | G4: yes | H4: Resolve the placeholder 'Study Title' located at the beginning of the paragraph following the previous paragraph context. Ensure the resolved title matches the explicitly stated study title in the document, and format it as a standalone paragraph. | J4: <p>A First-In-Human, Phase 1, Randomized, Double-Blind, Placebo-Controlled Study to Evaluate the Safety, Tolerability, and Pharmacokinetics of ABC-123 as a Single Dose in Healthy Participants and as Multiple Doses in Participants with Grade 2 Boneitis</p> | M4: Paragraph | N4: [{"id": "doc::fd2ccc75:layout::0:para::1", "content": "Document Title: Clinical Study Report", "index": "section@para", "score": 4.0, "type": "PWR_DROP", "heading_path": [], "filename": "Mock_CSR Key messages_with_heading.docx"}, {"id": "doc::fd2ccc75:layout::0:para::2", "content": "Study Title:\n\n<p style=\"margin-top: 6pt; margin-bottom: 6pt\"><span class=\"Default Paragraph Font font:Times New Roman\">A First-In-Human, Phase 1, Randomized, Double-Blind, Placebo-Controlled Study to Evaluate the Safety, Tolerability, and Pharmacokinetics of ABC-123 as a Single Dose in Healthy Participants and as Multiple Doses in Participants with Grade 2 Boneitis</span></p>\n\n<p style=\"margin-top: 6pt; margin-bottom: 6pt\"><span class=\"Default Paragraph Font font:Times New Roman\"><strong>Protocol No.: </strong></span><span class=\"Default Paragraph Font font:Times New Roman\">SKY-2000-101</span></p>\n\n<p style=\"margin-top: 6pt; margin-bottom: 6pt\"><span class=\"Default Paragraph Font font:Times New Roman\"><strong>Study Drug: </strong></span><span class=\"Default Paragraph Font font:Times New Roman\">ABC-123</span><span class=\"Default Paragraph Font font:Times New Roman\"><strong> </strong></span></p>\n\n<p style=\"margin-top: 6pt; margin-bottom: 6pt\"><span class=\"Default Paragraph Font font:Times New Roman\"><strong>Indication: </strong></span><span class=\"Default Paragraph Font font:Times New Roman\">Grade 2 boneitis</span></p>\n\n<p style=\"margin-top: 6pt; margin-bottom: 6pt\"><span class=\"Default Paragraph Font font:Times New Roman\"><strong>Sponsor: </strong></span><span class=\"Default Paragraph Font font:Times New Roman\">Stendarr, Inc.</span></p>\n\n<p style=\"margin-top: 6pt; margin-bottom: 6pt\"><span class=\"Default Paragraph Font font:Times New Roman\"><strong>Date: </strong></span><span class=\"Default Paragraph Font font:Times New Roman\">DD MM YYYY</span></p>", "index": "section@para", "score": 4.0, "type": "PWR_USED", "heading_path": [], "filename": "Mock_CSR Key messages_with_heading.docx"}, {"id": "doc::4877313e:layout::0:para::1", "content": "Protocol Title: A First-In-Human, Phase 1, Randomized, Double-Blind, Placebo-Controlled Study to Evaluate the Safety, Tolerability, and Pharmacokinetics of ABC-123 as a Single Dose in Healthy Participants and as Multiple Doses in Participants with Grade 2 Boneitis", "index": "section@para", "score": 4.0, "type": "PWR_USED", "heading_path": ["TITLE PAGE"], "filename": "Mock_CSR_Protocol.docx"}, {"id": "doc::4877313e:layout::5:para::2", "content": "Protocol Title: A First-In-Human, Phase 1, Randomized, Double-Blind, Placebo-Controlled Study to Evaluate the Safety, Tolerability, and Pharmacokinetics of ABC-123 as a Single Dose in Healthy Participants and as Multiple Doses in Participants with Grade 2 Boneitis", "index": "section@para", "score": 4.0, "type": "PWR_USED", "heading_path": ["Synopsis"], "filename": "Mock_CSR_Protocol.docx"}, {"id": "doc::fd2ccc75:layout::0:para::0", "content": "Clinical Study Report: Key Message", "index": "section@para", "score": 2.0, "type": "PWR_DROP", "heading_path": [], "filename": "Mock_CSR Key messages_with_heading.docx"}, {"id": "doc::fd2ccc75:layout::0:para::10", "content": "The primary objective of this clinical study was to assess the safety and tolerability after 4 weeks of exposure following single ascending doses of ABC-123", "index": "section@para", "score": 2.0, "type": "PWR_DROP", "heading_path": ["1. Study Objective"], "filename": "Mock_CSR Key messages_with_heading.docx"}, {"id": "doc::fd2ccc75:layout::0:para::11", "content": "The secondary objective of this study:", "index": "section@para", "score": 2.0, "type": "PWR_DROP", "heading_path": ["1. Study Objective"], "filename": "Mock_CSR Key messages_with_heading.docx"}, {"id": "doc::fd2ccc75:layout::0:para::15", "content": "The exploratory objective of this study:", "index": "section@para", "score": 2.0, "type": "PWR_DROP", "heading_path": ["1. Study Objective"], "filename": "Mock_CSR Key messages_with_heading.docx"}, {"id": "doc::fd2ccc75:layout::0:para::24", "content": "2. Study Design Overview\n\n<p style=\"margin-top: 6pt; margin-bottom: 6pt\"><span class=\"Default Paragraph Font font:Times New Roman color:000000\">This study will comprise a SAD escalation component in healthy volunteer participants and a repeat-dose component to confirm repeat-dose safety, tolerability, PK, and immunogenicity in participants with boneitis. It will also explore potential blorp activity, participant selection, PD, and differential response biomarkers. This study will be conducted in a single Phase 1 unit.</span></p>\n\n<p style=\"margin-top: 6pt; margin-bottom: 6pt\"><span class=\"Default Paragraph Font font:Times New Roman color:000000\">Total Participants: 36</span></p>", "index": "section@para", "score": 2.0, "type": "PWR_DROP", "heading_path": [], "filename": "Mock_CSR Key messages_with_heading.docx"}, {"id": "doc::fd2ccc75:layout::0:para::25", "content": "This study will comprise a SAD escalation component in healthy volunteer participants and a repeat-dose component to confirm repeat-dose safety, tolerability, PK, and immunogenicity in participants with boneitis. It will also explore potential blorp activity, participant selection, PD, and differential response biomarkers. This study will be conducted in a single Phase 1 unit.", "index": "section@para", "score": 2.0, "type": "PWR_DROP", "heading_path": ["2. Study Design Overview"], "filename": "Mock_CSR Key messages_with_heading.docx"}] | R4: Paragraph | S4: doc::7cd3e10f:layout::0:para::2::ph::0
A5: <Investigational Drug Name> | F5: Retrieve specific details about the investigational drug name, focusing on TITLE PAGE or Study Title sections. | G5: yes | H5: Resolve the placeholder 'Investigational Drug Name' for the table caption '<Study Title>' with column headers 'Investigational Drug Name:', 'Indication Studied:', and 'Protocol Number:', ensuring the output matches the positional context provided. | J5: ABC-123 | M5: Paragraph | N5: [{"id": "doc::4877313e:layout::0:para::1", "content": "Protocol Title: A First-In-Human, Phase 1, Randomized, Double-Blind, Placebo-Controlled Study to Evaluate the Safety, Tolerability, and Pharmacokinetics of ABC-123 as a Single Dose in Healthy Participants and as Multiple Doses in Participants with Grade 2 Boneitis", "index": "section@para", "score": 10.0, "type": "CNM_ADD", "heading_path": ["TITLE PAGE"], "filename": "Mock_CSR_Protocol.docx"}, {"id": "doc::4877313e:layout::5:para::2", "content": "Protocol Title: A First-In-Human, Phase 1, Randomized, Double-Blind, Placebo-Controlled Study to Evaluate the Safety, Tolerability, and Pharmacokinetics of ABC-123 as a Single Dose in Healthy Participants and as Multiple Doses in Participants with Grade 2 Boneitis", "index": "section@para", "score": 10.0, "type": "CNM_ADD", "heading_path": ["Synopsis"], "filename": "Mock_CSR_Protocol.docx"}, {"id": "doc::fd2ccc75:layout::0:para::1", "content": "Document Title: Clinical Study Report", "index": "section@para", "score": 8.0, "type": "CNM_ADD", "heading_path": [], "filename": "Mock_CSR Key messages_with_heading.docx"}, {"id": "doc::fd2ccc75:layout::0:para::2", "content": "Study Title:\n\n<p style=\"margin-top: 6pt; margin-bottom: 6pt\"><span class=\"Default Paragraph Font font:Times New Roman\">A First-In-Human, Phase 1, Randomized, Double-Blind, Placebo-Controlled Study to Evaluate the Safety, Tolerability, and Pharmacokinetics of ABC-123 as a Single Dose in Healthy Participants and as Multiple Doses in Participants with Grade 2 Boneitis</span></p>\n\n<p style=\"margin-top: 6pt; margin-bottom: 6pt\"><span class=\"Default Paragraph Font font:Times New Roman\"><strong>Protocol No.: </strong></span><span class=\"Default Paragraph Font font:Times New Roman\">SKY-2000-101</span></p>\n\n<p style=\"margin-top: 6pt; margin-bottom: 6pt\"><span class=\"Default Paragraph Font font:Times New Roman\"><strong>Study Drug: </strong></span><span class=\"Default Paragraph Font font:Times New Roman\">ABC-123</span><span class=\"Default Paragraph Font font:Times New Roman\"><strong> </strong></span></p>\n\n<p style=\"margin-top: 6pt; margin-bottom: 6pt\"><span class=\"Default Paragraph Font font:Times New Roman\"><strong>Indication: </strong></span><span class=\"Default Paragraph Font font:Times New Roman\">Grade 2 boneitis</span></p>\n\n<p style=\"margin-top: 6pt; margin-bottom: 6pt\"><span class=\"Default Paragraph Font font:Times New Roman\"><strong>Sponsor: </strong></span><span class=\"Default Paragraph Font font:Times New Roman\">Stendarr, Inc.</span></p>\n\n<p style=\"margin-top: 6pt; margin-bottom: 6pt\"><span class=\"Default Paragraph Font font:Times New Roman\"><strong>Date: </strong></span><span class=\"Default Paragraph Font font:Times New Roman\">DD MM YYYY</span></p>", "index": "section@para", "score": 8.0, "type": "PWR_USED", "heading_path": [], "filename": "Mock_CSR Key messages_with_heading.docx"}, {"id": "doc::fd2ccc75:layout::0:para::68", "content": "No dose-limiting toxicities, or dose reductions due to treatment-emergent adverse events were reported. The study evaluated treatment-emergent adverse events (TEAEs) among participants receiving either the treatment (N=21) or placebo (N=10). Overall, 85.7% of participants in the treatment group experienced at least one TEAE, compared to 50.0% in the placebo group, with a total incidence of 74.2%. Treatment-related TEAEs were reported in 61.9% of participants in the treatment group, while none were observed in the placebo group. Grade 3 or higher TEAEs occurred in 22.6% of the treatment group and 20.0% of the placebo group, accounting for 29.0% of all participants. Serious TEAEs were reported in 22.6% of the treatment group and 20.0% of the placebo group, also totaling 29.0%. Serious treatment-related TEAEs were observed in 23.8% of the treatment group, with none in the placebo group. TEAEs leading to study drug discontinuation occurred in 9.5% of the treatment group and none in the placebo group, representing 6.5% overall. Dose modifications and reductions due to TEAEs were rare, reported in 4.8% and 0% of the treatment group, respectively, with no occurrences in the placebo group. Deaths attributed to TEAEs occurred in 14.2% of the treatment group and none in the placebo group, accounting for 9.7% overall, all of which were classified as treatment-related.", "index": "section@para", "score": 8.0, "type": "CNM_ADD", "heading_path": ["4. Key Results"], "filename": "Mock_CSR Key messages_with_heading.docx"}, {"id": "doc::fd2ccc75:layout::0:para::70", "content": "This study demonstrated that ABC-123 is safe and well-tolerated when administered as a single dose in healthy participants and as multiple doses in participants with Grade 2 Boneitis. No dose-limiting toxicities, or dose reductions due to treatment-emergent adverse events were reported. The study evaluated treatment-emergent adverse events (TEAEs) among participants receiving either the treatment (N=21) or placebo (N=10). Overall, 85.7% of participants in the treatment group experienced at least one TEAE, compared to 50.0% in the placebo group, with a total incidence of 74.2%. Treatment-related TEAEs were reported in 61.9% of participants in the treatment group, while none were observed in the placebo group. Grade 3 or higher TEAEs occurred in 22.6% of the treatment group and 20.0% of the placebo group, accounting for 29.0% of all participants. Serious TEAEs were reported in 22.6% of the treatment group and 20.0% of the placebo group, also totaling 29.0%. Serious treatment-related TEAEs were observed in 23.8% of the treatment group, with none in the placebo group. TEAEs leading to study drug discontinuation occurred in 9.5% of the treatment group and none in the placebo group, representing 6.5% overall. Dose modifications and reductions due to TEAEs were rare, reported in 4.8% and 0% of the treatment group, respectively, with no occurrences in the placebo group. Deaths attributed to TEAEs occurred in 14.2% of the treatment group and none in the placebo group, accounting for 9.7% overall, all of which were classified as treatment-related.", "index": "section@para", "score": 8.0, "type": "CNM_ADD", "heading_path": ["5. Interpretation & Conclusion"], "filename": "Mock_CSR Key messages_with_heading.docx"}, {"id": "doc::4877313e:layout::18:para::26", "content": "Participation in a clinical study involving administration of an investigational drug (new chemical entity) in the past 30 days or 5 half-lives of last dose (whichever is longer) prior to first dosing.", "index": "section@para", "score": 8.0, "type": "PWR_DROP", "heading_path": ["Exclusion Criteria"], "filename": "Mock_CSR_Protocol.docx"}, {"id": "doc::4877313e:layout::0:para::0", "content": "TITLE PAGE\n\n<p style=\"margin-top: 6.15pt\"><span style=\"font-size: 12pt\" class=\"Default Paragraph Font color:000000\"><strong>Protocol Title: </strong></span><span style=\"font-size: 12pt\" class=\"Default Paragraph Font color:000000\">A First-In-Human, Phase 1, Randomized, Double-Blind, Placebo-Controlled Study to Evaluate the Safety, Tolerability, and Pharmacokinetics of ABC-123 as a Single Dose in Healthy Participants and as Multiple Doses in Participants with Grade 2 Boneitis</span></p>\n\n<p style=\"margin-top: 6.3pt\"><span style=\"font-size: 12pt\" class=\"Default Paragraph Font\"><strong>Protocol Number: </strong></span><span style=\"font-size: 12pt\" class=\"Default Paragraph Font\">SKY-2000-101</span></p>\n\n<p style=\"margin-top: 6.15pt\"><span style=\"font-size: 12pt\" class=\"Default Paragraph Font\"><strong>Compound: </strong></span><span style=\"font-size: 12pt\" class=\"Default Paragraph Font\">ABC-123</span></p>\n\n<p style=\"margin-top: 6.2pt\"><span style=\"font-size: 12pt\" class=\"Default Paragraph Font\"><strong>Study Phase: </strong></span><span style=\"font-size: 12pt\" class=\"Default Paragraph Font\">Phase 1</span></p>\n\n<p style=\"margin-top: 6.15pt\"><span style=\"font-size: 12pt\" class=\"Default Paragraph Font color:000000\"><strong>Short Title: </strong></span><span style=\"font-size: 12pt\" class=\"Default Paragraph Font color:000000\">Phase 1 RCT of ABC-123 in healthy participants (SAD) and participants with boneitis (repeat-dose)</span></p>\n\n<p style=\"margin-top: 5.9pt\"><span style=\"font-size: 12pt\" class=\"Default Paragraph Font\"><strong>Acronym: </strong></span><span style=\"font-size: 12pt\" class=\"Default Paragraph Font\">Not applicable </span><span style=\"font-size: 12pt\" class=\"Default Paragraph Font\"><strong>Sponsor Name: </strong></span><span style=\"font-size: 12pt\" class=\"Default Paragraph Font\">Stendarr, Inc.</span></p>\n\n<p style=\"margin-top: 5.9pt\"><span style=\"font-size: 12pt\" class=\"Default Paragraph Font\"> </span><span style=\"font-size: 12pt\" class=\"Default Paragraph Font\"><strong>Legal Registered Address:</strong></span></p>\n\n<p><span style=\"font-size: 12pt\" class=\"Default Paragraph Font color:000000\">123 Fake Street</span></p>\n\n<p><span style=\"font-size: 12pt\" class=\"Default Paragraph Font color:000000\">Anytown, CO</span></p>\n\n<p><span style=\"font-size: 12pt\" class=\"Default Paragraph Font color:000000\">USA 80002</span></p>\n\n<p style=\"margin-top: 6.2pt\"><span style=\"font-size: 12pt\" class=\"Default Paragraph Font\"><strong>Regulatory Agency Identifier Number(s): </strong></span><span style=\"font-size: 12pt\" class=\"Default Paragraph Font\">IND: 123456</span></p>\n\n<p style=\"margin-top: 6.2pt\"><span style=\"font-size: 12pt\" class=\"Default Paragraph Font\"><strong>Amendment Number: 2.0</strong></span></p>\n\n<p style=\"margin-top: 6.1pt\"><span style=\"font-size: 12pt\" class=\"Default Paragraph Font\"><strong>Approval Date: </strong></span><span style=\"font-size: 12pt\" class=\"Default Paragraph Font\">1 March 2023</span></p>\n\n<p style=\"margin-top: 6.1pt\"><span style=\"font-size: 12pt\" class=\"Default Paragraph Font\"><strong>Sponsor Signatory:</strong></span></p>\n\n<p style=\"margin-top: 2.3pt\"><span style=\"font-size: 12pt\" class=\"Default Paragraph Font color:000000\">Karliah N. Gale, MD</span></p>\n\n<p style=\"margin-top: 2.3pt\"><span style=\"font-size: 12pt\" class=\"Default Paragraph Font color:000000\">Medical Director</span></p>", "index": "section@para", "score": 6.0, "type": "PWR_USED", "heading_path": [], "filename": "Mock_CSR_Protocol.docx"}, {"id": "doc::4877313e:layout::21:para::1", "content": "Study intervention is defined as any investigational intervention(s), marketed product(s), or placebo intended to be administered to a study participant according to the study protocol.", "index": "section@para", "score": 6.0, "type": "PWR_DROP", "heading_path": ["STUDY INTERVENTION"], "filename": "Mock_CSR_Protocol.docx"}, {"id": "doc::4877313e:layout::22:para::15", "content": "The treatment assignment should be unblinded at the clinic only in the case of an emergency, when knowledge of the study intervention assignment is absolutely necessary for the clinical management or welfare of the participant, or where necessary to determine if dose-limiting toxicity (DLT) criteria have been met (). Breaking of the blind at the clinic under any other circumstances will be considered a protocol deviation. The Investigator is strongly encouraged to contact the Sponsor before unblinding the study intervention assignment prior to the scheduled assessment of tolerance and safety data unless there is an urgent safety issue that must be addressed as a priority. If the blind is broken for any reason, the Investigator must notify the Sponsor within 24 hours, and an SAE form must be completed, if appropriate. In addition, the Investigator will record the date and reason for revealing the blinded study intervention assignment for that participant in the source documents and appropriate electronic case report form (eCRF) page(s).", "index": "section@para", "score": 6.0, "type": "PWR_DROP", "heading_path": ["Measures to Minimize Bias: Randomization and Blinding"], "filename": "Mock_CSR_Protocol.docx"}] | R5: KeyValue | S5: doc::7cd3e10f:layout::0:table::3:row::0:cell::1::ph::0
A6: <Insert Disease Name> | F6: Search for the disease or indication studied in the clinical trial, specifically under the TITLE PAGE section or related headings. | G6: yes | H6: Resolve the placeholder '<Insert Disease Name>' in the context of the TITLE PAGE section, under the table caption '<Study Title>' and column headers 'Investigational Drug Name', 'Indication Studied', and 'Protocol Number', ensuring it aligns with the row labeled 'Indication Studied'. | J6: Grade 2 boneitis | M6: Paragraph | N6: [{"id": "doc::4877313e:layout::0:para::1", "content": "Protocol Title: A First-In-Human, Phase 1, Randomized, Double-Blind, Placebo-Controlled Study to Evaluate the Safety, Tolerability, and Pharmacokinetics of ABC-123 as a Single Dose in Healthy Participants and as Multiple Doses in Participants with Grade 2 Boneitis", "index": "section@para", "score": 10.0, "type": "CNM_ADD", "heading_path": ["TITLE PAGE"], "filename": "Mock_CSR_Protocol.docx"}, {"id": "doc::4877313e:layout::5:para::2", "content": "Protocol Title: A First-In-Human, Phase 1, Randomized, Double-Blind, Placebo-Controlled Study to Evaluate the Safety, Tolerability, and Pharmacokinetics of ABC-123 as a Single Dose in Healthy Participants and as Multiple Doses in Participants with Grade 2 Boneitis", "index": "section@para", "score": 10.0, "type": "CNM_ADD", "heading_path": ["Synopsis"], "filename": "Mock_CSR_Protocol.docx"}, {"id": "doc::fd2ccc75:layout::0:para::1", "content": "Document Title: Clinical Study Report", "index": "section@para", "score": 8.0, "type": "CNM_ADD", "heading_path": [], "filename": "Mock_CSR Key messages_with_heading.docx"}, {"id": "doc::fd2ccc75:layout::0:para::2", "content": "Study Title:\n\n<p style=\"margin-top: 6pt; margin-bottom: 6pt\"><span class=\"Default Paragraph Font font:Times New Roman\">A First-In-Human, Phase 1, Randomized, Double-Blind, Placebo-Controlled Study to Evaluate the Safety, Tolerability, and Pharmacokinetics of ABC-123 as a Single Dose in Healthy Participants and as Multiple Doses in Participants with Grade 2 Boneitis</span></p>\n\n<p style=\"margin-top: 6pt; margin-bottom: 6pt\"><span class=\"Default Paragraph Font font:Times New Roman\"><strong>Protocol No.: </strong></span><span class=\"Default Paragraph Font font:Times New Roman\">SKY-2000-101</span></p>\n\n<p style=\"margin-top: 6pt; margin-bottom: 6pt\"><span class=\"Default Paragraph Font font:Times New Roman\"><strong>Study Drug: </strong></span><span class=\"Default Paragraph Font font:Times New Roman\">ABC-123</span><span class=\"Default Paragraph Font font:Times New Roman\"><strong> </strong></span></p>\n\n<p style=\"margin-top: 6pt; margin-bottom: 6pt\"><span class=\"Default Paragraph Font font:Times New Roman\"><strong>Indication: </strong></span><span class=\"Default Paragraph Font font:Times New Roman\">Grade 2 boneitis</span></p>\n\n<p style=\"margin-top: 6pt; margin-bottom: 6pt\"><span class=\"Default Paragraph Font font:Times New Roman\"><strong>Sponsor: </strong></span><span class=\"Default Paragraph Font font:Times New Roman\">Stendarr, Inc.</span></p>\n\n<p style=\"margin-top: 6pt; margin-bottom: 6pt\"><span class=\"Default Paragraph Font font:Times New Roman\"><strong>Date: </strong></span><span class=\"Default Paragraph Font font:Times New Roman\">DD MM YYYY</span></p>", "index": "section@para", "score": 8.0, "type": "PWR_USED", "heading_path": [], "filename": "Mock_CSR Key messages_with_heading.docx"}, {"id": "doc::fd2ccc75:layout::0:para::50", "content": "A total of 36 subjects were enrolled in the study, with 24 assigned to the Treatment group and 12 to the Placebo group. At the time of analysis, 31 subjects (86.1%) remained ongoing in the study and on treatment (87.5% in the Treatment group and 83.3% in the Placebo group). Five subjects (13.9%) discontinued study treatment, three (12.5%) from the Treatment group and two (16.7%) from the Placebo group. The reasons for treatment discontinuation included adverse events (n=2, Treatment group), progressive disease (n=1, Treatment group), patient withdrawal of informed consent (n=1, Placebo group), and other reasons (n=1, Placebo group).", "index": "section@para", "score": 6.0, "type": "CNM_ADD", "heading_path": ["4. Key Results"], "filename": "Mock_CSR Key messages_with_heading.docx"}, {"id": "doc::fd2ccc75:layout::0:para::68", "content": "No dose-limiting toxicities, or dose reductions due to treatment-emergent adverse events were reported. The study evaluated treatment-emergent adverse events (TEAEs) among participants receiving either the treatment (N=21) or placebo (N=10). Overall, 85.7% of participants in the treatment group experienced at least one TEAE, compared to 50.0% in the placebo group, with a total incidence of 74.2%. Treatment-related TEAEs were reported in 61.9% of participants in the treatment group, while none were observed in the placebo group. Grade 3 or higher TEAEs occurred in 22.6% of the treatment group and 20.0% of the placebo group, accounting for 29.0% of all participants. Serious TEAEs were reported in 22.6% of the treatment group and 20.0% of the placebo group, also totaling 29.0%. Serious treatment-related TEAEs were observed in 23.8% of the treatment group, with none in the placebo group. TEAEs leading to study drug discontinuation occurred in 9.5% of the treatment group and none in the placebo group, representing 6.5% overall. Dose modifications and reductions due to TEAEs were rare, reported in 4.8% and 0% of the treatment group, respectively, with no occurrences in the placebo group. Deaths attributed to TEAEs occurred in 14.2% of the treatment group and none in the placebo group, accounting for 9.7% overall, all of which were classified as treatment-related.", "index": "section@para", "score": 6.0, "type": "CNM_ADD", "heading_path": ["4. Key Results"], "filename": "Mock_CSR Key messages_with_heading.docx"}, {"id": "doc::fd2ccc75:layout::0:para::70", "content": "This study demonstrated that ABC-123 is safe and well-tolerated when administered as a single dose in healthy participants and as multiple doses in participants with Grade 2 Boneitis. No dose-limiting toxicities, or dose reductions due to treatment-emergent adverse events were reported. The study evaluated treatment-emergent adverse events (TEAEs) among participants receiving either the treatment (N=21) or placebo (N=10). Overall, 85.7% of participants in the treatment group experienced at least one TEAE, compared to 50.0% in the placebo group, with a total incidence of 74.2%. Treatment-related TEAEs were reported in 61.9% of participants in the treatment group, while none were observed in the placebo group. Grade 3 or higher TEAEs occurred in 22.6% of the treatment group and 20.0% of the placebo group, accounting for 29.0% of all participants. Serious TEAEs were reported in 22.6% of the treatment group and 20.0% of the placebo group, also totaling 29.0%. Serious treatment-related TEAEs were observed in 23.8% of the treatment group, with none in the placebo group. TEAEs leading to study drug discontinuation occurred in 9.5% of the treatment group and none in the placebo group, representing 6.5% overall. Dose modifications and reductions due to TEAEs were rare, reported in 4.8% and 0% of the treatment group, respectively, with no occurrences in the placebo group. Deaths attributed to TEAEs occurred in 14.2% of the treatment group and none in the placebo group, accounting for 9.7% overall, all of which were classified as treatment-related.", "index": "section@para", "score": 6.0, "type": "CNM_ADD", "heading_path": ["5. Interpretation & Conclusion"], "filename": "Mock_CSR Key messages_with_heading.docx"}, {"id": "doc::4877313e:layout::0:para::0", "content": "TITLE PAGE\n\n<p style=\"margin-top: 6.15pt\"><span style=\"font-size: 12pt\" class=\"Default Paragraph Font color:000000\"><strong>Protocol Title: </strong></span><span style=\"font-size: 12pt\" class=\"Default Paragraph Font color:000000\">A First-In-Human, Phase 1, Randomized, Double-Blind, Placebo-Controlled Study to Evaluate the Safety, Tolerability, and Pharmacokinetics of ABC-123 as a Single Dose in Healthy Participants and as Multiple Doses in Participants with Grade 2 Boneitis</span></p>\n\n<p style=\"margin-top: 6.3pt\"><span style=\"font-size: 12pt\" class=\"Default Paragraph Font\"><strong>Protocol Number: </strong></span><span style=\"font-size: 12pt\" class=\"Default Paragraph Font\">SKY-2000-101</span></p>\n\n<p style=\"margin-top: 6.15pt\"><span style=\"font-size: 12pt\" class=\"Default Paragraph Font\"><strong>Compound: </strong></span><span style=\"font-size: 12pt\" class=\"Default Paragraph Font\">ABC-123</span></p>\n\n<p style=\"margin-top: 6.2pt\"><span style=\"font-size: 12pt\" class=\"Default Paragraph Font\"><strong>Study Phase: </strong></span><span style=\"font-size: 12pt\" class=\"Default Paragraph Font\">Phase 1</span></p>\n\n<p style=\"margin-top: 6.15pt\"><span style=\"font-size: 12pt\" class=\"Default Paragraph Font color:000000\"><strong>Short Title: </strong></span><span style=\"font-size: 12pt\" class=\"Default Paragraph Font color:000000\">Phase 1 RCT of ABC-123 in healthy participants (SAD) and participants with boneitis (repeat-dose)</span></p>\n\n<p style=\"margin-top: 5.9pt\"><span style=\"font-size: 12pt\" class=\"Default Paragraph Font\"><strong>Acronym: </strong></span><span style=\"font-size: 12pt\" class=\"Default Paragraph Font\">Not applicable </span><span style=\"font-size: 12pt\" class=\"Default Paragraph Font\"><strong>Sponsor Name: </strong></span><span style=\"font-size: 12pt\" class=\"Default Paragraph Font\">Stendarr, Inc.</span></p>\n\n<p style=\"margin-top: 5.9pt\"><span style=\"font-size: 12pt\" class=\"Default Paragraph Font\"> </span><span style=\"font-size: 12pt\" class=\"Default Paragraph Font\"><strong>Legal Registered Address:</strong></span></p>\n\n<p><span style=\"font-size: 12pt\" class=\"Default Paragraph Font color:000000\">123 Fake Street</span></p>\n\n<p><span style=\"font-size: 12pt\" class=\"Default Paragraph Font color:000000\">Anytown, CO</span></p>\n\n<p><span style=\"font-size: 12pt\" class=\"Default Paragraph Font color:000000\">USA 80002</span></p>\n\n<p style=\"margin-top: 6.2pt\"><span style=\"font-size: 12pt\" class=\"Default Paragraph Font\"><strong>Regulatory Agency Identifier Number(s): </strong></span><span style=\"font-size: 12pt\" class=\"Default Paragraph Font\">IND: 123456</span></p>\n\n<p style=\"margin-top: 6.2pt\"><span style=\"font-size: 12pt\" class=\"Default Paragraph Font\"><strong>Amendment Number: 2.0</strong></span></p>\n\n<p style=\"margin-top: 6.1pt\"><span style=\"font-size: 12pt\" class=\"Default Paragraph Font\"><strong>Approval Date: </strong></span><span style=\"font-size: 12pt\" class=\"Default Paragraph Font\">1 March 2023</span></p>\n\n<p style=\"margin-top: 6.1pt\"><span style=\"font-size: 12pt\" class=\"Default Paragraph Font\"><strong>Sponsor Signatory:</strong></span></p>\n\n<p style=\"margin-top: 2.3pt\"><span style=\"font-size: 12pt\" class=\"Default Paragraph Font color:000000\">Karliah N. Gale, MD</span></p>\n\n<p style=\"margin-top: 2.3pt\"><span style=\"font-size: 12pt\" class=\"Default Paragraph Font color:000000\">Medical Director</span></p>", "index": "section@para", "score": 6.0, "type": "CNM_ADD", "heading_path": [], "filename": "Mock_CSR_Protocol.docx"}, {"id": "doc::4877313e:layout::12:para::18", "content": "ABC-123 has not been studied in humans; therefore, the risk-benefit analysis considerations are based on nonclinical data and reports in the literature on similar therapies. The benefits to participants in the ABC-123 clinical program may include contributing to the process of developing new therapies in an area of unmet need and medical evaluations/assessments associated with study procedures (eg, physical examination); participants with boneitis due to lurgi may or may not experience an impact on progression of the disease. The risks of participation are primarily those associated with adverse reactions to the investigational medicinal product, although there may also be some discomfort associated with subcutaneous (SC) injections or study procedures (eg, blood collection).", "index": "section@para", "score": 6.0, "type": "PWR_DROP", "heading_path": ["Benefit/Risk Assessment"], "filename": "Mock_CSR_Protocol.docx"}, {"id": "doc::4877313e:layout::18:para::26", "content": "Participation in a clinical study involving administration of an investigational drug (new chemical entity) in the past 30 days or 5 half-lives of last dose (whichever is longer) prior to first dosing.", "index": "section@para", "score": 6.0, "type": "PWR_DROP", "heading_path": ["Exclusion Criteria"], "filename": "Mock_CSR_Protocol.docx"}] | R6: KeyValue | S6: doc::7cd3e10f:layout::0:table::3:row::0:cell::1::ph::1
A7: <Protocol Identification (Code or Number)> | F7: Retrieve details specifically related to protocol identification, including codes or numbers, ensuring alignment with the table caption 'Study Title' and the context of the TITLE PAGE. | G7: yes | H7: Resolve the placeholder '<Protocol Identification (Code or Number)>' by referencing the protocol number provided under the TITLE PAGE section, within the context of the table caption 'Study Title' and the column headers 'Investigational Drug Name', 'Indication Studied', and 'Protocol Number'. | J7: SKY-2000-101 | M7: Paragraph | N7: [{"id": "doc::4877313e:layout::0:para::1", "content": "Protocol Title: A First-In-Human, Phase 1, Randomized, Double-Blind, Placebo-Controlled Study to Evaluate the Safety, Tolerability, and Pharmacokinetics of ABC-123 as a Single Dose in Healthy Participants and as Multiple Doses in Participants with Grade 2 Boneitis", "index": "section@para", "score": 12.0, "type": "CNM_ADD", "heading_path": ["TITLE PAGE"], "filename": "Mock_CSR_Protocol.docx"}, {"id": "doc::4877313e:layout::5:para::2", "content": "Protocol Title: A First-In-Human, Phase 1, Randomized, Double-Blind, Placebo-Controlled Study to Evaluate the Safety, Tolerability, and Pharmacokinetics of ABC-123 as a Single Dose in Healthy Participants and as Multiple Doses in Participants with Grade 2 Boneitis", "index": "section@para", "score": 12.0, "type": "CNM_ADD", "heading_path": ["Synopsis"], "filename": "Mock_CSR_Protocol.docx"}, {"id": "doc::72df3a00:layout::22:para::0", "content": "Protocol Version No: Final Version 2.0, 01MAR2023 Study Code: ST-4536", "index": "section@para", "score": 10.0, "type": "CNM_ADD", "heading_path": ["SOFTWARE"], "filename": "Mock SAP _03Jun2026.docx"}, {"id": "doc::72df3a00:layout::28:para::1", "content": "Protocol Version No: Final Version 2.0, 01MAR2023 Study Code: ST-4536", "index": "section@para", "score": 10.0, "type": "CNM_ADD", "heading_path": ["SOFTWARE"], "filename": "Mock SAP _03Jun2026.docx"}, {"id": "doc::fd2ccc75:layout::0:para::1", "content": "Document Title: Clinical Study Report", "index": "section@para", "score": 8.0, "type": "CNM_ADD", "heading_path": [], "filename": "Mock_CSR Key messages_with_heading.docx"}, {"id": "doc::fd2ccc75:layout::0:para::2", "content": "Study Title:\n\n<p style=\"margin-top: 6pt; margin-bottom: 6pt\"><span class=\"Default Paragraph Font font:Times New Roman\">A First-In-Human, Phase 1, Randomized, Double-Blind, Placebo-Controlled Study to Evaluate the Safety, Tolerability, and Pharmacokinetics of ABC-123 as a Single Dose in Healthy Participants and as Multiple Doses in Participants with Grade 2 Boneitis</span></p>\n\n<p style=\"margin-top: 6pt; margin-bottom: 6pt\"><span class=\"Default Paragraph Font font:Times New Roman\"><strong>Protocol No.: </strong></span><span class=\"Default Paragraph Font font:Times New Roman\">SKY-2000-101</span></p>\n\n<p style=\"margin-top: 6pt; margin-bottom: 6pt\"><span class=\"Default Paragraph Font font:Times New Roman\"><strong>Study Drug: </strong></span><span class=\"Default Paragraph Font font:Times New Roman\">ABC-123</span><span class=\"Default Paragraph Font font:Times New Roman\"><strong> </strong></span></p>\n\n<p style=\"margin-top: 6pt; margin-bottom: 6pt\"><span class=\"Default Paragraph Font font:Times New Roman\"><strong>Indication: </strong></span><span class=\"Default Paragraph Font font:Times New Roman\">Grade 2 boneitis</span></p>\n\n<p style=\"margin-top: 6pt; margin-bottom: 6pt\"><span class=\"Default Paragraph Font font:Times New Roman\"><strong>Sponsor: </strong></span><span class=\"Default Paragraph Font font:Times New Roman\">Stendarr, Inc.</span></p>\n\n<p style=\"margin-top: 6pt; margin-bottom: 6pt\"><span class=\"Default Paragraph Font font:Times New Roman\"><strong>Date: </strong></span><span class=\"Default Paragraph Font font:Times New Roman\">DD MM YYYY</span></p>", "index": "section@para", "score": 8.0, "type": "PWR_USED", "heading_path": [], "filename": "Mock_CSR Key messages_with_heading.docx"}, {"id": "doc::4877313e:layout::0:para::2", "content": "Protocol Number: SKY-2000-101", "index": "section@para", "score": 8.0, "type": "PWR_USED", "heading_path": ["TITLE PAGE"], "filename": "Mock_CSR_Protocol.docx"}, {"id": "doc::4877313e:layout::21:para::1", "content": "Study intervention is defined as any investigational intervention(s), marketed product(s), or placebo intended to be administered to a study participant according to the study protocol.", "index": "section@para", "score": 8.0, "type": "PWR_DROP", "heading_path": ["STUDY INTERVENTION"], "filename": "Mock_CSR_Protocol.docx"}, {"id": "doc::4877313e:layout::22:para::15", "content": "The treatment assignment should be unblinded at the clinic only in the case of an emergency, when knowledge of the study intervention assignment is absolutely necessary for the clinical management or welfare of the participant, or where necessary to determine if dose-limiting toxicity (DLT) criteria have been met (). Breaking of the blind at the clinic under any other circumstances will be considered a protocol deviation. The Investigator is strongly encouraged to contact the Sponsor before unblinding the study intervention assignment prior to the scheduled assessment of tolerance and safety data unless there is an urgent safety issue that must be addressed as a priority. If the blind is broken for any reason, the Investigator must notify the Sponsor within 24 hours, and an SAE form must be completed, if appropriate. In addition, the Investigator will record the date and reason for revealing the blinded study intervention assignment for that participant in the source documents and appropriate electronic case report form (eCRF) page(s).", "index": "section@para", "score": 8.0, "type": "PWR_DROP", "heading_path": ["Measures to Minimize Bias: Randomization and Blinding"], "filename": "Mock_CSR_Protocol.docx"}, {"id": "doc::4877313e:layout::28:para::1", "content": "Study procedures and their timing are summarized in the SoA (). Protocol waivers or exemptions are not allowed.", "index": "section@para", "score": 8.0, "type": "PWR_DROP", "heading_path": ["STUDY ASSESSMENTS AND PROCEDURES"], "filename": "Mock_CSR_Protocol.docx"}] | R7: KeyValue | S7: doc::7cd3e10f:layout::0:table::3:row::0:cell::1::ph::2
A8: <Investigational Drug Name> | F8: Retrieve details about the investigational drug name specifically for the TITLE PAGE context and related study materials. | G8: yes | H8: Resolve the placeholder 'Investigational Drug Name' for the table caption 'Study Title' under the parent heading 'TITLE PAGE', ensuring alignment with the column header 'Investigational Drug Name:' and contextual references. | J8: ABC-123 | M8: Paragraph | N8: [{"id": "doc::4877313e:layout::0:para::1", "content": "Protocol Title: A First-In-Human, Phase 1, Randomized, Double-Blind, Placebo-Controlled Study to Evaluate the Safety, Tolerability, and Pharmacokinetics of ABC-123 as a Single Dose in Healthy Participants and as Multiple Doses in Participants with Grade 2 Boneitis", "index": "section@para", "score": 10.0, "type": "CNM_ADD", "heading_path": ["TITLE PAGE"], "filename": "Mock_CSR_Protocol.docx"}, {"id": "doc::4877313e:layout::5:para::2", "content": "Protocol Title: A First-In-Human, Phase 1, Randomized, Double-Blind, Placebo-Controlled Study to Evaluate the Safety, Tolerability, and Pharmacokinetics of ABC-123 as a Single Dose in Healthy Participants and as Multiple Doses in Participants with Grade 2 Boneitis", "index": "section@para", "score": 10.0, "type": "CNM_ADD", "heading_path": ["Synopsis"], "filename": "Mock_CSR_Protocol.docx"}, {"id": "doc::fd2ccc75:layout::0:para::1", "content": "Document Title: Clinical Study Report", "index": "section@para", "score": 8.0, "type": "CNM_ADD", "heading_path": [], "filename": "Mock_CSR Key messages_with_heading.docx"}, {"id": "doc::fd2ccc75:layout::0:para::2", "content": "Study Title:\n\n<p style=\"margin-top: 6pt; margin-bottom: 6pt\"><span class=\"Default Paragraph Font font:Times New Roman\">A First-In-Human, Phase 1, Randomized, Double-Blind, Placebo-Controlled Study to Evaluate the Safety, Tolerability, and Pharmacokinetics of ABC-123 as a Single Dose in Healthy Participants and as Multiple Doses in Participants with Grade 2 Boneitis</span></p>\n\n<p style=\"margin-top: 6pt; margin-bottom: 6pt\"><span class=\"Default Paragraph Font font:Times New Roman\"><strong>Protocol No.: </strong></span><span class=\"Default Paragraph Font font:Times New Roman\">SKY-2000-101</span></p>\n\n<p style=\"margin-top: 6pt; margin-bottom: 6pt\"><span class=\"Default Paragraph Font font:Times New Roman\"><strong>Study Drug: </strong></span><span class=\"Default Paragraph Font font:Times New Roman\">ABC-123</span><span class=\"Default Paragraph Font font:Times New Roman\"><strong> </strong></span></p>\n\n<p style=\"margin-top: 6pt; margin-bottom: 6pt\"><span class=\"Default Paragraph Font font:Times New Roman\"><strong>Indication: </strong></span><span class=\"Default Paragraph Font font:Times New Roman\">Grade 2 boneitis</span></p>\n\n<p style=\"margin-top: 6pt; margin-bottom: 6pt\"><span class=\"Default Paragraph Font font:Times New Roman\"><strong>Sponsor: </strong></span><span class=\"Default Paragraph Font font:Times New Roman\">Stendarr, Inc.</span></p>\n\n<p style=\"margin-top: 6pt; margin-bottom: 6pt\"><span class=\"Default Paragraph Font font:Times New Roman\"><strong>Date: </strong></span><span class=\"Default Paragraph Font font:Times New Roman\">DD MM YYYY</span></p>", "index": "section@para", "score": 8.0, "type": "PWR_USED", "heading_path": [], "filename": "Mock_CSR Key messages_with_heading.docx"}, {"id": "doc::fd2ccc75:layout::0:para::68", "content": "No dose-limiting toxicities, or dose reductions due to treatment-emergent adverse events were reported. The study evaluated treatment-emergent adverse events (TEAEs) among participants receiving either the treatment (N=21) or placebo (N=10). Overall, 85.7% of participants in the treatment group experienced at least one TEAE, compared to 50.0% in the placebo group, with a total incidence of 74.2%. Treatment-related TEAEs were reported in 61.9% of participants in the treatment group, while none were observed in the placebo group. Grade 3 or higher TEAEs occurred in 22.6% of the treatment group and 20.0% of the placebo group, accounting for 29.0% of all participants. Serious TEAEs were reported in 22.6% of the treatment group and 20.0% of the placebo group, also totaling 29.0%. Serious treatment-related TEAEs were observed in 23.8% of the treatment group, with none in the placebo group. TEAEs leading to study drug discontinuation occurred in 9.5% of the treatment group and none in the placebo group, representing 6.5% overall. Dose modifications and reductions due to TEAEs were rare, reported in 4.8% and 0% of the treatment group, respectively, with no occurrences in the placebo group. Deaths attributed to TEAEs occurred in 14.2% of the treatment group and none in the placebo group, accounting for 9.7% overall, all of which were classified as treatment-related.", "index": "section@para", "score": 8.0, "type": "CNM_ADD", "heading_path": ["4. Key Results"], "filename": "Mock_CSR Key messages_with_heading.docx"}, {"id": "doc::fd2ccc75:layout::0:para::70", "content": "This study demonstrated that ABC-123 is safe and well-tolerated when administered as a single dose in healthy participants and as multiple doses in participants with Grade 2 Boneitis. No dose-limiting toxicities, or dose reductions due to treatment-emergent adverse events were reported. The study evaluated treatment-emergent adverse events (TEAEs) among participants receiving either the treatment (N=21) or placebo (N=10). Overall, 85.7% of participants in the treatment group experienced at least one TEAE, compared to 50.0% in the placebo group, with a total incidence of 74.2%. Treatment-related TEAEs were reported in 61.9% of participants in the treatment group, while none were observed in the placebo group. Grade 3 or higher TEAEs occurred in 22.6% of the treatment group and 20.0% of the placebo group, accounting for 29.0% of all participants. Serious TEAEs were reported in 22.6% of the treatment group and 20.0% of the placebo group, also totaling 29.0%. Serious treatment-related TEAEs were observed in 23.8% of the treatment group, with none in the placebo group. TEAEs leading to study drug discontinuation occurred in 9.5% of the treatment group and none in the placebo group, representing 6.5% overall. Dose modifications and reductions due to TEAEs were rare, reported in 4.8% and 0% of the treatment group, respectively, with no occurrences in the placebo group. Deaths attributed to TEAEs occurred in 14.2% of the treatment group and none in the placebo group, accounting for 9.7% overall, all of which were classified as treatment-related.", "index": "section@para", "score": 8.0, "type": "CNM_ADD", "heading_path": ["5. Interpretation & Conclusion"], "filename": "Mock_CSR Key messages_with_heading.docx"}, {"id": "doc::4877313e:layout::18:para::26", "content": "Participation in a clinical study involving administration of an investigational drug (new chemical entity) in the past 30 days or 5 half-lives of last dose (whichever is longer) prior to first dosing.", "index": "section@para", "score": 8.0, "type": "CNM_ADD", "heading_path": ["Exclusion Criteria"], "filename": "Mock_CSR_Protocol.docx"}, {"id": "doc::4877313e:layout::0:para::0", "content": "TITLE PAGE\n\n<p style=\"margin-top: 6.15pt\"><span style=\"font-size: 12pt\" class=\"Default Paragraph Font color:000000\"><strong>Protocol Title: </strong></span><span style=\"font-size: 12pt\" class=\"Default Paragraph Font color:000000\">A First-In-Human, Phase 1, Randomized, Double-Blind, Placebo-Controlled Study to Evaluate the Safety, Tolerability, and Pharmacokinetics of ABC-123 as a Single Dose in Healthy Participants and as Multiple Doses in Participants with Grade 2 Boneitis</span></p>\n\n<p style=\"margin-top: 6.3pt\"><span style=\"font-size: 12pt\" class=\"Default Paragraph Font\"><strong>Protocol Number: </strong></span><span style=\"font-size: 12pt\" class=\"Default Paragraph Font\">SKY-2000-101</span></p>\n\n<p style=\"margin-top: 6.15pt\"><span style=\"font-size: 12pt\" class=\"Default Paragraph Font\"><strong>Compound: </strong></span><span style=\"font-size: 12pt\" class=\"Default Paragraph Font\">ABC-123</span></p>\n\n<p style=\"margin-top: 6.2pt\"><span style=\"font-size: 12pt\" class=\"Default Paragraph Font\"><strong>Study Phase: </strong></span><span style=\"font-size: 12pt\" class=\"Default Paragraph Font\">Phase 1</span></p>\n\n<p style=\"margin-top: 6.15pt\"><span style=\"font-size: 12pt\" class=\"Default Paragraph Font color:000000\"><strong>Short Title: </strong></span><span style=\"font-size: 12pt\" class=\"Default Paragraph Font color:000000\">Phase 1 RCT of ABC-123 in healthy participants (SAD) and participants with boneitis (repeat-dose)</span></p>\n\n<p style=\"margin-top: 5.9pt\"><span style=\"font-size: 12pt\" class=\"Default Paragraph Font\"><strong>Acronym: </strong></span><span style=\"font-size: 12pt\" class=\"Default Paragraph Font\">Not applicable </span><span style=\"font-size: 12pt\" class=\"Default Paragraph Font\"><strong>Sponsor Name: </strong></span><span style=\"font-size: 12pt\" class=\"Default Paragraph Font\">Stendarr, Inc.</span></p>\n\n<p style=\"margin-top: 5.9pt\"><span style=\"font-size: 12pt\" class=\"Default Paragraph Font\"> </span><span style=\"font-size: 12pt\" class=\"Default Paragraph Font\"><strong>Legal Registered Address:</strong></span></p>\n\n<p><span style=\"font-size: 12pt\" class=\"Default Paragraph Font color:000000\">123 Fake Street</span></p>\n\n<p><span style=\"font-size: 12pt\" class=\"Default Paragraph Font color:000000\">Anytown, CO</span></p>\n\n<p><span style=\"font-size: 12pt\" class=\"Default Paragraph Font color:000000\">USA 80002</span></p>\n\n<p style=\"margin-top: 6.2pt\"><span style=\"font-size: 12pt\" class=\"Default Paragraph Font\"><strong>Regulatory Agency Identifier Number(s): </strong></span><span style=\"font-size: 12pt\" class=\"Default Paragraph Font\">IND: 123456</span></p>\n\n<p style=\"margin-top: 6.2pt\"><span style=\"font-size: 12pt\" class=\"Default Paragraph Font\"><strong>Amendment Number: 2.0</strong></span></p>\n\n<p style=\"margin-top: 6.1pt\"><span style=\"font-size: 12pt\" class=\"Default Paragraph Font\"><strong>Approval Date: </strong></span><span style=\"font-size: 12pt\" class=\"Default Paragraph Font\">1 March 2023</span></p>\n\n<p style=\"margin-top: 6.1pt\"><span style=\"font-size: 12pt\" class=\"Default Paragraph Font\"><strong>Sponsor Signatory:</strong></span></p>\n\n<p style=\"margin-top: 2.3pt\"><span style=\"font-size: 12pt\" class=\"Default Paragraph Font color:000000\">Karliah N. Gale, MD</span></p>\n\n<p style=\"margin-top: 2.3pt\"><span style=\"font-size: 12pt\" class=\"Default Paragraph Font color:000000\">Medical Director</span></p>", "index": "section@para", "score": 6.0, "type": "PWR_USED", "heading_path": [], "filename": "Mock_CSR_Protocol.docx"}, {"id": "doc::4877313e:layout::21:para::1", "content": "Study intervention is defined as any investigational intervention(s), marketed product(s), or placebo intended to be administered to a study participant according to the study protocol.", "index": "section@para", "score": 6.0, "type": "PWR_DROP", "heading_path": ["STUDY INTERVENTION"], "filename": "Mock_CSR_Protocol.docx"}, {"id": "doc::4877313e:layout::22:para::15", "content": "The treatment assignment should be unblinded at the clinic only in the case of an emergency, when knowledge of the study intervention assignment is absolutely necessary for the clinical management or welfare of the participant, or where necessary to determine if dose-limiting toxicity (DLT) criteria have been met (). Breaking of the blind at the clinic under any other circumstances will be considered a protocol deviation. The Investigator is strongly encouraged to contact the Sponsor before unblinding the study intervention assignment prior to the scheduled assessment of tolerance and safety data unless there is an urgent safety issue that must be addressed as a priority. If the blind is broken for any reason, the Investigator must notify the Sponsor within 24 hours, and an SAE form must be completed, if appropriate. In addition, the Investigator will record the date and reason for revealing the blinded study intervention assignment for that participant in the source documents and appropriate electronic case report form (eCRF) page(s).", "index": "section@para", "score": 6.0, "type": "PWR_DROP", "heading_path": ["Measures to Minimize Bias: Randomization and Blinding"], "filename": "Mock_CSR_Protocol.docx"}] | R8: KeyValue | S8: doc::7cd3e10f:layout::0:table::3:row::0:cell::2::ph::0
A9: <Insert Disease Name> | F9: Retrieve details related to the disease name studied in the protocol, focusing on descriptions within tables or title pages. | G9: yes | H9: Resolve the placeholder 'Insert Disease Name' using the provided context, leveraging positional identifiers such as the table caption '<Study Title>', column headers 'Investigational Drug Name:', 'Indication Studied:', and 'Protocol Number:', and row label 'Indication Studied:' to ensure accuracy. | J9: Grade 2 boneitis | M9: Paragraph | N9: [{"id": "doc::4877313e:layout::0:para::1", "content": "Protocol Title: A First-In-Human, Phase 1, Randomized, Double-Blind, Placebo-Controlled Study to Evaluate the Safety, Tolerability, and Pharmacokinetics of ABC-123 as a Single Dose in Healthy Participants and as Multiple Doses in Participants with Grade 2 Boneitis", "index": "section@para", "score": 10.0, "type": "CNM_ADD", "heading_path": ["TITLE PAGE"], "filename": "Mock_CSR_Protocol.docx"}, {"id": "doc::4877313e:layout::5:para::2", "content": "Protocol Title: A First-In-Human, Phase 1, Randomized, Double-Blind, Placebo-Controlled Study to Evaluate the Safety, Tolerability, and Pharmacokinetics of ABC-123 as a Single Dose in Healthy Participants and as Multiple Doses in Participants with Grade 2 Boneitis", "index": "section@para", "score": 10.0, "type": "CNM_ADD", "heading_path": ["Synopsis"], "filename": "Mock_CSR_Protocol.docx"}, {"id": "doc::fd2ccc75:layout::0:para::1", "content": "Document Title: Clinical Study Report", "index": "section@para", "score": 8.0, "type": "CNM_ADD", "heading_path": [], "filename": "Mock_CSR Key messages_with_heading.docx"}, {"id": "doc::fd2ccc75:layout::0:para::2", "content": "Study Title:\n\n<p style=\"margin-top: 6pt; margin-bottom: 6pt\"><span class=\"Default Paragraph Font font:Times New Roman\">A First-In-Human, Phase 1, Randomized, Double-Blind, Placebo-Controlled Study to Evaluate the Safety, Tolerability, and Pharmacokinetics of ABC-123 as a Single Dose in Healthy Participants and as Multiple Doses in Participants with Grade 2 Boneitis</span></p>\n\n<p style=\"margin-top: 6pt; margin-bottom: 6pt\"><span class=\"Default Paragraph Font font:Times New Roman\"><strong>Protocol No.: </strong></span><span class=\"Default Paragraph Font font:Times New Roman\">SKY-2000-101</span></p>\n\n<p style=\"margin-top: 6pt; margin-bottom: 6pt\"><span class=\"Default Paragraph Font font:Times New Roman\"><strong>Study Drug: </strong></span><span class=\"Default Paragraph Font font:Times New Roman\">ABC-123</span><span class=\"Default Paragraph Font font:Times New Roman\"><strong> </strong></span></p>\n\n<p style=\"margin-top: 6pt; margin-bottom: 6pt\"><span class=\"Default Paragraph Font font:Times New Roman\"><strong>Indication: </strong></span><span class=\"Default Paragraph Font font:Times New Roman\">Grade 2 boneitis</span></p>\n\n<p style=\"margin-top: 6pt; margin-bottom: 6pt\"><span class=\"Default Paragraph Font font:Times New Roman\"><strong>Sponsor: </strong></span><span class=\"Default Paragraph Font font:Times New Roman\">Stendarr, Inc.</span></p>\n\n<p style=\"margin-top: 6pt; margin-bottom: 6pt\"><span class=\"Default Paragraph Font font:Times New Roman\"><strong>Date: </strong></span><span class=\"Default Paragraph Font font:Times New Roman\">DD MM YYYY</span></p>", "index": "section@para", "score": 8.0, "type": "PWR_USED", "heading_path": [], "filename": "Mock_CSR Key messages_with_heading.docx"}, {"id": "doc::fd2ccc75:layout::0:para::50", "content": "A total of 36 subjects were enrolled in the study, with 24 assigned to the Treatment group and 12 to the Placebo group. At the time of analysis, 31 subjects (86.1%) remained ongoing in the study and on treatment (87.5% in the Treatment group and 83.3% in the Placebo group). Five subjects (13.9%) discontinued study treatment, three (12.5%) from the Treatment group and two (16.7%) from the Placebo group. The reasons for treatment discontinuation included adverse events (n=2, Treatment group), progressive disease (n=1, Treatment group), patient withdrawal of informed consent (n=1, Placebo group), and other reasons (n=1, Placebo group).", "index": "section@para", "score": 6.0, "type": "CNM_ADD", "heading_path": ["4. Key Results"], "filename": "Mock_CSR Key messages_with_heading.docx"}, {"id": "doc::fd2ccc75:layout::0:para::68", "content": "No dose-limiting toxicities, or dose reductions due to treatment-emergent adverse events were reported. The study evaluated treatment-emergent adverse events (TEAEs) among participants receiving either the treatment (N=21) or placebo (N=10). Overall, 85.7% of participants in the treatment group experienced at least one TEAE, compared to 50.0% in the placebo group, with a total incidence of 74.2%. Treatment-related TEAEs were reported in 61.9% of participants in the treatment group, while none were observed in the placebo group. Grade 3 or higher TEAEs occurred in 22.6% of the treatment group and 20.0% of the placebo group, accounting for 29.0% of all participants. Serious TEAEs were reported in 22.6% of the treatment group and 20.0% of the placebo group, also totaling 29.0%. Serious treatment-related TEAEs were observed in 23.8% of the treatment group, with none in the placebo group. TEAEs leading to study drug discontinuation occurred in 9.5% of the treatment group and none in the placebo group, representing 6.5% overall. Dose modifications and reductions due to TEAEs were rare, reported in 4.8% and 0% of the treatment group, respectively, with no occurrences in the placebo group. Deaths attributed to TEAEs occurred in 14.2% of the treatment group and none in the placebo group, accounting for 9.7% overall, all of which were classified as treatment-related.", "index": "section@para", "score": 6.0, "type": "CNM_ADD", "heading_path": ["4. Key Results"], "filename": "Mock_CSR Key messages_with_heading.docx"}, {"id": "doc::fd2ccc75:layout::0:para::70", "content": "This study demonstrated that ABC-123 is safe and well-tolerated when administered as a single dose in healthy participants and as multiple doses in participants with Grade 2 Boneitis. No dose-limiting toxicities, or dose reductions due to treatment-emergent adverse events were reported. The study evaluated treatment-emergent adverse events (TEAEs) among participants receiving either the treatment (N=21) or placebo (N=10). Overall, 85.7% of participants in the treatment group experienced at least one TEAE, compared to 50.0% in the placebo group, with a total incidence of 74.2%. Treatment-related TEAEs were reported in 61.9% of participants in the treatment group, while none were observed in the placebo group. Grade 3 or higher TEAEs occurred in 22.6% of the treatment group and 20.0% of the placebo group, accounting for 29.0% of all participants. Serious TEAEs were reported in 22.6% of the treatment group and 20.0% of the placebo group, also totaling 29.0%. Serious treatment-related TEAEs were observed in 23.8% of the treatment group, with none in the placebo group. TEAEs leading to study drug discontinuation occurred in 9.5% of the treatment group and none in the placebo group, representing 6.5% overall. Dose modifications and reductions due to TEAEs were rare, reported in 4.8% and 0% of the treatment group, respectively, with no occurrences in the placebo group. Deaths attributed to TEAEs occurred in 14.2% of the treatment group and none in the placebo group, accounting for 9.7% overall, all of which were classified as treatment-related.", "index": "section@para", "score": 6.0, "type": "CNM_ADD", "heading_path": ["5. Interpretation & Conclusion"], "filename": "Mock_CSR Key messages_with_heading.docx"}, {"id": "doc::4877313e:layout::0:para::0", "content": "TITLE PAGE\n\n<p style=\"margin-top: 6.15pt\"><span style=\"font-size: 12pt\" class=\"Default Paragraph Font color:000000\"><strong>Protocol Title: </strong></span><span style=\"font-size: 12pt\" class=\"Default Paragraph Font color:000000\">A First-In-Human, Phase 1, Randomized, Double-Blind, Placebo-Controlled Study to Evaluate the Safety, Tolerability, and Pharmacokinetics of ABC-123 as a Single Dose in Healthy Participants and as Multiple Doses in Participants with Grade 2 Boneitis</span></p>\n\n<p style=\"margin-top: 6.3pt\"><span style=\"font-size: 12pt\" class=\"Default Paragraph Font\"><strong>Protocol Number: </strong></span><span style=\"font-size: 12pt\" class=\"Default Paragraph Font\">SKY-2000-101</span></p>\n\n<p style=\"margin-top: 6.15pt\"><span style=\"font-size: 12pt\" class=\"Default Paragraph Font\"><strong>Compound: </strong></span><span style=\"font-size: 12pt\" class=\"Default Paragraph Font\">ABC-123</span></p>\n\n<p style=\"margin-top: 6.2pt\"><span style=\"font-size: 12pt\" class=\"Default Paragraph Font\"><strong>Study Phase: </strong></span><span style=\"font-size: 12pt\" class=\"Default Paragraph Font\">Phase 1</span></p>\n\n<p style=\"margin-top: 6.15pt\"><span style=\"font-size: 12pt\" class=\"Default Paragraph Font color:000000\"><strong>Short Title: </strong></span><span style=\"font-size: 12pt\" class=\"Default Paragraph Font color:000000\">Phase 1 RCT of ABC-123 in healthy participants (SAD) and participants with boneitis (repeat-dose)</span></p>\n\n<p style=\"margin-top: 5.9pt\"><span style=\"font-size: 12pt\" class=\"Default Paragraph Font\"><strong>Acronym: </strong></span><span style=\"font-size: 12pt\" class=\"Default Paragraph Font\">Not applicable </span><span style=\"font-size: 12pt\" class=\"Default Paragraph Font\"><strong>Sponsor Name: </strong></span><span style=\"font-size: 12pt\" class=\"Default Paragraph Font\">Stendarr, Inc.</span></p>\n\n<p style=\"margin-top: 5.9pt\"><span style=\"font-size: 12pt\" class=\"Default Paragraph Font\"> </span><span style=\"font-size: 12pt\" class=\"Default Paragraph Font\"><strong>Legal Registered Address:</strong></span></p>\n\n<p><span style=\"font-size: 12pt\" class=\"Default Paragraph Font color:000000\">123 Fake Street</span></p>\n\n<p><span style=\"font-size: 12pt\" class=\"Default Paragraph Font color:000000\">Anytown, CO</span></p>\n\n<p><span style=\"font-size: 12pt\" class=\"Default Paragraph Font color:000000\">USA 80002</span></p>\n\n<p style=\"margin-top: 6.2pt\"><span style=\"font-size: 12pt\" class=\"Default Paragraph Font\"><strong>Regulatory Agency Identifier Number(s): </strong></span><span style=\"font-size: 12pt\" class=\"Default Paragraph Font\">IND: 123456</span></p>\n\n<p style=\"margin-top: 6.2pt\"><span style=\"font-size: 12pt\" class=\"Default Paragraph Font\"><strong>Amendment Number: 2.0</strong></span></p>\n\n<p style=\"margin-top: 6.1pt\"><span style=\"font-size: 12pt\" class=\"Default Paragraph Font\"><strong>Approval Date: </strong></span><span style=\"font-size: 12pt\" class=\"Default Paragraph Font\">1 March 2023</span></p>\n\n<p style=\"margin-top: 6.1pt\"><span style=\"font-size: 12pt\" class=\"Default Paragraph Font\"><strong>Sponsor Signatory:</strong></span></p>\n\n<p style=\"margin-top: 2.3pt\"><span style=\"font-size: 12pt\" class=\"Default Paragraph Font color:000000\">Karliah N. Gale, MD</span></p>\n\n<p style=\"margin-top: 2.3pt\"><span style=\"font-size: 12pt\" class=\"Default Paragraph Font color:000000\">Medical Director</span></p>", "index": "section@para", "score": 6.0, "type": "PWR_USED", "heading_path": [], "filename": "Mock_CSR_Protocol.docx"}, {"id": "doc::4877313e:layout::12:para::18", "content": "ABC-123 has not been studied in humans; therefore, the risk-benefit analysis considerations are based on nonclinical data and reports in the literature on similar therapies. The benefits to participants in the ABC-123 clinical program may include contributing to the process of developing new therapies in an area of unmet need and medical evaluations/assessments associated with study procedures (eg, physical examination); participants with boneitis due to lurgi may or may not experience an impact on progression of the disease. The risks of participation are primarily those associated with adverse reactions to the investigational medicinal product, although there may also be some discomfort associated with subcutaneous (SC) injections or study procedures (eg, blood collection).", "index": "section@para", "score": 6.0, "type": "PWR_DROP", "heading_path": ["Benefit/Risk Assessment"], "filename": "Mock_CSR_Protocol.docx"}, {"id": "doc::4877313e:layout::18:para::26", "content": "Participation in a clinical study involving administration of an investigational drug (new chemical entity) in the past 30 days or 5 half-lives of last dose (whichever is longer) prior to first dosing.", "index": "section@para", "score": 6.0, "type": "PWR_DROP", "heading_path": ["Exclusion Criteria"], "filename": "Mock_CSR_Protocol.docx"}] | R9: KeyValue | S9: doc::7cd3e10f:layout::0:table::3:row::0:cell::2::ph::1
A10: <Protocol Identification (Code or Number)> | F10: Retrieve details about protocol identification codes or numbers, especially under headings or tables related to study titles or protocol information. | G10: yes | H10: Resolve the placeholder 'Protocol Identification (Code or Number)' based on its position within the TITLE PAGE heading and its association with the table caption '<Study Title>' and row label 'Protocol Number:'. | J10: SKY-2000-101 | M10: Paragraph | N10: [{"id": "doc::4877313e:layout::0:para::1", "content": "Protocol Title: A First-In-Human, Phase 1, Randomized, Double-Blind, Placebo-Controlled Study to Evaluate the Safety, Tolerability, and Pharmacokinetics of ABC-123 as a Single Dose in Healthy Participants and as Multiple Doses in Participants with Grade 2 Boneitis", "index": "section@para", "score": 12.0, "type": "CNM_ADD", "heading_path": ["TITLE PAGE"], "filename": "Mock_CSR_Protocol.docx"}, {"id": "doc::4877313e:layout::5:para::2", "content": "Protocol Title: A First-In-Human, Phase 1, Randomized, Double-Blind, Placebo-Controlled Study to Evaluate the Safety, Tolerability, and Pharmacokinetics of ABC-123 as a Single Dose in Healthy Participants and as Multiple Doses in Participants with Grade 2 Boneitis", "index": "section@para", "score": 12.0, "type": "CNM_ADD", "heading_path": ["Synopsis"], "filename": "Mock_CSR_Protocol.docx"}, {"id": "doc::72df3a00:layout::22:para::0", "content": "Protocol Version No: Final Version 2.0, 01MAR2023 Study Code: ST-4536", "index": "section@para", "score": 10.0, "type": "CNM_ADD", "heading_path": ["SOFTWARE"], "filename": "Mock SAP _03Jun2026.docx"}, {"id": "doc::72df3a00:layout::28:para::1", "content": "Protocol Version No: Final Version 2.0, 01MAR2023 Study Code: ST-4536", "index": "section@para", "score": 10.0, "type": "CNM_ADD", "heading_path": ["SOFTWARE"], "filename": "Mock SAP _03Jun2026.docx"}, {"id": "doc::fd2ccc75:layout::0:para::1", "content": "Document Title: Clinical Study Report", "index": "section@para", "score": 8.0, "type": "CNM_ADD", "heading_path": [], "filename": "Mock_CSR Key messages_with_heading.docx"}, {"id": "doc::fd2ccc75:layout::0:para::2", "content": "Study Title:\n\n<p style=\"margin-top: 6pt; margin-bottom: 6pt\"><span class=\"Default Paragraph Font font:Times New Roman\">A First-In-Human, Phase 1, Randomized, Double-Blind, Placebo-Controlled Study to Evaluate the Safety, Tolerability, and Pharmacokinetics of ABC-123 as a Single Dose in Healthy Participants and as Multiple Doses in Participants with Grade 2 Boneitis</span></p>\n\n<p style=\"margin-top: 6pt; margin-bottom: 6pt\"><span class=\"Default Paragraph Font font:Times New Roman\"><strong>Protocol No.: </strong></span><span class=\"Default Paragraph Font font:Times New Roman\">SKY-2000-101</span></p>\n\n<p style=\"margin-top: 6pt; margin-bottom: 6pt\"><span class=\"Default Paragraph Font font:Times New Roman\"><strong>Study Drug: </strong></span><span class=\"Default Paragraph Font font:Times New Roman\">ABC-123</span><span class=\"Default Paragraph Font font:Times New Roman\"><strong> </strong></span></p>\n\n<p style=\"margin-top: 6pt; margin-bottom: 6pt\"><span class=\"Default Paragraph Font font:Times New Roman\"><strong>Indication: </strong></span><span class=\"Default Paragraph Font font:Times New Roman\">Grade 2 boneitis</span></p>\n\n<p style=\"margin-top: 6pt; margin-bottom: 6pt\"><span class=\"Default Paragraph Font font:Times New Roman\"><strong>Sponsor: </strong></span><span class=\"Default Paragraph Font font:Times New Roman\">Stendarr, Inc.</span></p>\n\n<p style=\"margin-top: 6pt; margin-bottom: 6pt\"><span class=\"Default Paragraph Font font:Times New Roman\"><strong>Date: </strong></span><span class=\"Default Paragraph Font font:Times New Roman\">DD MM YYYY</span></p>", "index": "section@para", "score": 8.0, "type": "PWR_USED", "heading_path": [], "filename": "Mock_CSR Key messages_with_heading.docx"}, {"id": "doc::4877313e:layout::0:para::2", "content": "Protocol Number: SKY-2000-101", "index": "section@para", "score": 8.0, "type": "PWR_USED", "heading_path": ["TITLE PAGE"], "filename": "Mock_CSR_Protocol.docx"}, {"id": "doc::4877313e:layout::21:para::1", "content": "Study intervention is defined as any investigational intervention(s), marketed product(s), or placebo intended to be administered to a study participant according to the study protocol.", "index": "section@para", "score": 8.0, "type": "PWR_DROP", "heading_path": ["STUDY INTERVENTION"], "filename": "Mock_CSR_Protocol.docx"}, {"id": "doc::4877313e:layout::22:para::15", "content": "The treatment assignment should be unblinded at the clinic only in the case of an emergency, when knowledge of the study intervention assignment is absolutely necessary for the clinical management or welfare of the participant, or where necessary to determine if dose-limiting toxicity (DLT) criteria have been met (). Breaking of the blind at the clinic under any other circumstances will be considered a protocol deviation. The Investigator is strongly encouraged to contact the Sponsor before unblinding the study intervention assignment prior to the scheduled assessment of tolerance and safety data unless there is an urgent safety issue that must be addressed as a priority. If the blind is broken for any reason, the Investigator must notify the Sponsor within 24 hours, and an SAE form must be completed, if appropriate. In addition, the Investigator will record the date and reason for revealing the blinded study intervention assignment for that participant in the source documents and appropriate electronic case report form (eCRF) page(s).", "index": "section@para", "score": 8.0, "type": "PWR_DROP", "heading_path": ["Measures to Minimize Bias: Randomization and Blinding"], "filename": "Mock_CSR_Protocol.docx"}, {"id": "doc::4877313e:layout::28:para::1", "content": "Study procedures and their timing are summarized in the SoA (). Protocol waivers or exemptions are not allowed.", "index": "section@para", "score": 8.0, "type": "PWR_DROP", "heading_path": ["STUDY ASSESSMENTS AND PROCEDURES"], "filename": "Mock_CSR_Protocol.docx"}] | R10: KeyValue | S10: doc::7cd3e10f:layout::0:table::3:row::0:cell::2::ph::2
A11: <Investigational Drug Name> | F11: Retrieve context specifically mentioning the investigational drug name, focusing on protocol details or study drug descriptions. | G11: yes | H11: Resolve the placeholder 'Investigational Drug Name' using the context provided under the TITLE PAGE heading, specifically referencing the column header path and paragraph content where the drug name ABC-123 was detailed. | J11: ABC-123 | M11: Paragraph | N11: [{"id": "doc::4877313e:layout::0:para::1", "content": "Protocol Title: A First-In-Human, Phase 1, Randomized, Double-Blind, Placebo-Controlled Study to Evaluate the Safety, Tolerability, and Pharmacokinetics of ABC-123 as a Single Dose in Healthy Participants and as Multiple Doses in Participants with Grade 2 Boneitis", "index": "section@para", "score": 10.0, "type": "CNM_ADD", "heading_path": ["TITLE PAGE"], "filename": "Mock_CSR_Protocol.docx"}, {"id": "doc::4877313e:layout::5:para::2", "content": "Protocol Title: A First-In-Human, Phase 1, Randomized, Double-Blind, Placebo-Controlled Study to Evaluate the Safety, Tolerability, and Pharmacokinetics of ABC-123 as a Single Dose in Healthy Participants and as Multiple Doses in Participants with Grade 2 Boneitis", "index": "section@para", "score": 10.0, "type": "CNM_ADD", "heading_path": ["Synopsis"], "filename": "Mock_CSR_Protocol.docx"}, {"id": "doc::fd2ccc75:layout::0:para::1", "content": "Document Title: Clinical Study Report", "index": "section@para", "score": 8.0, "type": "CNM_ADD", "heading_path": [], "filename": "Mock_CSR Key messages_with_heading.docx"}, {"id": "doc::fd2ccc75:layout::0:para::2", "content": "Study Title:\n\n<p style=\"margin-top: 6pt; margin-bottom: 6pt\"><span class=\"Default Paragraph Font font:Times New Roman\">A First-In-Human, Phase 1, Randomized, Double-Blind, Placebo-Controlled Study to Evaluate the Safety, Tolerability, and Pharmacokinetics of ABC-123 as a Single Dose in Healthy Participants and as Multiple Doses in Participants with Grade 2 Boneitis</span></p>\n\n<p style=\"margin-top: 6pt; margin-bottom: 6pt\"><span class=\"Default Paragraph Font font:Times New Roman\"><strong>Protocol No.: </strong></span><span class=\"Default Paragraph Font font:Times New Roman\">SKY-2000-101</span></p>\n\n<p style=\"margin-top: 6pt; margin-bottom: 6pt\"><span class=\"Default Paragraph Font font:Times New Roman\"><strong>Study Drug: </strong></span><span class=\"Default Paragraph Font font:Times New Roman\">ABC-123</span><span class=\"Default Paragraph Font font:Times New Roman\"><strong> </strong></span></p>\n\n<p style=\"margin-top: 6pt; margin-bottom: 6pt\"><span class=\"Default Paragraph Font font:Times New Roman\"><strong>Indication: </strong></span><span class=\"Default Paragraph Font font:Times New Roman\">Grade 2 boneitis</span></p>\n\n<p style=\"margin-top: 6pt; margin-bottom: 6pt\"><span class=\"Default Paragraph Font font:Times New Roman\"><strong>Sponsor: </strong></span><span class=\"Default Paragraph Font font:Times New Roman\">Stendarr, Inc.</span></p>\n\n<p style=\"margin-top: 6pt; margin-bottom: 6pt\"><span class=\"Default Paragraph Font font:Times New Roman\"><strong>Date: </strong></span><span class=\"Default Paragraph Font font:Times New Roman\">DD MM YYYY</span></p>", "index": "section@para", "score": 8.0, "type": "PWR_USED", "heading_path": [], "filename": "Mock_CSR Key messages_with_heading.docx"}, {"id": "doc::fd2ccc75:layout::0:para::68", "content": "No dose-limiting toxicities, or dose reductions due to treatment-emergent adverse events were reported. The study evaluated treatment-emergent adverse events (TEAEs) among participants receiving either the treatment (N=21) or placebo (N=10). Overall, 85.7% of participants in the treatment group experienced at least one TEAE, compared to 50.0% in the placebo group, with a total incidence of 74.2%. Treatment-related TEAEs were reported in 61.9% of participants in the treatment group, while none were observed in the placebo group. Grade 3 or higher TEAEs occurred in 22.6% of the treatment group and 20.0% of the placebo group, accounting for 29.0% of all participants. Serious TEAEs were reported in 22.6% of the treatment group and 20.0% of the placebo group, also totaling 29.0%. Serious treatment-related TEAEs were observed in 23.8% of the treatment group, with none in the placebo group. TEAEs leading to study drug discontinuation occurred in 9.5% of the treatment group and none in the placebo group, representing 6.5% overall. Dose modifications and reductions due to TEAEs were rare, reported in 4.8% and 0% of the treatment group, respectively, with no occurrences in the placebo group. Deaths attributed to TEAEs occurred in 14.2% of the treatment group and none in the placebo group, accounting for 9.7% overall, all of which were classified as treatment-related.", "index": "section@para", "score": 8.0, "type": "CNM_ADD", "heading_path": ["4. Key Results"], "filename": "Mock_CSR Key messages_with_heading.docx"}, {"id": "doc::fd2ccc75:layout::0:para::70", "content": "This study demonstrated that ABC-123 is safe and well-tolerated when administered as a single dose in healthy participants and as multiple doses in participants with Grade 2 Boneitis. No dose-limiting toxicities, or dose reductions due to treatment-emergent adverse events were reported. The study evaluated treatment-emergent adverse events (TEAEs) among participants receiving either the treatment (N=21) or placebo (N=10). Overall, 85.7% of participants in the treatment group experienced at least one TEAE, compared to 50.0% in the placebo group, with a total incidence of 74.2%. Treatment-related TEAEs were reported in 61.9% of participants in the treatment group, while none were observed in the placebo group. Grade 3 or higher TEAEs occurred in 22.6% of the treatment group and 20.0% of the placebo group, accounting for 29.0% of all participants. Serious TEAEs were reported in 22.6% of the treatment group and 20.0% of the placebo group, also totaling 29.0%. Serious treatment-related TEAEs were observed in 23.8% of the treatment group, with none in the placebo group. TEAEs leading to study drug discontinuation occurred in 9.5% of the treatment group and none in the placebo group, representing 6.5% overall. Dose modifications and reductions due to TEAEs were rare, reported in 4.8% and 0% of the treatment group, respectively, with no occurrences in the placebo group. Deaths attributed to TEAEs occurred in 14.2% of the treatment group and none in the placebo group, accounting for 9.7% overall, all of which were classified as treatment-related.", "index": "section@para", "score": 8.0, "type": "CNM_ADD", "heading_path": ["5. Interpretation & Conclusion"], "filename": "Mock_CSR Key messages_with_heading.docx"}, {"id": "doc::4877313e:layout::18:para::26", "content": "Participation in a clinical study involving administration of an investigational drug (new chemical entity) in the past 30 days or 5 half-lives of last dose (whichever is longer) prior to first dosing.", "index": "section@para", "score": 8.0, "type": "CNM_ADD", "heading_path": ["Exclusion Criteria"], "filename": "Mock_CSR_Protocol.docx"}, {"id": "doc::4877313e:layout::0:para::0", "content": "TITLE PAGE\n\n<p style=\"margin-top: 6.15pt\"><span style=\"font-size: 12pt\" class=\"Default Paragraph Font color:000000\"><strong>Protocol Title: </strong></span><span style=\"font-size: 12pt\" class=\"Default Paragraph Font color:000000\">A First-In-Human, Phase 1, Randomized, Double-Blind, Placebo-Controlled Study to Evaluate the Safety, Tolerability, and Pharmacokinetics of ABC-123 as a Single Dose in Healthy Participants and as Multiple Doses in Participants with Grade 2 Boneitis</span></p>\n\n<p style=\"margin-top: 6.3pt\"><span style=\"font-size: 12pt\" class=\"Default Paragraph Font\"><strong>Protocol Number: </strong></span><span style=\"font-size: 12pt\" class=\"Default Paragraph Font\">SKY-2000-101</span></p>\n\n<p style=\"margin-top: 6.15pt\"><span style=\"font-size: 12pt\" class=\"Default Paragraph Font\"><strong>Compound: </strong></span><span style=\"font-size: 12pt\" class=\"Default Paragraph Font\">ABC-123</span></p>\n\n<p style=\"margin-top: 6.2pt\"><span style=\"font-size: 12pt\" class=\"Default Paragraph Font\"><strong>Study Phase: </strong></span><span style=\"font-size: 12pt\" class=\"Default Paragraph Font\">Phase 1</span></p>\n\n<p style=\"margin-top: 6.15pt\"><span style=\"font-size: 12pt\" class=\"Default Paragraph Font color:000000\"><strong>Short Title: </strong></span><span style=\"font-size: 12pt\" class=\"Default Paragraph Font color:000000\">Phase 1 RCT of ABC-123 in healthy participants (SAD) and participants with boneitis (repeat-dose)</span></p>\n\n<p style=\"margin-top: 5.9pt\"><span style=\"font-size: 12pt\" class=\"Default Paragraph Font\"><strong>Acronym: </strong></span><span style=\"font-size: 12pt\" class=\"Default Paragraph Font\">Not applicable </span><span style=\"font-size: 12pt\" class=\"Default Paragraph Font\"><strong>Sponsor Name: </strong></span><span style=\"font-size: 12pt\" class=\"Default Paragraph Font\">Stendarr, Inc.</span></p>\n\n<p style=\"margin-top: 5.9pt\"><span style=\"font-size: 12pt\" class=\"Default Paragraph Font\"> </span><span style=\"font-size: 12pt\" class=\"Default Paragraph Font\"><strong>Legal Registered Address:</strong></span></p>\n\n<p><span style=\"font-size: 12pt\" class=\"Default Paragraph Font color:000000\">123 Fake Street</span></p>\n\n<p><span style=\"font-size: 12pt\" class=\"Default Paragraph Font color:000000\">Anytown, CO</span></p>\n\n<p><span style=\"font-size: 12pt\" class=\"Default Paragraph Font color:000000\">USA 80002</span></p>\n\n<p style=\"margin-top: 6.2pt\"><span style=\"font-size: 12pt\" class=\"Default Paragraph Font\"><strong>Regulatory Agency Identifier Number(s): </strong></span><span style=\"font-size: 12pt\" class=\"Default Paragraph Font\">IND: 123456</span></p>\n\n<p style=\"margin-top: 6.2pt\"><span style=\"font-size: 12pt\" class=\"Default Paragraph Font\"><strong>Amendment Number: 2.0</strong></span></p>\n\n<p style=\"margin-top: 6.1pt\"><span style=\"font-size: 12pt\" class=\"Default Paragraph Font\"><strong>Approval Date: </strong></span><span style=\"font-size: 12pt\" class=\"Default Paragraph Font\">1 March 2023</span></p>\n\n<p style=\"margin-top: 6.1pt\"><span style=\"font-size: 12pt\" class=\"Default Paragraph Font\"><strong>Sponsor Signatory:</strong></span></p>\n\n<p style=\"margin-top: 2.3pt\"><span style=\"font-size: 12pt\" class=\"Default Paragraph Font color:000000\">Karliah N. Gale, MD</span></p>\n\n<p style=\"margin-top: 2.3pt\"><span style=\"font-size: 12pt\" class=\"Default Paragraph Font color:000000\">Medical Director</span></p>", "index": "section@para", "score": 6.0, "type": "PWR_USED", "heading_path": [], "filename": "Mock_CSR_Protocol.docx"}, {"id": "doc::4877313e:layout::21:para::1", "content": "Study intervention is defined as any investigational intervention(s), marketed product(s), or placebo intended to be administered to a study participant according to the study protocol.", "index": "section@para", "score": 6.0, "type": "CNM_ADD", "heading_path": ["STUDY INTERVENTION"], "filename": "Mock_CSR_Protocol.docx"}, {"id": "doc::4877313e:layout::22:para::15", "content": "The treatment assignment should be unblinded at the clinic only in the case of an emergency, when knowledge of the study intervention assignment is absolutely necessary for the clinical management or welfare of the participant, or where necessary to determine if dose-limiting toxicity (DLT) criteria have been met (). Breaking of the blind at the clinic under any other circumstances will be considered a protocol deviation. The Investigator is strongly encouraged to contact the Sponsor before unblinding the study intervention assignment prior to the scheduled assessment of tolerance and safety data unless there is an urgent safety issue that must be addressed as a priority. If the blind is broken for any reason, the Investigator must notify the Sponsor within 24 hours, and an SAE form must be completed, if appropriate. In addition, the Investigator will record the date and reason for revealing the blinded study intervention assignment for that participant in the source documents and appropriate electronic case report form (eCRF) page(s).", "index": "section@para", "score": 6.0, "type": "CNM_ADD", "heading_path": ["Measures to Minimize Bias: Randomization and Blinding"], "filename": "Mock_CSR_Protocol.docx"}] | R11: KeyValue | S11: doc::7cd3e10f:layout::0:table::3:row::0:cell::3::ph::0
A12: <Insert Disease Name> | F12: Retrieve details about the disease studied, specifically under the context of the investigational drug ABC-123 and the protocol number SKY-2000-101. | G12: yes | H12: Resolve the placeholder '<Insert Disease Name>' within the context of the TITLE PAGE, specifically under the table caption 'Study Title,' and column headers 'Investigational Drug Name,' 'Indication Studied,' and 'Protocol Number,' ensuring the disease name aligns with the study's focus. | J12: Grade 2 boneitis | M12: Paragraph | N12: [{"id": "doc::4877313e:layout::0:para::1", "content": "Protocol Title: A First-In-Human, Phase 1, Randomized, Double-Blind, Placebo-Controlled Study to Evaluate the Safety, Tolerability, and Pharmacokinetics of ABC-123 as a Single Dose in Healthy Participants and as Multiple Doses in Participants with Grade 2 Boneitis", "index": "section@para", "score": 10.0, "type": "PWR_DROP", "heading_path": ["TITLE PAGE"], "filename": "Mock_CSR_Protocol.docx"}, {"id": "doc::4877313e:layout::5:para::2", "content": "Protocol Title: A First-In-Human, Phase 1, Randomized, Double-Blind, Placebo-Controlled Study to Evaluate the Safety, Tolerability, and Pharmacokinetics of ABC-123 as a Single Dose in Healthy Participants and as Multiple Doses in Participants with Grade 2 Boneitis", "index": "section@para", "score": 10.0, "type": "PWR_DROP", "heading_path": ["Synopsis"], "filename": "Mock_CSR_Protocol.docx"}, {"id": "doc::fd2ccc75:layout::0:para::1", "content": "Document Title: Clinical Study Report", "index": "section@para", "score": 8.0, "type": "PWR_DROP", "heading_path": [], "filename": "Mock_CSR Key messages_with_heading.docx"}, {"id": "doc::fd2ccc75:layout::0:para::2", "content": "Study Title:\n\n<p style=\"margin-top: 6pt; margin-bottom: 6pt\"><span class=\"Default Paragraph Font font:Times New Roman\">A First-In-Human, Phase 1, Randomized, Double-Blind, Placebo-Controlled Study to Evaluate the Safety, Tolerability, and Pharmacokinetics of ABC-123 as a Single Dose in Healthy Participants and as Multiple Doses in Participants with Grade 2 Boneitis</span></p>\n\n<p style=\"margin-top: 6pt; margin-bottom: 6pt\"><span class=\"Default Paragraph Font font:Times New Roman\"><strong>Protocol No.: </strong></span><span class=\"Default Paragraph Font font:Times New Roman\">SKY-2000-101</span></p>\n\n<p style=\"margin-top: 6pt; margin-bottom: 6pt\"><span class=\"Default Paragraph Font font:Times New Roman\"><strong>Study Drug: </strong></span><span class=\"Default Paragraph Font font:Times New Roman\">ABC-123</span><span class=\"Default Paragraph Font font:Times New Roman\"><strong> </strong></span></p>\n\n<p style=\"margin-top: 6pt; margin-bottom: 6pt\"><span class=\"Default Paragraph Font font:Times New Roman\"><strong>Indication: </strong></span><span class=\"Default Paragraph Font font:Times New Roman\">Grade 2 boneitis</span></p>\n\n<p style=\"margin-top: 6pt; margin-bottom: 6pt\"><span class=\"Default Paragraph Font font:Times New Roman\"><strong>Sponsor: </strong></span><span class=\"Default Paragraph Font font:Times New Roman\">Stendarr, Inc.</span></p>\n\n<p style=\"margin-top: 6pt; margin-bottom: 6pt\"><span class=\"Default Paragraph Font font:Times New Roman\"><strong>Date: </strong></span><span class=\"Default Paragraph Font font:Times New Roman\">DD MM YYYY</span></p>", "index": "section@para", "score": 8.0, "type": "PWR_USED", "heading_path": [], "filename": "Mock_CSR Key messages_with_heading.docx"}, {"id": "doc::fd2ccc75:layout::0:para::50", "content": "A total of 36 subjects were enrolled in the study, with 24 assigned to the Treatment group and 12 to the Placebo group. At the time of analysis, 31 subjects (86.1%) remained ongoing in the study and on treatment (87.5% in the Treatment group and 83.3% in the Placebo group). Five subjects (13.9%) discontinued study treatment, three (12.5%) from the Treatment group and two (16.7%) from the Placebo group. The reasons for treatment discontinuation included adverse events (n=2, Treatment group), progressive disease (n=1, Treatment group), patient withdrawal of informed consent (n=1, Placebo group), and other reasons (n=1, Placebo group).", "index": "section@para", "score": 6.0, "type": "CNM_ADD", "heading_path": ["4. Key Results"], "filename": "Mock_CSR Key messages_with_heading.docx"}, {"id": "doc::fd2ccc75:layout::0:para::68", "content": "No dose-limiting toxicities, or dose reductions due to treatment-emergent adverse events were reported. The study evaluated treatment-emergent adverse events (TEAEs) among participants receiving either the treatment (N=21) or placebo (N=10). Overall, 85.7% of participants in the treatment group experienced at least one TEAE, compared to 50.0% in the placebo group, with a total incidence of 74.2%. Treatment-related TEAEs were reported in 61.9% of participants in the treatment group, while none were observed in the placebo group. Grade 3 or higher TEAEs occurred in 22.6% of the treatment group and 20.0% of the placebo group, accounting for 29.0% of all participants. Serious TEAEs were reported in 22.6% of the treatment group and 20.0% of the placebo group, also totaling 29.0%. Serious treatment-related TEAEs were observed in 23.8% of the treatment group, with none in the placebo group. TEAEs leading to study drug discontinuation occurred in 9.5% of the treatment group and none in the placebo group, representing 6.5% overall. Dose modifications and reductions due to TEAEs were rare, reported in 4.8% and 0% of the treatment group, respectively, with no occurrences in the placebo group. Deaths attributed to TEAEs occurred in 14.2% of the treatment group and none in the placebo group, accounting for 9.7% overall, all of which were classified as treatment-related.", "index": "section@para", "score": 6.0, "type": "CNM_ADD", "heading_path": ["4. Key Results"], "filename": "Mock_CSR Key messages_with_heading.docx"}, {"id": "doc::fd2ccc75:layout::0:para::70", "content": "This study demonstrated that ABC-123 is safe and well-tolerated when administered as a single dose in healthy participants and as multiple doses in participants with Grade 2 Boneitis. No dose-limiting toxicities, or dose reductions due to treatment-emergent adverse events were reported. The study evaluated treatment-emergent adverse events (TEAEs) among participants receiving either the treatment (N=21) or placebo (N=10). Overall, 85.7% of participants in the treatment group experienced at least one TEAE, compared to 50.0% in the placebo group, with a total incidence of 74.2%. Treatment-related TEAEs were reported in 61.9% of participants in the treatment group, while none were observed in the placebo group. Grade 3 or higher TEAEs occurred in 22.6% of the treatment group and 20.0% of the placebo group, accounting for 29.0% of all participants. Serious TEAEs were reported in 22.6% of the treatment group and 20.0% of the placebo group, also totaling 29.0%. Serious treatment-related TEAEs were observed in 23.8% of the treatment group, with none in the placebo group. TEAEs leading to study drug discontinuation occurred in 9.5% of the treatment group and none in the placebo group, representing 6.5% overall. Dose modifications and reductions due to TEAEs were rare, reported in 4.8% and 0% of the treatment group, respectively, with no occurrences in the placebo group. Deaths attributed to TEAEs occurred in 14.2% of the treatment group and none in the placebo group, accounting for 9.7% overall, all of which were classified as treatment-related.", "index": "section@para", "score": 6.0, "type": "CNM_ADD", "heading_path": ["5. Interpretation & Conclusion"], "filename": "Mock_CSR Key messages_with_heading.docx"}, {"id": "doc::4877313e:layout::0:para::0", "content": "TITLE PAGE\n\n<p style=\"margin-top: 6.15pt\"><span style=\"font-size: 12pt\" class=\"Default Paragraph Font color:000000\"><strong>Protocol Title: </strong></span><span style=\"font-size: 12pt\" class=\"Default Paragraph Font color:000000\">A First-In-Human, Phase 1, Randomized, Double-Blind, Placebo-Controlled Study to Evaluate the Safety, Tolerability, and Pharmacokinetics of ABC-123 as a Single Dose in Healthy Participants and as Multiple Doses in Participants with Grade 2 Boneitis</span></p>\n\n<p style=\"margin-top: 6.3pt\"><span style=\"font-size: 12pt\" class=\"Default Paragraph Font\"><strong>Protocol Number: </strong></span><span style=\"font-size: 12pt\" class=\"Default Paragraph Font\">SKY-2000-101</span></p>\n\n<p style=\"margin-top: 6.15pt\"><span style=\"font-size: 12pt\" class=\"Default Paragraph Font\"><strong>Compound: </strong></span><span style=\"font-size: 12pt\" class=\"Default Paragraph Font\">ABC-123</span></p>\n\n<p style=\"margin-top: 6.2pt\"><span style=\"font-size: 12pt\" class=\"Default Paragraph Font\"><strong>Study Phase: </strong></span><span style=\"font-size: 12pt\" class=\"Default Paragraph Font\">Phase 1</span></p>\n\n<p style=\"margin-top: 6.15pt\"><span style=\"font-size: 12pt\" class=\"Default Paragraph Font color:000000\"><strong>Short Title: </strong></span><span style=\"font-size: 12pt\" class=\"Default Paragraph Font color:000000\">Phase 1 RCT of ABC-123 in healthy participants (SAD) and participants with boneitis (repeat-dose)</span></p>\n\n<p style=\"margin-top: 5.9pt\"><span style=\"font-size: 12pt\" class=\"Default Paragraph Font\"><strong>Acronym: </strong></span><span style=\"font-size: 12pt\" class=\"Default Paragraph Font\">Not applicable </span><span style=\"font-size: 12pt\" class=\"Default Paragraph Font\"><strong>Sponsor Name: </strong></span><span style=\"font-size: 12pt\" class=\"Default Paragraph Font\">Stendarr, Inc.</span></p>\n\n<p style=\"margin-top: 5.9pt\"><span style=\"font-size: 12pt\" class=\"Default Paragraph Font\"> </span><span style=\"font-size: 12pt\" class=\"Default Paragraph Font\"><strong>Legal Registered Address:</strong></span></p>\n\n<p><span style=\"font-size: 12pt\" class=\"Default Paragraph Font color:000000\">123 Fake Street</span></p>\n\n<p><span style=\"font-size: 12pt\" class=\"Default Paragraph Font color:000000\">Anytown, CO</span></p>\n\n<p><span style=\"font-size: 12pt\" class=\"Default Paragraph Font color:000000\">USA 80002</span></p>\n\n<p style=\"margin-top: 6.2pt\"><span style=\"font-size: 12pt\" class=\"Default Paragraph Font\"><strong>Regulatory Agency Identifier Number(s): </strong></span><span style=\"font-size: 12pt\" class=\"Default Paragraph Font\">IND: 123456</span></p>\n\n<p style=\"margin-top: 6.2pt\"><span style=\"font-size: 12pt\" class=\"Default Paragraph Font\"><strong>Amendment Number: 2.0</strong></span></p>\n\n<p style=\"margin-top: 6.1pt\"><span style=\"font-size: 12pt\" class=\"Default Paragraph Font\"><strong>Approval Date: </strong></span><span style=\"font-size: 12pt\" class=\"Default Paragraph Font\">1 March 2023</span></p>\n\n<p style=\"margin-top: 6.1pt\"><span style=\"font-size: 12pt\" class=\"Default Paragraph Font\"><strong>Sponsor Signatory:</strong></span></p>\n\n<p style=\"margin-top: 2.3pt\"><span style=\"font-size: 12pt\" class=\"Default Paragraph Font color:000000\">Karliah N. Gale, MD</span></p>\n\n<p style=\"margin-top: 2.3pt\"><span style=\"font-size: 12pt\" class=\"Default Paragraph Font color:000000\">Medical Director</span></p>", "index": "section@para", "score": 6.0, "type": "CNM_ADD", "heading_path": [], "filename": "Mock_CSR_Protocol.docx"}, {"id": "doc::4877313e:layout::12:para::18", "content": "ABC-123 has not been studied in humans; therefore, the risk-benefit analysis considerations are based on nonclinical data and reports in the literature on similar therapies. The benefits to participants in the ABC-123 clinical program may include contributing to the process of developing new therapies in an area of unmet need and medical evaluations/assessments associated with study procedures (eg, physical examination); participants with boneitis due to lurgi may or may not experience an impact on progression of the disease. The risks of participation are primarily those associated with adverse reactions to the investigational medicinal product, although there may also be some discomfort associated with subcutaneous (SC) injections or study procedures (eg, blood collection).", "index": "section@para", "score": 6.0, "type": "CNM_ADD", "heading_path": ["Benefit/Risk Assessment"], "filename": "Mock_CSR_Protocol.docx"}, {"id": "doc::4877313e:layout::18:para::26", "content": "Participation in a clinical study involving administration of an investigational drug (new chemical entity) in the past 30 days or 5 half-lives of last dose (whichever is longer) prior to first dosing.", "index": "section@para", "score": 6.0, "type": "CNM_ADD", "heading_path": ["Exclusion Criteria"], "filename": "Mock_CSR_Protocol.docx"}] | R12: KeyValue | S12: doc::7cd3e10f:layout::0:table::3:row::0:cell::3::ph::1
A13: <Protocol Identification (Code or Number)> | F13: Retrieve details about protocol numbers and codes, especially for placeholders within table contexts labeled 'TITLE PAGE' and associated with investigational drug names or indications. | G13: yes | H13: Resolve the placeholder 'Protocol Identification (Code or Number)' specifically for the table context under the caption 'Study Title', focusing on the column headers 'Investigational Drug Name', 'Indication Studied', and 'Protocol Number', using the explicit protocol number provided in the authoritative context. | J13: SKY-2000-101 | M13: Paragraph | N13: [{"id": "doc::4877313e:layout::0:para::1", "content": "Protocol Title: A First-In-Human, Phase 1, Randomized, Double-Blind, Placebo-Controlled Study to Evaluate the Safety, Tolerability, and Pharmacokinetics of ABC-123 as a Single Dose in Healthy Participants and as Multiple Doses in Participants with Grade 2 Boneitis", "index": "section@para", "score": 12.0, "type": "CNM_ADD", "heading_path": ["TITLE PAGE"], "filename": "Mock_CSR_Protocol.docx"}, {"id": "doc::4877313e:layout::5:para::2", "content": "Protocol Title: A First-In-Human, Phase 1, Randomized, Double-Blind, Placebo-Controlled Study to Evaluate the Safety, Tolerability, and Pharmacokinetics of ABC-123 as a Single Dose in Healthy Participants and as Multiple Doses in Participants with Grade 2 Boneitis", "index": "section@para", "score": 12.0, "type": "CNM_ADD", "heading_path": ["Synopsis"], "filename": "Mock_CSR_Protocol.docx"}, {"id": "doc::72df3a00:layout::22:para::0", "content": "Protocol Version No: Final Version 2.0, 01MAR2023 Study Code: ST-4536", "index": "section@para", "score": 10.0, "type": "CNM_ADD", "heading_path": ["SOFTWARE"], "filename": "Mock SAP _03Jun2026.docx"}, {"id": "doc::72df3a00:layout::28:para::1", "content": "Protocol Version No: Final Version 2.0, 01MAR2023 Study Code: ST-4536", "index": "section@para", "score": 10.0, "type": "CNM_ADD", "heading_path": ["SOFTWARE"], "filename": "Mock SAP _03Jun2026.docx"}, {"id": "doc::fd2ccc75:layout::0:para::1", "content": "Document Title: Clinical Study Report", "index": "section@para", "score": 8.0, "type": "CNM_ADD", "heading_path": [], "filename": "Mock_CSR Key messages_with_heading.docx"}, {"id": "doc::fd2ccc75:layout::0:para::2", "content": "Study Title:\n\n<p style=\"margin-top: 6pt; margin-bottom: 6pt\"><span class=\"Default Paragraph Font font:Times New Roman\">A First-In-Human, Phase 1, Randomized, Double-Blind, Placebo-Controlled Study to Evaluate the Safety, Tolerability, and Pharmacokinetics of ABC-123 as a Single Dose in Healthy Participants and as Multiple Doses in Participants with Grade 2 Boneitis</span></p>\n\n<p style=\"margin-top: 6pt; margin-bottom: 6pt\"><span class=\"Default Paragraph Font font:Times New Roman\"><strong>Protocol No.: </strong></span><span class=\"Default Paragraph Font font:Times New Roman\">SKY-2000-101</span></p>\n\n<p style=\"margin-top: 6pt; margin-bottom: 6pt\"><span class=\"Default Paragraph Font font:Times New Roman\"><strong>Study Drug: </strong></span><span class=\"Default Paragraph Font font:Times New Roman\">ABC-123</span><span class=\"Default Paragraph Font font:Times New Roman\"><strong> </strong></span></p>\n\n<p style=\"margin-top: 6pt; margin-bottom: 6pt\"><span class=\"Default Paragraph Font font:Times New Roman\"><strong>Indication: </strong></span><span class=\"Default Paragraph Font font:Times New Roman\">Grade 2 boneitis</span></p>\n\n<p style=\"margin-top: 6pt; margin-bottom: 6pt\"><span class=\"Default Paragraph Font font:Times New Roman\"><strong>Sponsor: </strong></span><span class=\"Default Paragraph Font font:Times New Roman\">Stendarr, Inc.</span></p>\n\n<p style=\"margin-top: 6pt; margin-bottom: 6pt\"><span class=\"Default Paragraph Font font:Times New Roman\"><strong>Date: </strong></span><span class=\"Default Paragraph Font font:Times New Roman\">DD MM YYYY</span></p>", "index": "section@para", "score": 8.0, "type": "PWR_USED", "heading_path": [], "filename": "Mock_CSR Key messages_with_heading.docx"}, {"id": "doc::4877313e:layout::0:para::2", "content": "Protocol Number: SKY-2000-101", "index": "section@para", "score": 8.0, "type": "PWR_USED", "heading_path": ["TITLE PAGE"], "filename": "Mock_CSR_Protocol.docx"}, {"id": "doc::4877313e:layout::21:para::1", "content": "Study intervention is defined as any investigational intervention(s), marketed product(s), or placebo intended to be administered to a study participant according to the study protocol.", "index": "section@para", "score": 8.0, "type": "PWR_DROP", "heading_path": ["STUDY INTERVENTION"], "filename": "Mock_CSR_Protocol.docx"}, {"id": "doc::4877313e:layout::22:para::15", "content": "The treatment assignment should be unblinded at the clinic only in the case of an emergency, when knowledge of the study intervention assignment is absolutely necessary for the clinical management or welfare of the participant, or where necessary to determine if dose-limiting toxicity (DLT) criteria have been met (). Breaking of the blind at the clinic under any other circumstances will be considered a protocol deviation. The Investigator is strongly encouraged to contact the Sponsor before unblinding the study intervention assignment prior to the scheduled assessment of tolerance and safety data unless there is an urgent safety issue that must be addressed as a priority. If the blind is broken for any reason, the Investigator must notify the Sponsor within 24 hours, and an SAE form must be completed, if appropriate. In addition, the Investigator will record the date and reason for revealing the blinded study intervention assignment for that participant in the source documents and appropriate electronic case report form (eCRF) page(s).", "index": "section@para", "score": 8.0, "type": "PWR_DROP", "heading_path": ["Measures to Minimize Bias: Randomization and Blinding"], "filename": "Mock_CSR_Protocol.docx"}, {"id": "doc::4877313e:layout::28:para::1", "content": "Study procedures and their timing are summarized in the SoA (). Protocol waivers or exemptions are not allowed.", "index": "section@para", "score": 8.0, "type": "PWR_DROP", "heading_path": ["STUDY ASSESSMENTS AND PROCEDURES"], "filename": "Mock_CSR_Protocol.docx"}] | R13: KeyValue | S13: doc::7cd3e10f:layout::0:table::3:row::0:cell::3::ph::2
A14: <IND Number> | F14: Retrieve details related to the regulatory agency identifier number, specifically the IND number, within the context of the TITLE PAGE or similar headings. | G14: yes | H14: Resolve the placeholder 'IND Number' using the value '123456' as found in the context under the TITLE PAGE, specifically within the row labeled 'Regulatory Agency Identifier Number(s):' and the column header 'Regulatory Agency Identifier Number(s):' in the table captioned 'Study Title.' | J14: 123456 | M14: Paragraph | N14: [{"id": "doc::4877313e:layout::0:para::11", "content": "Regulatory Agency Identifier Number(s): IND: 123456", "index": "section@para", "score": 8.0, "type": "PWR_USED", "heading_path": ["TITLE PAGE"], "filename": "Mock_CSR_Protocol.docx"}, {"id": "doc::fd2ccc75:layout::0:para::1", "content": "Document Title: Clinical Study Report", "index": "section@para", "score": 6.0, "type": "PWR_DROP", "heading_path": [], "filename": "Mock_CSR Key messages_with_heading.docx"}, {"id": "doc::fd2ccc75:layout::0:para::2", "content": "Study Title:\n\n<p style=\"margin-top: 6pt; margin-bottom: 6pt\"><span class=\"Default Paragraph Font font:Times New Roman\">A First-In-Human, Phase 1, Randomized, Double-Blind, Placebo-Controlled Study to Evaluate the Safety, Tolerability, and Pharmacokinetics of ABC-123 as a Single Dose in Healthy Participants and as Multiple Doses in Participants with Grade 2 Boneitis</span></p>\n\n<p style=\"margin-top: 6pt; margin-bottom: 6pt\"><span class=\"Default Paragraph Font font:Times New Roman\"><strong>Protocol No.: </strong></span><span class=\"Default Paragraph Font font:Times New Roman\">SKY-2000-101</span></p>\n\n<p style=\"margin-top: 6pt; margin-bottom: 6pt\"><span class=\"Default Paragraph Font font:Times New Roman\"><strong>Study Drug: </strong></span><span class=\"Default Paragraph Font font:Times New Roman\">ABC-123</span><span class=\"Default Paragraph Font font:Times New Roman\"><strong> </strong></span></p>\n\n<p style=\"margin-top: 6pt; margin-bottom: 6pt\"><span class=\"Default Paragraph Font font:Times New Roman\"><strong>Indication: </strong></span><span class=\"Default Paragraph Font font:Times New Roman\">Grade 2 boneitis</span></p>\n\n<p style=\"margin-top: 6pt; margin-bottom: 6pt\"><span class=\"Default Paragraph Font font:Times New Roman\"><strong>Sponsor: </strong></span><span class=\"Default Paragraph Font font:Times New Roman\">Stendarr, Inc.</span></p>\n\n<p style=\"margin-top: 6pt; margin-bottom: 6pt\"><span class=\"Default Paragraph Font font:Times New Roman\"><strong>Date: </strong></span><span class=\"Default Paragraph Font font:Times New Roman\">DD MM YYYY</span></p>", "index": "section@para", "score": 6.0, "type": "PWR_DROP", "heading_path": [], "filename": "Mock_CSR Key messages_with_heading.docx"}, {"id": "doc::4877313e:layout::0:para::0", "content": "TITLE PAGE\n\n<p style=\"margin-top: 6.15pt\"><span style=\"font-size: 12pt\" class=\"Default Paragraph Font color:000000\"><strong>Protocol Title: </strong></span><span style=\"font-size: 12pt\" class=\"Default Paragraph Font color:000000\">A First-In-Human, Phase 1, Randomized, Double-Blind, Placebo-Controlled Study to Evaluate the Safety, Tolerability, and Pharmacokinetics of ABC-123 as a Single Dose in Healthy Participants and as Multiple Doses in Participants with Grade 2 Boneitis</span></p>\n\n<p style=\"margin-top: 6.3pt\"><span style=\"font-size: 12pt\" class=\"Default Paragraph Font\"><strong>Protocol Number: </strong></span><span style=\"font-size: 12pt\" class=\"Default Paragraph Font\">SKY-2000-101</span></p>\n\n<p style=\"margin-top: 6.15pt\"><span style=\"font-size: 12pt\" class=\"Default Paragraph Font\"><strong>Compound: </strong></span><span style=\"font-size: 12pt\" class=\"Default Paragraph Font\">ABC-123</span></p>\n\n<p style=\"margin-top: 6.2pt\"><span style=\"font-size: 12pt\" class=\"Default Paragraph Font\"><strong>Study Phase: </strong></span><span style=\"font-size: 12pt\" class=\"Default Paragraph Font\">Phase 1</span></p>\n\n<p style=\"margin-top: 6.15pt\"><span style=\"font-size: 12pt\" class=\"Default Paragraph Font color:000000\"><strong>Short Title: </strong></span><span style=\"font-size: 12pt\" class=\"Default Paragraph Font color:000000\">Phase 1 RCT of ABC-123 in healthy participants (SAD) and participants with boneitis (repeat-dose)</span></p>\n\n<p style=\"margin-top: 5.9pt\"><span style=\"font-size: 12pt\" class=\"Default Paragraph Font\"><strong>Acronym: </strong></span><span style=\"font-size: 12pt\" class=\"Default Paragraph Font\">Not applicable </span><span style=\"font-size: 12pt\" class=\"Default Paragraph Font\"><strong>Sponsor Name: </strong></span><span style=\"font-size: 12pt\" class=\"Default Paragraph Font\">Stendarr, Inc.</span></p>\n\n<p style=\"margin-top: 5.9pt\"><span style=\"font-size: 12pt\" class=\"Default Paragraph Font\"> </span><span style=\"font-size: 12pt\" class=\"Default Paragraph Font\"><strong>Legal Registered Address:</strong></span></p>\n\n<p><span style=\"font-size: 12pt\" class=\"Default Paragraph Font color:000000\">123 Fake Street</span></p>\n\n<p><span style=\"font-size: 12pt\" class=\"Default Paragraph Font color:000000\">Anytown, CO</span></p>\n\n<p><span style=\"font-size: 12pt\" class=\"Default Paragraph Font color:000000\">USA 80002</span></p>\n\n<p style=\"margin-top: 6.2pt\"><span style=\"font-size: 12pt\" class=\"Default Paragraph Font\"><strong>Regulatory Agency Identifier Number(s): </strong></span><span style=\"font-size: 12pt\" class=\"Default Paragraph Font\">IND: 123456</span></p>\n\n<p style=\"margin-top: 6.2pt\"><span style=\"font-size: 12pt\" class=\"Default Paragraph Font\"><strong>Amendment Number: 2.0</strong></span></p>\n\n<p style=\"margin-top: 6.1pt\"><span style=\"font-size: 12pt\" class=\"Default Paragraph Font\"><strong>Approval Date: </strong></span><span style=\"font-size: 12pt\" class=\"Default Paragraph Font\">1 March 2023</span></p>\n\n<p style=\"margin-top: 6.1pt\"><span style=\"font-size: 12pt\" class=\"Default Paragraph Font\"><strong>Sponsor Signatory:</strong></span></p>\n\n<p style=\"margin-top: 2.3pt\"><span style=\"font-size: 12pt\" class=\"Default Paragraph Font color:000000\">Karliah N. Gale, MD</span></p>\n\n<p style=\"margin-top: 2.3pt\"><span style=\"font-size: 12pt\" class=\"Default Paragraph Font color:000000\">Medical Director</span></p>", "index": "section@para", "score": 6.0, "type": "PWR_USED", "heading_path": [], "filename": "Mock_CSR_Protocol.docx"}, {"id": "doc::4877313e:layout::0:para::1", "content": "Protocol Title: A First-In-Human, Phase 1, Randomized, Double-Blind, Placebo-Controlled Study to Evaluate the Safety, Tolerability, and Pharmacokinetics of ABC-123 as a Single Dose in Healthy Participants and as Multiple Doses in Participants with Grade 2 Boneitis", "index": "section@para", "score": 6.0, "type": "CNM_ADD", "heading_path": ["TITLE PAGE"], "filename": "Mock_CSR_Protocol.docx"}, {"id": "doc::4877313e:layout::31:para::12", "content": "The Sponsor has a legal responsibility to notify both the local regulatory authority and other regulatory agencies about the safety of a study intervention under clinical investigation. The Sponsor will comply with country-specific regulatory requirements relating to safety reporting to the regulatory authority, IRBs/Independent Ethics Committees (IECs), and Investigators.", "index": "section@para", "score": 6.0, "type": "PWR_DROP", "heading_path": ["Adverse Events and Serious Adverse Events", "Regulatory Reporting Requirements for SAEs"], "filename": "Mock_CSR_Protocol.docx"}, {"id": "doc::4877313e:layout::38:para::0", "content": "The Investigator must permit study-related monitoring, audits, IRB/IEC review, and regulatory agency inspections and provide direct access to source data documents.", "index": "section@para", "score": 6.0, "type": "PWR_DROP", "heading_path": ["Appendix 1: Regulatory, Ethical, and Study Oversight Considerations", "Data Quality Assurance"], "filename": "Mock_CSR_Protocol.docx"}, {"id": "doc::4877313e:layout::46:para::0", "content": "The Investigator must permit study-related monitoring, audits, IRB/IEC review, and regulatory agency inspections and provide direct access to source data documents.", "index": "section@para", "score": 6.0, "type": "PWR_DROP", "heading_path": ["Appendix 1: Regulatory, Ethical, and Study Oversight Considerations", "Data Quality Assurance"], "filename": "Mock_CSR_Protocol.docx"}, {"id": "doc::4877313e:layout::5:para::2", "content": "Protocol Title: A First-In-Human, Phase 1, Randomized, Double-Blind, Placebo-Controlled Study to Evaluate the Safety, Tolerability, and Pharmacokinetics of ABC-123 as a Single Dose in Healthy Participants and as Multiple Doses in Participants with Grade 2 Boneitis", "index": "section@para", "score": 6.0, "type": "PWR_DROP", "heading_path": ["Synopsis"], "filename": "Mock_CSR_Protocol.docx"}, {"id": "doc::fd2ccc75:layout::0:para::76", "content": "This FIH Phase 1 study provides essential safety, tolerability, and pharmacokinetic data to support Phase 2 trial approval, guide dose selection and risk management, and inform early go/no-go decisions. It lays the foundation for regulatory interactions and may support expedited development pathways for ABC-123.", "index": "section@para", "score": 4.0, "type": "PWR_DROP", "heading_path": ["6. Regulatory or Development Implications"], "filename": "Mock_CSR Key messages_with_heading.docx"}] | R14: KeyValue | S14: doc::7cd3e10f:layout::0:table::3:row::1:cell::1::ph::0
... A30: <xx study centers by xx investigators> | F30: Retrieve information about the study's operational centers and investigator involvement. | G30: yes | H30: Resolve the placeholder '<xx study centers by xx investigators>' using the inline context where it follows 'The study was conducted at' and precedes 'in cooperation with a number of support.' Ensure the replacement aligns with the study's operational details and investigator count mentioned in the authoritative context. | J30: 8 study centers by 15 investigators | M30: Paragraph | N30: [{"id": "doc::4877313e:layout::15:para::12", "content": "The study Investigator and Medical Monitor will monitor the safety of participants in a blinded fashion throughout the study on an ongoing basis to determine whether to continue dosing, whether to escalate dose, and whether to initiate dosing in various cohorts. The allocation of participants to various cohorts may be adjusted based on the ongoing data review.", "index": "section@para", "score": 4.0, "type": "PWR_USED", "heading_path": ["Overall Design", "Single Ascending Dose"], "filename": "Mock_CSR_Protocol.docx"}, {"id": "doc::4877313e:layout::15:para::8", "content": "(6 participants) or placebo (2 participants) on Day 1. To assure safety and tolerability of the starting dose, 2 sentinel participants will be dosed first in Cohort 1 (1 active drug and 1 placebo to maintain study blinding); the remaining Cohort 1 participants may be dosed at least 48 hours later, after initial safety of the sentinel participants is confirmed by the Phase 1 Unit Principal Investigator in consultation with the Sponsor.", "index": "section@para", "score": 4.0, "type": "CNM_ADD", "heading_path": ["Overall Design", "Single Ascending Dose"], "filename": "Mock_CSR_Protocol.docx"}, {"id": "doc::4877313e:layout::19:para::3", "content": "SAD Cohorts: Use of any prescription or nonprescription medications/nutritional products including vitamins (except ongoing multivitamin supplement), minerals, and phytotherapeutic/herbal/plant-derived preparations is not permitted from Screening until the end of the study, unless deemed acceptable by the Investigator. Saline, lidocaine, or other medications required by study procedures are permitted at the Investigator\u2019s discretion. Paracetamol/ acetaminophen (2 g/day for up to 3 consecutive days) is allowed as needed.", "index": "section@para", "score": 4.0, "type": "CNM_ADD", "heading_path": ["Lifestyle Considerations"], "filename": "Mock_CSR_Protocol.docx"}, {"id": "doc::4877313e:layout::19:para::4", "content": "Repeat-Dose Cohort: Study participants will continue to receive their usual boneitis treatment throughout the study. Concomitant medications for lurgi, sporadic invisibility, and Fink-Nottle syndrome must be stable for at least 30 days prior to Screening and may not be changed from time of Screening until end of study, unless deemed acceptable by the Investigator. Saline, lidocaine, or other medications required by study procedures are permitted at the Investigator\u2019s discretion. Paracetamol/ acetaminophen (2 g/day for up to 3 consecutive days) is allowed as needed.", "index": "section@para", "score": 4.0, "type": "CNM_ADD", "heading_path": ["Lifestyle Considerations"], "filename": "Mock_CSR_Protocol.docx"}, {"id": "doc::4877313e:layout::22:para::0", "content": "Injections will be administered by the Investigator (or qualified designee). Injections may be administered in the abdomen. The injection site may be divided into quadrants and the quadrants rotated for each injection for the repeat-dose component of the study. Injection sites will be carefully monitored.", "index": "section@para", "score": 4.0, "type": "PWR_DROP", "heading_path": ["Study Intervention(s) Administered"], "filename": "Mock_CSR_Protocol.docx"}, {"id": "doc::4877313e:layout::22:para::10", "content": "With the exception of the site pharmacy staff, the Investigator and other members of site staff involved with the study will remain blinded to the treatment randomization code during the study.", "index": "section@para", "score": 4.0, "type": "PWR_DROP", "heading_path": ["Measures to Minimize Bias: Randomization and Blinding"], "filename": "Mock_CSR_Protocol.docx"}, {"id": "doc::4877313e:layout::22:para::15", "content": "The treatment assignment should be unblinded at the clinic only in the case of an emergency, when knowledge of the study intervention assignment is absolutely necessary for the clinical management or welfare of the participant, or where necessary to determine if dose-limiting toxicity (DLT) criteria have been met (). Breaking of the blind at the clinic under any other circumstances will be considered a protocol deviation. The Investigator is strongly encouraged to contact the Sponsor before unblinding the study intervention assignment prior to the scheduled assessment of tolerance and safety data unless there is an urgent safety issue that must be addressed as a priority. If the blind is broken for any reason, the Investigator must notify the Sponsor within 24 hours, and an SAE form must be completed, if appropriate. In addition, the Investigator will record the date and reason for revealing the blinded study intervention assignment for that participant in the source documents and appropriate electronic case report form (eCRF) page(s).", "index": "section@para", "score": 4.0, "type": "PWR_DROP", "heading_path": ["Measures to Minimize Bias: Randomization and Blinding"], "filename": "Mock_CSR_Protocol.docx"}, {"id": "doc::4877313e:layout::22:para::18", "content": "Participants are to be dosed at the site and will receive study intervention directly from the Investigator or their designee, under medical supervision. The date and time of each dose administered in the clinic as well as the injection location will be recorded in the source documents and recorded in the eCRF. Study participant identification and the dose of study intervention will be confirmed at the time of dosing by the person administering the study intervention and by another member of the study site staff.", "index": "section@para", "score": 4.0, "type": "PWR_DROP", "heading_path": ["Study Intervention Compliance"], "filename": "Mock_CSR_Protocol.docx"}, {"id": "doc::4877313e:layout::22:para::2", "content": "The Investigator or designee must confirm that frozen conditions (\u2264 -60\u00b0C) have been maintained during transit for all study intervention received, and any temperature excursions are reported and resolved before use of the study intervention.", "index": "section@para", "score": 4.0, "type": "PWR_DROP", "heading_path": ["Preparation/Handling/Storage/Accountability"], "filename": "Mock_CSR_Protocol.docx"}, {"id": "doc::4877313e:layout::22:para::3", "content": "Only participants enrolled in the study may receive study intervention and only authorized site staff may supply or administer study intervention. All study intervention must be stored in a secure, environmentally controlled, and monitored (manual or automated) \u2264 -60\u00b0C freezer in accordance with the labeled storage conditions with access limited to the Investigator and authorized site staff.", "index": "section@para", "score": 4.0, "type": "PWR_DROP", "heading_path": ["Preparation/Handling/Storage/Accountability"], "filename": "Mock_CSR_Protocol.docx"}] | R30: Inline | S30: doc::7cd3e10f:layout::0:para::29::ph::0
A31: <Company Name> | F31: Retrieve data related to the sponsor's identity in the study administrative structure, focusing on the table labeled 'Table 1' under the 'Investigators and Study Administrative Structure' heading. | G31: yes | H31: Resolve the placeholder '<Company Name>' specifically for the cell in Table 1 under the 'Sponsor' column and row, ensuring the context aligns with the 'Investigators and Study Administrative Structure' heading. | N31: [{"id": "doc::4877313e:layout::15:para::8", "content": "(6 participants) or placebo (2 participants) on Day 1. To assure safety and tolerability of the starting dose, 2 sentinel participants will be dosed first in Cohort 1 (1 active drug and 1 placebo to maintain study blinding); the remaining Cohort 1 participants may be dosed at least 48 hours later, after initial safety of the sentinel participants is confirmed by the Phase 1 Unit Principal Investigator in consultation with the Sponsor.", "index": "section@para", "score": 10.0, "type": "PWR_DROP", "heading_path": ["Overall Design", "Single Ascending Dose"], "filename": "Mock_CSR_Protocol.docx"}, {"id": "doc::4877313e:layout::22:para::15", "content": "The treatment assignment should be unblinded at the clinic only in the case of an emergency, when knowledge of the study intervention assignment is absolutely necessary for the clinical management or welfare of the participant, or where necessary to determine if dose-limiting toxicity (DLT) criteria have been met (). Breaking of the blind at the clinic under any other circumstances will be considered a protocol deviation. The Investigator is strongly encouraged to contact the Sponsor before unblinding the study intervention assignment prior to the scheduled assessment of tolerance and safety data unless there is an urgent safety issue that must be addressed as a priority. If the blind is broken for any reason, the Investigator must notify the Sponsor within 24 hours, and an SAE form must be completed, if appropriate. In addition, the Investigator will record the date and reason for revealing the blinded study intervention assignment for that participant in the source documents and appropriate electronic case report form (eCRF) page(s).", "index": "section@para", "score": 10.0, "type": "PWR_DROP", "heading_path": ["Measures to Minimize Bias: Randomization and Blinding"], "filename": "Mock_CSR_Protocol.docx"}, {"id": "doc::4877313e:layout::22:para::5", "content": "The Investigator is responsible for study intervention accountability, reconciliation, and record maintenance (ie, receipt, reconciliation, and final disposition records). The Investigator (or designee) will maintain an accurate record of the study supplies received. In addition, an accurate drug disposition record will be kept, specifying the amount dispensed to each participant and the date of dispensing. This drug accountability record will be available for inspection at any time. At the completion of the study, the original drug accountability record will be available for review by the Sponsor upon request.", "index": "section@para", "score": 10.0, "type": "PWR_DROP", "heading_path": ["Preparation/Handling/Storage/Accountability"], "filename": "Mock_CSR_Protocol.docx"}, {"id": "doc::4877313e:layout::26:para::13", "content": "Participants who are withdrawn for reasons not related to study intervention may be replaced following discussion between the Investigator and the Sponsor. Participants withdrawn as a result of AEs thought to be related to the study intervention will not be replaced.", "index": "section@para", "score": 10.0, "type": "PWR_DROP", "heading_path": ["Discontinuation of Study Intervention", "Withdrawal of Consent"], "filename": "Mock_CSR_Protocol.docx"}, {"id": "doc::4877313e:layout::31:para::11", "content": "Prompt notification by the Investigator to the Sponsor of an SAE is essential so that legal obligations and ethical responsibilities towards the safety of participants and the safety of a study intervention under clinical investigation are met.", "index": "section@para", "score": 10.0, "type": "PWR_DROP", "heading_path": ["Adverse Events and Serious Adverse Events", "Regulatory Reporting Requirements for SAEs"], "filename": "Mock_CSR_Protocol.docx"}, {"id": "doc::4877313e:layout::31:para::12", "content": "The Sponsor has a legal responsibility to notify both the local regulatory authority and other regulatory agencies about the safety of a study intervention under clinical investigation. The Sponsor will comply with country-specific regulatory requirements relating to safety reporting to the regulatory authority, IRBs/Independent Ethics Committees (IECs), and Investigators.", "index": "section@para", "score": 10.0, "type": "PWR_DROP", "heading_path": ["Adverse Events and Serious Adverse Events", "Regulatory Reporting Requirements for SAEs"], "filename": "Mock_CSR_Protocol.docx"}, {"id": "doc::4877313e:layout::31:para::13", "content": "For all studies, Investigator safety reports must be prepared for suspected unexpected rse reactions (SUSAR) according to local regulatory requirements and Sponsor policy and forwarded to Investigators as necessary.", "index": "section@para", "score": 10.0, "type": "PWR_DROP", "heading_path": ["Adverse Events and Serious Adverse Events", "Regulatory Reporting Requirements for SAEs"], "filename": "Mock_CSR_Protocol.docx"}, {"id": "doc::4877313e:layout::31:para::2", "content": "Investigators are not obligated to actively seek AEs or SAEs after conclusion of the study participation. However, if the Investigator learns of any SAE, including a death, at any time after a participant has been discharged from the study, and he/she considers the event to be reasonably related to the study intervention or study participation, the Investigator must promptly notify the Sponsor.", "index": "section@para", "score": 10.0, "type": "PWR_DROP", "heading_path": ["Adverse Events and Serious Adverse Events", "Time Period and Frequency for Collecting AE and SAE Information"], "filename": "Mock_CSR_Protocol.docx"}, {"id": "doc::4877313e:layout::32:para::2", "content": "If a pregnancy is reported in a study participant or the partner of a male study participant, the Investigator should inform the Sponsor within 24 hours of learning of the pregnancy and should follow the procedures outlined in S", "index": "section@para", "score": 10.0, "type": "PWR_DROP", "heading_path": ["Adverse Events and Serious Adverse Events", "Pregnancy"], "filename": "Mock_CSR_Protocol.docx"}, {"id": "doc::4877313e:layout::37:para::12", "content": "All participant data relating to the study will be recorded on printed or electronic CRF unless transmitted to the Sponsor or designee electronically (eg, laboratory data). The Investigator is responsible for verifying that data entries are accurate and correct by physically or electronically signing the CRF.", "index": "section@para", "score": 10.0, "type": "PWR_DROP", "heading_path": ["Appendix 1: Regulatory, Ethical, and Study Oversight Considerations", "Data Quality Assurance"], "filename": "Mock_CSR_Protocol.docx"}, {"id": "doc::4877313e:layout::37:para::9", "content": "All information provided regarding the study, as well as all information collected and/or documented during the course of the study, will be regarded as confidential. The Investigator (or designee) agrees not to disclose such information in any way without prior written permission from the Sponsor.", "index": "section@para", "score": 10.0, "type": "PWR_DROP", "heading_path": ["Appendix 1: Regulatory, Ethical, and Study Oversight Considerations", "Dissemination of Clinical Study Data"], "filename": "Mock_CSR_Protocol.docx"}, {"id": "doc::4877313e:layout::38:para::5", "content": "Records and documents, including signed ICFs, pertaining to the conduct of this study must be retained by the Investigator for 2 years (or until final marketing authorization approval) after study completion unless local regulations or institutional policies require a longer retention period. No records may be destroyed during the retention period without the written approval of the Sponsor. No records may be transferred to another location or party without written notification to the Sponsor.", "index": "section@para", "score": 10.0, "type": "PWR_DROP", "heading_path": ["Appendix 1: Regulatory, Ethical, and Study Oversight Considerations", "Data Quality Assurance"], "filename": "Mock_CSR_Protocol.docx"}, {"id": "doc::4877313e:layout::39:para::1", "content": "If the study is prematurely terminated or suspended, the Sponsor shall promptly inform the Investigators, the IRBs/IECs, the regulatory authorities, and any contract research organization(s) used in the study of the reason for termination or suspension, as specified by the applicable regulatory requirements. The Investigator shall promptly inform the participant and should ensure appropriate participant therapy and/or follow-up.", "index": "section@para", "score": 10.0, "type": "PWR_DROP", "heading_path": ["Appendix 1: Regulatory, Ethical, and Study Oversight Considerations", "Study and Site Start and Closure"], "filename": "Mock_CSR_Protocol.docx"}, {"id": "doc::4877313e:layout::39:para::3", "content": "The results of this study may be published or presented at scientific meetings. If this is foreseen, the Investigator agrees to submit all manuscripts or abstracts to the Sponsor before submission. This allows the Sponsor to protect proprietary information and to provide comments.", "index": "section@para", "score": 10.0, "type": "PWR_DROP", "heading_path": ["Appendix 1: Regulatory, Ethical, and Study Oversight Considerations", "Publication Policy"], "filename": "Mock_CSR_Protocol.docx"}, {"id": "doc::4877313e:layout::39:para::4", "content": "The Sponsor will comply with the requirements for publication of study results. In accordance with standard editorial and ethical practice, the Sponsor will generally support publication of multicenter studies only in their entirety and not as individual site data. In this case, a coordinating Investigator will be designated by mutual agreement.", "index": "section@para", "score": 10.0, "type": "PWR_DROP", "heading_path": ["Appendix 1: Regulatory, Ethical, and Study Oversight Considerations", "Publication Policy"], "filename": "Mock_CSR_Protocol.docx"}, {"id": "doc::4877313e:layout::45:para::12", "content": "All participant data relating to the study will be recorded on printed or electronic CRF unless transmitted to the Sponsor or designee electronically (eg, laboratory data). The Investigator is responsible for verifying that data entries are accurate and correct by physically or electronically signing the CRF.", "index": "section@para", "score": 10.0, "type": "PWR_DROP", "heading_path": ["Appendix 1: Regulatory, Ethical, and Study Oversight Considerations", "Data Quality Assurance"], "filename": "Mock_CSR_Protocol.docx"}, {"id": "doc::4877313e:layout::45:para::9", "content": "All information provided regarding the study, as well as all information collected and/or documented during the course of the study, will be regarded as confidential. The Investigator (or designee) agrees not to disclose such information in any way without prior written permission from the Sponsor.", "index": "section@para", "score": 10.0, "type": "PWR_DROP", "heading_path": ["Appendix 1: Regulatory, Ethical, and Study Oversight Considerations", "Dissemination of Clinical Study Data"], "filename": "Mock_CSR_Protocol.docx"}, {"id": "doc::4877313e:layout::46:para::5", "content": "Records and documents, including signed ICFs, pertaining to the conduct of this study must be retained by the Investigator for 2 years (or until final marketing authorization approval) after study completion unless local regulations or institutional policies require a longer retention period. No records may be destroyed during the retention period without the written approval of the Sponsor. No records may be transferred to another location or party without written notification to the Sponsor.", "index": "section@para", "score": 10.0, "type": "PWR_DROP", "heading_path": ["Appendix 1: Regulatory, Ethical, and Study Oversight Considerations", "Data Quality Assurance"], "filename": "Mock_CSR_Protocol.docx"}, {"id": "doc::4877313e:layout::47:para::1", "content": "If the study is prematurely terminated or suspended, the Sponsor shall promptly inform the Investigators, the IRBs/IECs, the regulatory authorities, and any contract research organization(s) used in the study of the reason for termination or suspension, as specified by the applicable regulatory requirements. The Investigator shall promptly inform the participant and should ensure appropriate participant therapy and/or follow-up.", "index": "section@para", "score": 10.0, "type": "PWR_DROP", "heading_path": ["Appendix 1: Regulatory, Ethical, and Study Oversight Considerations", "Study and Site Start and Closure"], "filename": "Mock_CSR_Protocol.docx"}, {"id": "doc::4877313e:layout::47:para::3", "content": "The results of this study may be published or presented at scientific meetings. If this is foreseen, the Investigator agrees to submit all manuscripts or abstracts to the Sponsor before submission. This allows the Sponsor to protect proprietary information and to provide comments.", "index": "section@para", "score": 10.0, "type": "PWR_DROP", "heading_path": ["Appendix 1: Regulatory, Ethical, and Study Oversight Considerations", "Publication Policy"], "filename": "Mock_CSR_Protocol.docx"}, {"id": "doc::4877313e:layout::28:para::18", "content": "Antibodies to ABC-123 will be evaluated in serum samples collected from all participants according to the SoA (Section 1.3). Additionally, serum samples should also be collected at the final visit from participants who discontinued study intervention or were withdrawn from the study. These samples will be tested by the Sponsor or Sponsor's designee.", "index": "section@para", "score": 8.0, "type": "PWR_DROP", "heading_path": ["Immunogenicity Assessments"], "filename": "Mock_CSR_Protocol.docx"}, {"id": "doc::4877313e:layout::57:para::2", "content": "pregnancy-related SAE considered reasonably related to the study intervention by the Investigator will be reported to the Sponsor as described in . While the Investigator is not obligated to actively seek this information in former study participants, he or she may learn of an SAE through spontaneous reporting.", "index": "section@para", "score": 8.0, "type": "PWR_DROP", "heading_path": ["Appendix 5: Contraceptive Guidance and Collection of Pregnancy Information", "Female participants who become pregnant"], "filename": "Mock_CSR_Protocol.docx"}, {"id": "doc::fd2ccc75:layout::0:para::51", "content": "Similarly, five subjects (13.9%) were discontinued from the study, overall, three from the Treatment group and two from the Placebo group. The most common reason for study discontinuation was death (n=3), all occurring in the Treatment group. One subject in the Placebo group withdrew consent, and one was lost to follow-up. No subjects discontinued due to sponsor decision or unknown reasons.", "index": "section@para", "score": 6.0, "type": "PWR_DROP", "heading_path": ["4. Key Results"], "filename": "Mock_CSR Key messages_with_heading.docx"}, {"id": "doc::4877313e:layout::22:para::12", "content": "The CRO and Sponsor PK, absorption, distribution, metabolism, and excretion (ADME), biomarker, or clinical scientists who are not directly involved with study management or in direct contact with the site personnel may be unblinded for the purposes of exploratory biomarker evaluation and development of PK and PD response models during the course of the study.", "index": "section@para", "score": 6.0, "type": "PWR_DROP", "heading_path": ["Measures to Minimize Bias: Randomization and Blinding"], "filename": "Mock_CSR_Protocol.docx"}, {"id": "doc::4877313e:layout::28:para::14", "content": "This study will collect samples for biomarker asparticipants (where not prohibited by local regulations). For biomarker assessments, whole blood, serum, and plasma will be collected from all enrolled participants (where not prohibited by local regulations or policies). The results may help to inform dose selection, monitor baseline and post-treatment responses, and possibly further characterize the mechanism of action and/or determine potential prognostic and/or predictive biomarkers to assist in any research related to ABC-123, boneitis, and for potential diagnostic development. Based on emerging data or for operational reasons, certain samples may not be collected and/or analyzed. All analyses will be conducted by the Sponsor or designee.", "index": "section@para", "score": 6.0, "type": "PWR_DROP", "heading_path": ["Pharmacodynamic Assessments"], "filename": "Mock_CSR_Protocol.docx"}, {"id": "doc::4877313e:layout::28:para::16", "content": "Blood sampling will be conducted for analysis of exploratory PD and safety biomarkers. The timings of all PD assessments to be performed during the study are indicated in the SoA (S) and may be subject to change based on the ongoing review of the data. Furthermore, up to 3 additional blood samples may be taken from each participant per treatment period (where applicable). Any changes to the scheduled times of PD assessments will be agreed with the Sponsor and documented in the TMF.", "index": "section@para", "score": 6.0, "type": "PWR_DROP", "heading_path": ["Pharmacodynamic Assessments", "Exploratory Biomarkers"], "filename": "Mock_CSR_Protocol.docx"}, {"id": "doc::4877313e:layout::28:para::20", "content": "The detection and characterization of antibodies to ABC-123 will be performed using a validated assay method by or under the supervision of the Sponsor. Antibodies may be further characterized and/or evaluated for their ability to neutralize the activity of the study intervention(s). Samples may be stored for at least 3 years (or according to local regulations) following the last participant\u2019s last visit for the study at a facility selected by the Sponsor to enable further analysis of immune responses to ABC-123.", "index": "section@para", "score": 6.0, "type": "PWR_DROP", "heading_path": ["Immunogenicity Assessments"], "filename": "Mock_CSR_Protocol.docx"}, {"id": "doc::4877313e:layout::28:para::9", "content": "Blood samples for PK and biomarkers will be collected by venipuncture or cannulation at the times indicated in the SoA (Section 1.3). Furthermore, up to 3 additional blood samples may be taken from each participant per treatment period. Any changes to the scheduled times of PK assessments will be agreed with the Sponsor and documented in the Trial Master File (TMF).", "index": "section@para", "score": 6.0, "type": "PWR_DROP", "heading_path": ["Pharmacokinetic Assessments", "Sample Collection and Processing"], "filename": "Mock_CSR_Protocol.docx"}, {"id": "doc::4877313e:layout::32:para::7", "content": "The Sponsor does not recommend specific treatment for an overdose. In the event of an overdose, the Investigator should:", "index": "section@para", "score": 6.0, "type": "PWR_DROP", "heading_path": ["Treatment of Overdose"], "filename": "Mock_CSR_Protocol.docx"}, {"id": "doc::4877313e:layout::37:para::6", "content": "The participant must be informed that his/her personal study-related data will be used by the Sponsor in accordance with local data protection law. The level of disclosure must also be explained to the participant, who will be required to give consent for their data to be used as described in the informed consent.", "index": "section@para", "score": 6.0, "type": "PWR_DROP", "heading_path": ["Appendix 1: Regulatory, Ethical, and Study Oversight Considerations", "Data Protection"], "filename": "Mock_CSR_Protocol.docx"}, {"id": "doc::4877313e:layout::29:para::21", "content": "The Investigator must review the laboratory report, document this review, and record any clinically relevant changes occurring during the study in the AE section of the eCRF. The laboratory reports must be filed with the source documents. Clinically significant abnormal laboratory findings are those which are not associated with the underlying disease, unless judged by the Investigator to be more severe than expected for the participant\u2019s condition.", "index": "section@para", "score": 6.0, "type": "PWR_DROP", "heading_path": ["Safety Assessments", "Clinical Safety Laboratory Assessments"], "filename": "Mock_CSR_Protocol.docx"}, {"id": "doc::4877313e:layout::34:para::6", "content": "Pharmacodynamic parameters will be listed and summarized using descriptive statistics. No formal statistical analysis of PD data is planned. Association between PK and PD will be evaluated using appropriate statistical methods. These exploratory analyses will be detailed in the SAP. Combined with PK and safety data, the analyses will aid in study design in the future, including dose selection and identification of a population that may specifically benefit from treatment with ABC-123.", "index": "section@para", "score": 6.0, "type": "PWR_DROP", "heading_path": ["Statistical Analyses", "Pharmacodynamic Analyses"], "filename": "Mock_CSR_Protocol.docx"}] | R31: KeyValue | S31: doc::7cd3e10f:layout::0:table::32:row::0:cell::1::ph::0
A32: <Company Address> | F32: Search for the company address or administrative details related to the Sponsor under the context of 'Investigators and Study Administrative Structure' or 'Table 1 Study Administrative Structure'. | G32: yes | H32: Resolve the placeholder '<Company Address>' based on the specific positional context: Table caption 'Table 1 Study Administrative Structure', orientation 'KeyValue', column header 'Sponsor', row label 'Sponsor', parent heading 'Investigators and Study Administrative Structure'. If no direct match exists, return NO_REPLACEMENT. | N32: [{"id": "doc::4877313e:layout::22:para::15", "content": "The treatment assignment should be unblinded at the clinic only in the case of an emergency, when knowledge of the study intervention assignment is absolutely necessary for the clinical management or welfare of the participant, or where necessary to determine if dose-limiting toxicity (DLT) criteria have been met (). Breaking of the blind at the clinic under any other circumstances will be considered a protocol deviation. The Investigator is strongly encouraged to contact the Sponsor before unblinding the study intervention assignment prior to the scheduled assessment of tolerance and safety data unless there is an urgent safety issue that must be addressed as a priority. If the blind is broken for any reason, the Investigator must notify the Sponsor within 24 hours, and an SAE form must be completed, if appropriate. In addition, the Investigator will record the date and reason for revealing the blinded study intervention assignment for that participant in the source documents and appropriate electronic case report form (eCRF) page(s).", "index": "section@para", "score": 12.0, "type": "PWR_DROP", "heading_path": ["Measures to Minimize Bias: Randomization and Blinding"], "filename": "Mock_CSR_Protocol.docx"}, {"id": "doc::4877313e:layout::15:para::8", "content": "(6 participants) or placebo (2 participants) on Day 1. To assure safety and tolerability of the starting dose, 2 sentinel participants will be dosed first in Cohort 1 (1 active drug and 1 placebo to maintain study blinding); the remaining Cohort 1 participants may be dosed at least 48 hours later, after initial safety of the sentinel participants is confirmed by the Phase 1 Unit Principal Investigator in consultation with the Sponsor.", "index": "section@para", "score": 10.0, "type": "PWR_DROP", "heading_path": ["Overall Design", "Single Ascending Dose"], "filename": "Mock_CSR_Protocol.docx"}, {"id": "doc::4877313e:layout::22:para::5", "content": "The Investigator is responsible for study intervention accountability, reconciliation, and record maintenance (ie, receipt, reconciliation, and final disposition records). The Investigator (or designee) will maintain an accurate record of the study supplies received. In addition, an accurate drug disposition record will be kept, specifying the amount dispensed to each participant and the date of dispensing. This drug accountability record will be available for inspection at any time. At the completion of the study, the original drug accountability record will be available for review by the Sponsor upon request.", "index": "section@para", "score": 10.0, "type": "PWR_DROP", "heading_path": ["Preparation/Handling/Storage/Accountability"], "filename": "Mock_CSR_Protocol.docx"}, {"id": "doc::4877313e:layout::26:para::13", "content": "Participants who are withdrawn for reasons not related to study intervention may be replaced following discussion between the Investigator and the Sponsor. Participants withdrawn as a result of AEs thought to be related to the study intervention will not be replaced.", "index": "section@para", "score": 10.0, "type": "PWR_DROP", "heading_path": ["Discontinuation of Study Intervention", "Withdrawal of Consent"], "filename": "Mock_CSR_Protocol.docx"}, {"id": "doc::4877313e:layout::31:para::11", "content": "Prompt notification by the Investigator to the Sponsor of an SAE is essential so that legal obligations and ethical responsibilities towards the safety of participants and the safety of a study intervention under clinical investigation are met.", "index": "section@para", "score": 10.0, "type": "PWR_DROP", "heading_path": ["Adverse Events and Serious Adverse Events", "Regulatory Reporting Requirements for SAEs"], "filename": "Mock_CSR_Protocol.docx"}, {"id": "doc::4877313e:layout::31:para::12", "content": "The Sponsor has a legal responsibility to notify both the local regulatory authority and other regulatory agencies about the safety of a study intervention under clinical investigation. The Sponsor will comply with country-specific regulatory requirements relating to safety reporting to the regulatory authority, IRBs/Independent Ethics Committees (IECs), and Investigators.", "index": "section@para", "score": 10.0, "type": "PWR_DROP", "heading_path": ["Adverse Events and Serious Adverse Events", "Regulatory Reporting Requirements for SAEs"], "filename": "Mock_CSR_Protocol.docx"}, {"id": "doc::4877313e:layout::31:para::13", "content": "For all studies, Investigator safety reports must be prepared for suspected unexpected rse reactions (SUSAR) according to local regulatory requirements and Sponsor policy and forwarded to Investigators as necessary.", "index": "section@para", "score": 10.0, "type": "PWR_DROP", "heading_path": ["Adverse Events and Serious Adverse Events", "Regulatory Reporting Requirements for SAEs"], "filename": "Mock_CSR_Protocol.docx"}, {"id": "doc::4877313e:layout::31:para::2", "content": "Investigators are not obligated to actively seek AEs or SAEs after conclusion of the study participation. However, if the Investigator learns of any SAE, including a death, at any time after a participant has been discharged from the study, and he/she considers the event to be reasonably related to the study intervention or study participation, the Investigator must promptly notify the Sponsor.", "index": "section@para", "score": 10.0, "type": "PWR_DROP", "heading_path": ["Adverse Events and Serious Adverse Events", "Time Period and Frequency for Collecting AE and SAE Information"], "filename": "Mock_CSR_Protocol.docx"}, {"id": "doc::4877313e:layout::32:para::2", "content": "If a pregnancy is reported in a study participant or the partner of a male study participant, the Investigator should inform the Sponsor within 24 hours of learning of the pregnancy and should follow the procedures outlined in S", "index": "section@para", "score": 10.0, "type": "PWR_DROP", "heading_path": ["Adverse Events and Serious Adverse Events", "Pregnancy"], "filename": "Mock_CSR_Protocol.docx"}, {"id": "doc::4877313e:layout::37:para::12", "content": "All participant data relating to the study will be recorded on printed or electronic CRF unless transmitted to the Sponsor or designee electronically (eg, laboratory data). The Investigator is responsible for verifying that data entries are accurate and correct by physically or electronically signing the CRF.", "index": "section@para", "score": 10.0, "type": "PWR_DROP", "heading_path": ["Appendix 1: Regulatory, Ethical, and Study Oversight Considerations", "Data Quality Assurance"], "filename": "Mock_CSR_Protocol.docx"}, {"id": "doc::4877313e:layout::57:para::2", "content": "pregnancy-related SAE considered reasonably related to the study intervention by the Investigator will be reported to the Sponsor as described in . While the Investigator is not obligated to actively seek this information in former study participants, he or she may learn of an SAE through spontaneous reporting.", "index": "section@para", "score": 10.0, "type": "PWR_DROP", "heading_path": ["Appendix 5: Contraceptive Guidance and Collection of Pregnancy Information", "Female participants who become pregnant"], "filename": "Mock_CSR_Protocol.docx"}, {"id": "doc::4877313e:layout::38:para::5", "content": "Records and documents, including signed ICFs, pertaining to the conduct of this study must be retained by the Investigator for 2 years (or until final marketing authorization approval) after study completion unless local regulations or institutional policies require a longer retention period. No records may be destroyed during the retention period without the written approval of the Sponsor. No records may be transferred to another location or party without written notification to the Sponsor.", "index": "section@para", "score": 10.0, "type": "PWR_DROP", "heading_path": ["Appendix 1: Regulatory, Ethical, and Study Oversight Considerations", "Data Quality Assurance"], "filename": "Mock_CSR_Protocol.docx"}, {"id": "doc::4877313e:layout::39:para::1", "content": "If the study is prematurely terminated or suspended, the Sponsor shall promptly inform the Investigators, the IRBs/IECs, the regulatory authorities, and any contract research organization(s) used in the study of the reason for termination or suspension, as specified by the applicable regulatory requirements. The Investigator shall promptly inform the participant and should ensure appropriate participant therapy and/or follow-up.", "index": "section@para", "score": 10.0, "type": "PWR_DROP", "heading_path": ["Appendix 1: Regulatory, Ethical, and Study Oversight Considerations", "Study and Site Start and Closure"], "filename": "Mock_CSR_Protocol.docx"}, {"id": "doc::4877313e:layout::39:para::4", "content": "The Sponsor will comply with the requirements for publication of study results. In accordance with standard editorial and ethical practice, the Sponsor will generally support publication of multicenter studies only in their entirety and not as individual site data. In this case, a coordinating Investigator will be designated by mutual agreement.", "index": "section@para", "score": 10.0, "type": "PWR_DROP", "heading_path": ["Appendix 1: Regulatory, Ethical, and Study Oversight Considerations", "Publication Policy"], "filename": "Mock_CSR_Protocol.docx"}, {"id": "doc::4877313e:layout::46:para::5", "content": "Records and documents, including signed ICFs, pertaining to the conduct of this study must be retained by the Investigator for 2 years (or until final marketing authorization approval) after study completion unless local regulations or institutional policies require a longer retention period. No records may be destroyed during the retention period without the written approval of the Sponsor. No records may be transferred to another location or party without written notification to the Sponsor.", "index": "section@para", "score": 10.0, "type": "PWR_DROP", "heading_path": ["Appendix 1: Regulatory, Ethical, and Study Oversight Considerations", "Data Quality Assurance"], "filename": "Mock_CSR_Protocol.docx"}, {"id": "doc::4877313e:layout::47:para::1", "content": "If the study is prematurely terminated or suspended, the Sponsor shall promptly inform the Investigators, the IRBs/IECs, the regulatory authorities, and any contract research organization(s) used in the study of the reason for termination or suspension, as specified by the applicable regulatory requirements. The Investigator shall promptly inform the participant and should ensure appropriate participant therapy and/or follow-up.", "index": "section@para", "score": 10.0, "type": "PWR_DROP", "heading_path": ["Appendix 1: Regulatory, Ethical, and Study Oversight Considerations", "Study and Site Start and Closure"], "filename": "Mock_CSR_Protocol.docx"}, {"id": "doc::4877313e:layout::28:para::14", "content": "This study will collect samples for biomarker asparticipants (where not prohibited by local regulations). For biomarker assessments, whole blood, serum, and plasma will be collected from all enrolled participants (where not prohibited by local regulations or policies). The results may help to inform dose selection, monitor baseline and post-treatment responses, and possibly further characterize the mechanism of action and/or determine potential prognostic and/or predictive biomarkers to assist in any research related to ABC-123, boneitis, and for potential diagnostic development. Based on emerging data or for operational reasons, certain samples may not be collected and/or analyzed. All analyses will be conducted by the Sponsor or designee.", "index": "section@para", "score": 8.0, "type": "PWR_DROP", "heading_path": ["Pharmacodynamic Assessments"], "filename": "Mock_CSR_Protocol.docx"}, {"id": "doc::4877313e:layout::37:para::6", "content": "The participant must be informed that his/her personal study-related data will be used by the Sponsor in accordance with local data protection law. The level of disclosure must also be explained to the participant, who will be required to give consent for their data to be used as described in the informed consent.", "index": "section@para", "score": 8.0, "type": "PWR_DROP", "heading_path": ["Appendix 1: Regulatory, Ethical, and Study Oversight Considerations", "Data Protection"], "filename": "Mock_CSR_Protocol.docx"}, {"id": "doc::4877313e:layout::37:para::9", "content": "All information provided regarding the study, as well as all information collected and/or documented during the course of the study, will be regarded as confidential. The Investigator (or designee) agrees not to disclose such information in any way without prior written permission from the Sponsor.", "index": "section@para", "score": 8.0, "type": "PWR_DROP", "heading_path": ["Appendix 1: Regulatory, Ethical, and Study Oversight Considerations", "Dissemination of Clinical Study Data"], "filename": "Mock_CSR_Protocol.docx"}, {"id": "doc::4877313e:layout::39:para::3", "content": "The results of this study may be published or presented at scientific meetings. If this is foreseen, the Investigator agrees to submit all manuscripts or abstracts to the Sponsor before submission. This allows the Sponsor to protect proprietary information and to provide comments.", "index": "section@para", "score": 8.0, "type": "PWR_DROP", "heading_path": ["Appendix 1: Regulatory, Ethical, and Study Oversight Considerations", "Publication Policy"], "filename": "Mock_CSR_Protocol.docx"}, {"id": "doc::4877313e:layout::41:para::9", "content": "The Sponsor will collect detailed information if any of the above mitigation strategies is enacted and will assess the impact of these changes on the study analyses prior to database lock. Any deviation from the protocol (altered procedures, missed visits, etc.) due to COVID-19 will be identified in the eCRF as such.", "index": "section@para", "score": 8.0, "type": "PWR_DROP", "heading_path": ["Appendix 3: Guidelines for Public Health Emergencies, Including Infectious Disease Outbreaks"], "filename": "Mock_CSR_Protocol.docx"}, {"id": "doc::4877313e:layout::45:para::12", "content": "All participant data relating to the study will be recorded on printed or electronic CRF unless transmitted to the Sponsor or designee electronically (eg, laboratory data). The Investigator is responsible for verifying that data entries are accurate and correct by physically or electronically signing the CRF.", "index": "section@para", "score": 8.0, "type": "PWR_DROP", "heading_path": ["Appendix 1: Regulatory, Ethical, and Study Oversight Considerations", "Data Quality Assurance"], "filename": "Mock_CSR_Protocol.docx"}, {"id": "doc::4877313e:layout::45:para::6", "content": "The participant must be informed that his/her personal study-related data will be used by the Sponsor in accordance with local data protection law. The level of disclosure must also be explained to the participant, who will be required to give consent for their data to be used as described in the informed consent.", "index": "section@para", "score": 8.0, "type": "PWR_DROP", "heading_path": ["Appendix 1: Regulatory, Ethical, and Study Oversight Considerations", "Data Protection"], "filename": "Mock_CSR_Protocol.docx"}, {"id": "doc::4877313e:layout::45:para::9", "content": "All information provided regarding the study, as well as all information collected and/or documented during the course of the study, will be regarded as confidential. The Investigator (or designee) agrees not to disclose such information in any way without prior written permission from the Sponsor.", "index": "section@para", "score": 8.0, "type": "PWR_DROP", "heading_path": ["Appendix 1: Regulatory, Ethical, and Study Oversight Considerations", "Dissemination of Clinical Study Data"], "filename": "Mock_CSR_Protocol.docx"}, {"id": "doc::4877313e:layout::47:para::3", "content": "The results of this study may be published or presented at scientific meetings. If this is foreseen, the Investigator agrees to submit all manuscripts or abstracts to the Sponsor before submission. This allows the Sponsor to protect proprietary information and to provide comments.", "index": "section@para", "score": 8.0, "type": "PWR_DROP", "heading_path": ["Appendix 1: Regulatory, Ethical, and Study Oversight Considerations", "Publication Policy"], "filename": "Mock_CSR_Protocol.docx"}, {"id": "doc::fd2ccc75:layout::0:para::51", "content": "Similarly, five subjects (13.9%) were discontinued from the study, overall, three from the Treatment group and two from the Placebo group. The most common reason for study discontinuation was death (n=3), all occurring in the Treatment group. One subject in the Placebo group withdrew consent, and one was lost to follow-up. No subjects discontinued due to sponsor decision or unknown reasons.", "index": "section@para", "score": 6.0, "type": "PWR_DROP", "heading_path": ["4. Key Results"], "filename": "Mock_CSR Key messages_with_heading.docx"}, {"id": "doc::4877313e:layout::16:para::8", "content": "Safety measurements, including 12-lead ECG; vital sign monitoring including blood pressure, pulse rate, respiratory rate, and body temperature; clinical laboratory tests (chemistry, hematology, lipid profile); physical examinations; mental health assessment; and other metrics, will be obtained at specific time points per the SoA. Adverse events and concomitant medication use will be monitored throughout the study. Refer to for further details on dose modifications.", "index": "section@para", "score": 6.0, "type": "PWR_DROP", "heading_path": ["Overall Design", "Repeat-Dose"], "filename": "Mock_CSR_Protocol.docx"}, {"id": "doc::4877313e:layout::22:para::12", "content": "The CRO and Sponsor PK, absorption, distribution, metabolism, and excretion (ADME), biomarker, or clinical scientists who are not directly involved with study management or in direct contact with the site personnel may be unblinded for the purposes of exploratory biomarker evaluation and development of PK and PD response models during the course of the study.", "index": "section@para", "score": 6.0, "type": "PWR_DROP", "heading_path": ["Measures to Minimize Bias: Randomization and Blinding"], "filename": "Mock_CSR_Protocol.docx"}, {"id": "doc::4877313e:layout::28:para::16", "content": "Blood sampling will be conducted for analysis of exploratory PD and safety biomarkers. The timings of all PD assessments to be performed during the study are indicated in the SoA (S) and may be subject to change based on the ongoing review of the data. Furthermore, up to 3 additional blood samples may be taken from each participant per treatment period (where applicable). Any changes to the scheduled times of PD assessments will be agreed with the Sponsor and documented in the TMF.", "index": "section@para", "score": 6.0, "type": "PWR_DROP", "heading_path": ["Pharmacodynamic Assessments", "Exploratory Biomarkers"], "filename": "Mock_CSR_Protocol.docx"}, {"id": "doc::4877313e:layout::28:para::18", "content": "Antibodies to ABC-123 will be evaluated in serum samples collected from all participants according to the SoA (Section 1.3). Additionally, serum samples should also be collected at the final visit from participants who discontinued study intervention or were withdrawn from the study. These samples will be tested by the Sponsor or Sponsor's designee.", "index": "section@para", "score": 6.0, "type": "PWR_DROP", "heading_path": ["Immunogenicity Assessments"], "filename": "Mock_CSR_Protocol.docx"}, {"id": "doc::4877313e:layout::28:para::20", "content": "The detection and characterization of antibodies to ABC-123 will be performed using a validated assay method by or under the supervision of the Sponsor. Antibodies may be further characterized and/or evaluated for their ability to neutralize the activity of the study intervention(s). Samples may be stored for at least 3 years (or according to local regulations) following the last participant\u2019s last visit for the study at a facility selected by the Sponsor to enable further analysis of immune responses to ABC-123.", "index": "section@para", "score": 6.0, "type": "PWR_DROP", "heading_path": ["Immunogenicity Assessments"], "filename": "Mock_CSR_Protocol.docx"}, {"id": "doc::4877313e:layout::32:para::7", "content": "The Sponsor does not recommend specific treatment for an overdose. In the event of an overdose, the Investigator should:", "index": "section@para", "score": 6.0, "type": "PWR_DROP", "heading_path": ["Treatment of Overdose"], "filename": "Mock_CSR_Protocol.docx"}] | R32: KeyValue | S32: doc::7cd3e10f:layout::0:table::32:row::0:cell::1::ph::1
A33: <Medical Monitor Name> | F33: Retrieve details about the role and identification of the Medical Monitor specifically within the context of study administrative structure and participant oversight. | G33: yes | H33: Resolve the placeholder 'Medical Monitor Name' using the context provided, ensuring the output aligns with the positional identifiers such as table caption 'Table 1 Study Administrative Structure', column header 'Medical Monitor', row label 'Medical Monitor', and parent heading 'Investigators and Study Administrative Structure'. | J33: Medical Monitor | M33: Paragraph | N33: [{"id": "doc::4877313e:layout::15:para::12", "content": "The study Investigator and Medical Monitor will monitor the safety of participants in a blinded fashion throughout the study on an ongoing basis to determine whether to continue dosing, whether to escalate dose, and whether to initiate dosing in various cohorts. The allocation of participants to various cohorts may be adjusted based on the ongoing data review.", "index": "section@para", "score": 14.0, "type": "PWR_USED", "heading_path": ["Overall Design", "Single Ascending Dose"], "filename": "Mock_CSR_Protocol.docx"}, {"id": "doc::4877313e:layout::24:para::3", "content": "If study intervention is withheld in an individual participant due to AEs, scheduled visits and all assessments should continue to occur. In the repeat-dose component, the participant may resume dosing at the same or lower dose based on the discretion of the Investigator and discussion with the Medical Monitor provided that resuming treatment would not pose a significant risk to the participant.", "index": "section@para", "score": 14.0, "type": "PWR_USED", "heading_path": ["Dose Modification", "Dose Escalation and Stopping Criteria"], "filename": "Mock_CSR_Protocol.docx"}, {"id": "doc::4877313e:layout::29:para::22", "content": "All laboratory tests with values considered clinically significantly abnormal during participation in the study or within 10 weeks after the last dose of study intervention should be repeated until the values return to normal or baseline or are no longer considered clinically significant by the Investigator or Medical Monitor.", "index": "section@para", "score": 14.0, "type": "PWR_USED", "heading_path": ["Safety Assessments", "Clinical Safety Laboratory Assessments"], "filename": "Mock_CSR_Protocol.docx"}, {"id": "doc::4877313e:layout::18:para::2", "content": "To be considered for enrollment in this study, participants must meet all the following Inclusion Criteria and none of the Exclusion Criteria. Retesting of eligibility assessments previously not met may be permitted once upon discussion with the Medical Monitor.", "index": "section@para", "score": 12.0, "type": "PWR_USED", "heading_path": ["STUDY POPULATION"], "filename": "Mock_CSR_Protocol.docx"}, {"id": "doc::4877313e:layout::28:para::2", "content": "Immediate safety concerns should be discussed with the Medical Monitor immediately upon occurrence or awareness to determine if the participant should continue or discontinue study intervention.", "index": "section@para", "score": 12.0, "type": "PWR_USED", "heading_path": ["STUDY ASSESSMENTS AND PROCEDURES"], "filename": "Mock_CSR_Protocol.docx"}, {"id": "doc::4877313e:layout::22:para::0", "content": "Injections will be administered by the Investigator (or qualified designee). Injections may be administered in the abdomen. The injection site may be divided into quadrants and the quadrants rotated for each injection for the repeat-dose component of the study. Injection sites will be carefully monitored.", "index": "section@para", "score": 10.0, "type": "PWR_USED", "heading_path": ["Study Intervention(s) Administered"], "filename": "Mock_CSR_Protocol.docx"}, {"id": "doc::4877313e:layout::22:para::18", "content": "Participants are to be dosed at the site and will receive study intervention directly from the Investigator or their designee, under medical supervision. The date and time of each dose administered in the clinic as well as the injection location will be recorded in the source documents and recorded in the eCRF. Study participant identification and the dose of study intervention will be confirmed at the time of dosing by the person administering the study intervention and by another member of the study site staff.", "index": "section@para", "score": 10.0, "type": "PWR_USED", "heading_path": ["Study Intervention Compliance"], "filename": "Mock_CSR_Protocol.docx"}, {"id": "doc::4877313e:layout::22:para::3", "content": "Only participants enrolled in the study may receive study intervention and only authorized site staff may supply or administer study intervention. All study intervention must be stored in a secure, environmentally controlled, and monitored (manual or automated) \u2264 -60\u00b0C freezer in accordance with the labeled storage conditions with access limited to the Investigator and authorized site staff.", "index": "section@para", "score": 10.0, "type": "PWR_USED", "heading_path": ["Preparation/Handling/Storage/Accountability"], "filename": "Mock_CSR_Protocol.docx"}, {"id": "doc::4877313e:layout::32:para::11", "content": "Decisions regarding dose interruptions or modifications will be made by the Investigator in consultation with the Medical Monitor based on the clinical evaluation of the participant.", "index": "section@para", "score": 10.0, "type": "PWR_USED", "heading_path": ["Treatment of Overdose"], "filename": "Mock_CSR_Protocol.docx"}, {"id": "doc::4877313e:layout::38:para::8", "content": "Data reported on the eCRF or entered in the eCRF that are transcribed from source documents must be consistent with the source documents, or the discrepancies must be explained. The Investigator may need to request previous medical records or transfer records, depending on the study. Also, current medical records must be available.", "index": "section@para", "score": 10.0, "type": "PWR_USED", "heading_path": ["Appendix 1: Regulatory, Ethical, and Study Oversight Considerations", "Source Documents"], "filename": "Mock_CSR_Protocol.docx"}] | R33: KeyValue | S33: doc::7cd3e10f:layout::0:table::32:row::2:cell::1::ph::0
A34: <Introduction> | E34: Provide a concise overview of the clinical study, including: The investigational product name and identification number The indication or medical condition being studied The phase and design of the study (very briefly) The primary objectives of the study A brief statement of the study population | F34: Retrieve detailed descriptions of clinical studies, including investigational product details, study design, objectives, and population information. | G34: yes | H34: Resolve the placeholder 'Introduction' for the paragraph following the end of a discussion on study purpose, summarizing the investigational product ABC-123 (ST-4536), its indication for boneitis, study phases (SAD and MAD), objectives, and population. | J34: <p style="margin-top: 6.2pt"><span style="font-size: 12pt" class="Default Paragraph Font color:000000">The clinical study ST-4536 investigates the investigational product ABC-123, a triolic gluon fragmentator, targeting the cadmium quantum shift flipper to address boneitis, a condition with significant morbidity and mortality. The study is conducted in two parts: Part I (SAD) and Part II (MAD), aimed at establishing safety, tolerability, and pharmacodynamics over a prolonged exposure period. The primary objective is to evaluate the efficacy of ABC-123 in reducing the risk of boneitis while confirming its safety profile. The study population includes patients at risk for or suffering from boneitis, with data analysis focusing on descriptive statistics and exploratory endpoints.</span></p> | M34: Paragraph | N34: [{"id": "doc::4877313e:layout::12:para::0", "content": "INTRODUCTION\n\n<p style=\"margin-top: 6.2pt\"><span style=\"font-size: 12pt\" class=\"Default Paragraph Font color:000000\">Lurgi is the leading cause of boneitis, eventually leading to the need for surgical intervention in the form of either a partial or complete brainectomy (</span><span style=\"font-size: 12pt\" class=\"Default Paragraph Font color:0000FF\">Biagini et al. 2008</span><span style=\"font-size: 12pt\" class=\"Default Paragraph Font color:000000\">). Zammoxin has been the standard of care for many years, and myrnestristoate has recently been approved in the European Union and United States (US) as an additional treatment. Even with treatment, patients with lurgi continue to be at risk for the morbidity, mortality, and impaired quality of life associated with boneitis. Thus, a high unmet medical need remains.</span></p>\n\n<p style=\"margin-top: 5.45pt\"><span style=\"font-size: 12pt\" class=\"Default Paragraph Font color:000000\">The cadmium quantum shift flipper is a G protein-coupled receptor (GPCR), which is characterized by high levels of whomp and activated by promethium. Promethium activation has also been shown to lead to the phosphorylation and activation of mitogen-activated protein kinases. Compelling evidence from nonclinical studies suggests that the mekkalekka is enfrazzled on the snoot in up to 80% of cases. Whomp is predominantly upregulated in the grudgeon cells in murine models of boneitis. Pharmacological inhibition by blorp induction ameliorates whomp, inhibits spasms in the superior noidal zone, and prevents hyperfractal embarkation.</span></p>\n\n<p style=\"margin-top: 5.35pt\"><span style=\"font-size: 12pt\" class=\"Default Paragraph Font color:000000\">ABC-123 is a a triolic gluon fragmentator. By targeting the cadmium quantum shift flipper, ABC-123 potentially reduces the risk for boneitis. It also has the advantage of a prolonged time-action profile, allowing the safety and tolerability (and potentially pharmacodynamics [PD]) to be established over 2 to 4 weeks of meaningful exposure even with a single dose (at the high end of the dose range).</span></p>", "index": "section@para", "score": 2.0, "type": "PWR_USED", "heading_path": [], "filename": "Mock_CSR_Protocol.docx"}, {"id": "doc::72df3a00:layout::3:para::0", "content": "INTRODUCTION\n\n<p style=\"margin-top: 6.2pt\"><span class=\"Default Paragraph Font font:Times New Roman\">This Statistical Analysis Plan (SAP) gives details regarding the statistical analyses for the comparison between treatment groups in Part I (SAD) and Part II (MAD) of the study. Data presentation outlined in the final Clinical study protocol (CSP) for the study </span><span class=\"Default Paragraph Font font:Times New Roman\"><em>ST-4536. </em></span><span class=\"Default Paragraph Font font:Times New Roman\">Any changes from the final CSP are given in Section </span></p>\n\n<p><span class=\"Default Paragraph Font font:Times New Roman\">A separate SAP have been constructed for each part of the study: ST-4536_SAP_v.1.0_11DEC2023 \u2013 SAD and ST-4536_SAP_v.1.0_13FEB2023 - MAD. Some of the analyses described in this SAP will supersede the analyses presented in each separate SAP, but for all TLFs the descriptive statistics tables will include Part II (MAD) data using the FAS population. Data from Part I (SAD) of the study will only be used in specific analyses of the exploratory endpoints (cohort number 3 to 6).</span></p>", "index": "section@para", "score": 2.0, "type": "PWR_USED", "heading_path": [], "filename": "Mock SAP _03Jun2026.docx"}] | R34: Paragraph | S34: doc::7cd3e10f:layout::0:para::41::ph::0
A35: <Background Information> | E35: Provide a concise summary of the medical condition under study, including its prevalence, severity, current treatment limitations, and unmet medical need. Introduce the investigational product/test study drug, including its proposed mechanism of action, pharmacological class, and preclinical data supporting its development. Mention any relevant regulatory status (e.g., orphan designation, IND status), and state whether this is the first clinical trial in humans or part of a broader program. | F35: Retrieve detailed information on ABC-123, its mechanism of action, pharmacological class, preclinical data, and regulatory status. | G35: yes | H35: Summarize the background information for ABC-123, focusing on its investigational nature, pharmacological class, mechanism of action, preclinical data, and its status as a first-in-human study. Ensure the output aligns with the placeholder's positional context. | J35: <p>ABC-123 is an investigational triolic gluon fragmentator designed to address unmet medical needs in the treatment of conditions involving peripheral receptor targets. Current treatments for related conditions are limited by adverse psychiatric and neurological effects, particularly in CNS-penetrant therapies. ABC-123 is a selective monoclonal antibody antagonist and inverse agonist targeting human and monkey grudgeon cells, demonstrating peripheral tissue activity without CNS exposure in preclinical models. This first-in-human study aims to establish the initial safety, pharmacokinetics, and pharmacology data for ABC-123, supported by promising nonclinical efficacy and toxicity studies.</p> | M35: Paragraph | N35: [{"id": "doc::4877313e:layout::12:para::10", "content": "Background\n\n<p style=\"margin-top: 6.2pt\"><span style=\"font-size: 12pt\" class=\"Default Paragraph Font color:000000\">ABC-123 is a triolic gluon fragmentator, a type of blorp inductor made with binkles and naturally occurring fram. Blorp inductors typically have a long half-life, which facilitates weekly or monthly dosing, and are generally found to be poorly penetrant to the CNS. By targeting only peripheral receptors, ABC-123 potentially reduces the risk for boneitis previously described in patients with lurgi.</span></p>\n\n<p style=\"margin-top: 5.85pt\"><span style=\"font-size: 12pt\" class=\"Default Paragraph Font color:000000\">This is a first-in-human study. It is intended to provide the initial safety, PK, and pharmacology data for ABC-123 in humans.</span></p>\n\n<p style=\"text-align: justify; margin-top: 5.65pt\"><span style=\"font-size: 12pt\" class=\"Default Paragraph Font color:000000\">In nonclinical efficacy models, results of in vitro binding studies indicate that ABC-123 is a potent, selective monoclonal antibody antagonist and inverse agonist of human and monkey grudgeon cells. Primary PD studies demonstrated that ABC-123 protects human grudgeon cells in vitro.</span></p>\n\n<p style=\"text-align: justify; margin-top: 0.2pt\"><span style=\"font-size: 12pt\" class=\"Default Paragraph Font color:000000\">Circulating ABC-123 was pharmacologically active at the end of the dosing period in the</span></p>\n\n<p style=\"margin-top: 0.15pt\"><span style=\"font-size: 12pt\" class=\"Default Paragraph Font color:000000\">13-week repeat-dose toxicity study in cynomolgus monkeys, as determined by an ex vivo PD assay. A single dose of ABC-123 in cynomolgus monkeys resulted in a PD response associated with peripheral tissues but not with the brain, consistent with peripheral restriction of drug exposure.</span></p>\n\n<p style=\"margin-top: 5.6pt\"><span style=\"font-size: 12pt\" class=\"Default Paragraph Font color:000000\">The safety profile of blorp inductors has been extensively studied with 3 different framptoheebic agglomerators in completed Phase 3 clinical studies (milflexilor, vermithrax, and narbixil). Adverse psychiatric and neurological effects ultimately led to the termination of the development programs. However, outside of the CNS adverse effects, blorp inductors were otherwise reported to be generally safe and well tolerated, with primary adverse effects being gastrointestinal in nature. Furthermore, blorp knockout mice exhibited no serious adverse effects, supporting the general safety of blorb inductors.</span></p>", "index": "section@para", "score": 2.0, "type": "PWR_USED", "heading_path": [], "filename": "Mock_CSR_Protocol.docx"}, {"id": "doc::4877313e:layout::12:para::19", "content": "More detailed information about the known and expected benefits and risks and reasonably expected adverse events (AEs) of ABC-123 may be found in and in the Investigator\u2019s Brochure.", "index": "section@para", "score": 2.0, "type": "PWR_DROP", "heading_path": ["Benefit/Risk Assessment"], "filename": "Mock_CSR_Protocol.docx"}, {"id": "doc::4877313e:layout::20:para::1", "content": "Screen failures are defined as participants who consent to participate in the clinical study but do not meet study entry criteria and are not subsequently randomly assigned to study intervention. A minimal set of screen failure information is required to ensure transparent reporting of screen failure participants to meet the Consolidated Standards of Reporting Trials (CONSORT) publishing requirements and to respond to queries from regulatory authorities. Minimal information includes demography, screen failure details, eligibility criteria, and any serious adverse event (SAE).", "index": "section@para", "score": 2.0, "type": "PWR_DROP", "heading_path": ["Screen Failures"], "filename": "Mock_CSR_Protocol.docx"}, {"id": "doc::4877313e:layout::22:para::23", "content": "Dosage information including dose and frequency", "index": "section@para", "score": 2.0, "type": "PWR_DROP", "heading_path": ["Concomitant Therapy"], "filename": "Mock_CSR_Protocol.docx"}, {"id": "doc::4877313e:layout::22:para::6", "content": "Further guidance and information for the final disposition of unused study intervention are provided in the Pharmacy Manual.", "index": "section@para", "score": 2.0, "type": "PWR_DROP", "heading_path": ["Preparation/Handling/Storage/Accountability"], "filename": "Mock_CSR_Protocol.docx"}, {"id": "doc::4877313e:layout::26:para::11", "content": "If the participant withdraws consent for disclosure of future information, the Sponsor may retain and continue to use any data collected before such a withdrawal of consent.", "index": "section@para", "score": 2.0, "type": "PWR_DROP", "heading_path": ["Discontinuation of Study Intervention", "Withdrawal of Consent"], "filename": "Mock_CSR_Protocol.docx"}, {"id": "doc::4877313e:layout::26:para::8", "content": "Access to medical information from alternative sources (eg, hospital/clinic medical records, referring doctor\u2019s notes, public records, social media sources).", "index": "section@para", "score": 2.0, "type": "PWR_DROP", "heading_path": ["Discontinuation of Study Intervention", "Withdrawal of Consent"], "filename": "Mock_CSR_Protocol.docx"}, {"id": "doc::4877313e:layout::28:para::23", "content": "This sample may be used to investigate the impact of genetic variation on the safety, efficacy, ADME of ABC-123 and similar therapies and to further our understanding of drug response and the genetics of blorp induction, boneitis, lurgi, and other framtophrenic disorders and traits of interest to the Sponsor. Information obtained will not have clinical diagnostic or therapeutic implications for the participant and will not be provided to the participant or the Investigator.", "index": "section@para", "score": 2.0, "type": "PWR_DROP", "heading_path": ["Pharmacogenomics"], "filename": "Mock_CSR_Protocol.docx"}, {"id": "doc::4877313e:layout::30:para::4", "content": "Time Period and Frequency for Collecting AE and SAE Information\n\n<p style=\"margin-top: 4.65pt\"><span style=\"font-size: 12pt\" class=\"Default Paragraph Font color:000000\">Medical occurrences that begin before signing of the ICF will be recorded in the Medical History/Current Medical Conditions section of the eCRF, not in the AE section. Any worsening of a medical occurrence after signing of the ICF is to be reported as an AE.</span></p>\n\n<p style=\"margin-top: 5.35pt\"><span style=\"font-size: 12pt\" class=\"Default Paragraph Font color:000000\">All SAEs will be recorded and reported to the Sponsor or designee immediately (</span><span style=\"font-size: 12pt\" class=\"Default Paragraph Font color:0000FF\">S</span><span style=\"font-size: 12pt\" class=\"Default Paragraph Font color:000000\">]), and under no circumstance should this exceed 24 hours. The Investigator will submit any updated SAE data to the Sponsor within 24 hours of it being available.</span></p>\n\n<p style=\"margin-top: 5.35pt\"><span style=\"font-size: 12pt\" class=\"Default Paragraph Font color:000000\">Investigators are not obligated to actively seek AEs or SAEs after conclusion of the study participation. However, if the Investigator learns of any SAE, including a death, at any time after a participant has been discharged from the study, and he/she considers the event to be reasonably related to the study intervention or study participation, the Investigator must promptly notify the Sponsor.</span></p>", "index": "section@para", "score": 2.0, "type": "PWR_DROP", "heading_path": ["Adverse Events and Serious Adverse Events"], "filename": "Mock_CSR_Protocol.docx"}, {"id": "doc::4877313e:layout::31:para::9", "content": "Section 7.2). Further information on Follow-up procedures is provided in Section (Appendix 4).", "index": "section@para", "score": 2.0, "type": "PWR_DROP", "heading_path": ["Adverse Events and Serious Adverse Events", "Follow-up of AEs and SAEs"], "filename": "Mock_CSR_Protocol.docx"}] | R35: Paragraph | S35: doc::7cd3e10f:layout::0:para::44::ph::0
A36: <Rationale for the study> | E36: Explain why this study was conducted. Describe how the study design was chosen to meet early development goals such as evaluating safety, tolerability, pharmacokinetics (PK), and, where applicable, immunogenicity or exploratory pharmacodynamics (PD). Justify the study population, dosing approach, and any exploratory objectives (e.g., biomarker evaluation, dose selection, or assessing potential activity). | F36: Retrieve information related to the rationale and design of the study, focusing on objectives such as safety, tolerability, PK, PD, and exploratory goals like biomarker evaluation and dose selection. | G36: yes | H36: Resolve the placeholder 'Rationale for the study' using the provided context, summarizing the study's purpose and design to evaluate ABC-123's safety, tolerability, PK, PD, and exploratory objectives, while justifying the study population and dosing approach. | J36: <p>The study was conducted to advance the clinical development of ABC-123, targeting patients with Grade 2 boneitis. Its design aimed to evaluate the safety, tolerability, and pharmacokinetics (PK) of ABC-123 through a single ascending dose (SAD) study in healthy participants and a repeat-dose study in affected individuals. Additionally, the study explored immunogenicity, pharmacodynamics (PD), and biomarkers to identify patient populations most likely to benefit from treatment, thereby supporting dose selection and assessing potential activity.</p> | M36: Paragraph | N36: [{"id": "doc::fd2ccc75:layout::0:para::74", "content": "Overall, the data supports the continued clinical development of ABC-123 and provide a rationale for advancing to Phase 2 studies to further assess safety, pharmacodynamics, and preliminary efficacy in patients with Boneitis.", "index": "section@para", "score": 4.0, "type": "PWR_USED", "heading_path": ["5. Interpretation & Conclusion"], "filename": "Mock_CSR Key messages_with_heading.docx"}, {"id": "doc::4877313e:layout::12:para::4", "content": "Study Rationale\n\n<p style=\"margin-top: 6.15pt\"><span style=\"font-size: 12pt\" class=\"Default Paragraph Font color:000000\">ABC-123 is intended for use in patients with Grade 2 boneitis.</span></p>\n\n<p style=\"margin-top: 5.9pt\"><span style=\"font-size: 12pt\" class=\"Default Paragraph Font color:000000\">This Phase 1 study is intended to:</span></p>\n\n<p style=\"margin-top: 5.75pt\"><span style=\"font-size: 12pt\" class=\"Default Paragraph Font color:000000\">establish safety, tolerability, and PK for up to 28 days of relevant exposure in the single ascending dose (SAD) study in healthy volunteers to support a subsequent repeat-dose exploratory efficacy study in participants with boneitis;</span></p>\n\n<p style=\"margin-top: 5.6pt\"><span style=\"font-size: 12pt\" class=\"Default Paragraph Font color:000000\">obtain pharmacokinetic (PK), safety, and tolerability data in participants with boneitis;</span></p>\n\n<p style=\"margin-top: 5.9pt\"><span style=\"font-size: 12pt\" class=\"Default Paragraph Font color:000000\">explore potential phenotypic, genotypic, and biochemical approaches to identify patients most likely to respond to ABC-123.</span></p>", "index": "section@para", "score": 4.0, "type": "PWR_USED", "heading_path": [], "filename": "Mock_CSR_Protocol.docx"}, {"id": "doc::4877313e:layout::16:para::10", "content": "Scientific Rationale for Study Design", "index": "section@para", "score": 4.0, "type": "PWR_DROP", "heading_path": [], "filename": "Mock_CSR_Protocol.docx"}, {"id": "doc::fd2ccc75:layout::0:para::0", "content": "Clinical Study Report: Key Message", "index": "section@para", "score": 2.0, "type": "PWR_DROP", "heading_path": [], "filename": "Mock_CSR Key messages_with_heading.docx"}, {"id": "doc::fd2ccc75:layout::0:para::1", "content": "Document Title: Clinical Study Report", "index": "section@para", "score": 2.0, "type": "PWR_DROP", "heading_path": [], "filename": "Mock_CSR Key messages_with_heading.docx"}, {"id": "doc::fd2ccc75:layout::0:para::10", "content": "The primary objective of this clinical study was to assess the safety and tolerability after 4 weeks of exposure following single ascending doses of ABC-123", "index": "section@para", "score": 2.0, "type": "PWR_DROP", "heading_path": ["1. Study Objective"], "filename": "Mock_CSR Key messages_with_heading.docx"}, {"id": "doc::fd2ccc75:layout::0:para::11", "content": "The secondary objective of this study:", "index": "section@para", "score": 2.0, "type": "PWR_DROP", "heading_path": ["1. Study Objective"], "filename": "Mock_CSR Key messages_with_heading.docx"}, {"id": "doc::fd2ccc75:layout::0:para::15", "content": "The exploratory objective of this study:", "index": "section@para", "score": 2.0, "type": "PWR_DROP", "heading_path": ["1. Study Objective"], "filename": "Mock_CSR Key messages_with_heading.docx"}, {"id": "doc::fd2ccc75:layout::0:para::2", "content": "Study Title:\n\n<p style=\"margin-top: 6pt; margin-bottom: 6pt\"><span class=\"Default Paragraph Font font:Times New Roman\">A First-In-Human, Phase 1, Randomized, Double-Blind, Placebo-Controlled Study to Evaluate the Safety, Tolerability, and Pharmacokinetics of ABC-123 as a Single Dose in Healthy Participants and as Multiple Doses in Participants with Grade 2 Boneitis</span></p>\n\n<p style=\"margin-top: 6pt; margin-bottom: 6pt\"><span class=\"Default Paragraph Font font:Times New Roman\"><strong>Protocol No.: </strong></span><span class=\"Default Paragraph Font font:Times New Roman\">SKY-2000-101</span></p>\n\n<p style=\"margin-top: 6pt; margin-bottom: 6pt\"><span class=\"Default Paragraph Font font:Times New Roman\"><strong>Study Drug: </strong></span><span class=\"Default Paragraph Font font:Times New Roman\">ABC-123</span><span class=\"Default Paragraph Font font:Times New Roman\"><strong> </strong></span></p>\n\n<p style=\"margin-top: 6pt; margin-bottom: 6pt\"><span class=\"Default Paragraph Font font:Times New Roman\"><strong>Indication: </strong></span><span class=\"Default Paragraph Font font:Times New Roman\">Grade 2 boneitis</span></p>\n\n<p style=\"margin-top: 6pt; margin-bottom: 6pt\"><span class=\"Default Paragraph Font font:Times New Roman\"><strong>Sponsor: </strong></span><span class=\"Default Paragraph Font font:Times New Roman\">Stendarr, Inc.</span></p>\n\n<p style=\"margin-top: 6pt; margin-bottom: 6pt\"><span class=\"Default Paragraph Font font:Times New Roman\"><strong>Date: </strong></span><span class=\"Default Paragraph Font font:Times New Roman\">DD MM YYYY</span></p>", "index": "section@para", "score": 2.0, "type": "PWR_DROP", "heading_path": [], "filename": "Mock_CSR Key messages_with_heading.docx"}, {"id": "doc::fd2ccc75:layout::0:para::24", "content": "2. Study Design Overview\n\n<p style=\"margin-top: 6pt; margin-bottom: 6pt\"><span class=\"Default Paragraph Font font:Times New Roman color:000000\">This study will comprise a SAD escalation component in healthy volunteer participants and a repeat-dose component to confirm repeat-dose safety, tolerability, PK, and immunogenicity in participants with boneitis. It will also explore potential blorp activity, participant selection, PD, and differential response biomarkers. This study will be conducted in a single Phase 1 unit.</span></p>\n\n<p style=\"margin-top: 6pt; margin-bottom: 6pt\"><span class=\"Default Paragraph Font font:Times New Roman color:000000\">Total Participants: 36</span></p>", "index": "section@para", "score": 2.0, "type": "PWR_USED", "heading_path": [], "filename": "Mock_CSR Key messages_with_heading.docx"}] | R36: Paragraph | S36: doc::7cd3e10f:layout::0:para::47::ph::0
