Workbook
Name AnnualCostOfTime_BuyCar: #REF!
Name AnnualCostOfTime_Ridesharing: #REF!
Name AnnualFareCost: #REF!
Name AnnualFuelCost: #REF!
Name AnnualPurchaseCost: #REF!
Name AnnualUsageCost: #REF!
Name AveDistancePerTrip: Summary!$D$24
Name AveParkingTime: #REF!
Name AverageTripsPerDay: Summary!$D$19
Name AveSurgeMultiplier: #REF!
Name AveTimePerTrip: Summary!$D$20
Name AveWaitTime: #REF!
Name BaseFare: #REF!
Name DistanceFare: #REF!
Name DownPayment: #REF!
Name FuelCost: #REF!
Name FuelEfficiency: #REF!
Name GarageExpenses: #REF!
Name GaragePropertyTax: #REF!
Name Insurance: #REF!
Name InterestRate: #REF!
Name LoanTerm: #REF!
Name MaintenanceAndRepairs: #REF!
Name Parking: #REF!
Name PercentRideDuringSurge: #REF!
Name PriceOfCar: #REF!
Name ProductivePercent: #REF!
Name PurchaseFees: #REF!
Name RatePerHour: Summary!$D$65
Name RegistrationAndTaxes: #REF!
Name SalesTax: #REF!
Name TimeFare: #REF!
Name TotalMileage: Summary!#REF!

Sheet Summary
B2: ICF FULL Report
C4: Report ID | D4: CSR_08/04/2026 | G4: Generated doc
C5: AW version | D5: Sandbox | G5: Clean Ver
C6: Generated By | D6: Paras | G6: Date | J6: 46120
G7: No. of Pages
C8: Remarks | G8: Generation Time
C11: Destination Template | E11: .docx - 2 pages
C12: Source Documents | D12: Protocol Example (28Sep2023) 1
C13: Doc Type | D13: .docx | E13: .docx | G13: .rtf
C14: No. of Pages
B16: Placeholder Analysis | G16: Accuracy Analysis
B17: Column1 | C17: Column2 | D17: Column3 | E17: Column4
D18: Count | E18: Replaced
C19: Total Placeholders Identified | D19: =COUNTA(QA!A3:'QA'!A49) -> 47 | E19: =COUNTA(QA!G3:'QA'!G48) -> 32
C20: Unique Placeholders | D20: =COUNTA(_xlfn.UNIQUE(QA!A3:'QA'!A49)) -> 26
C21: Paragraph Placeholders | D21: =COUNTIF(QA!C3:'QA'!C49, "=Paragraph") -> 10
C22: Inline Placeholders | D22: =COUNTIF(QA!C3:'QA'!C49, "=Inline") -> 0
C23: List Placeholders | D23: =COUNTIF(QA!C3:'QA'!C49, "=List") -> 0
C24: Table Placeholders | D24: =COUNTIF(QA!C3:'QA'!C49, "=Table") -> 6 | E24: 3
C25: Multi Tables Placeholders | D25: =COUNTIF(QA!C3:'QA'!C49, "=MultiTable") -> 0
C26: Figure Placeholders | D26: =COUNTIF(QA!C3:'QA'!C49, "=Figure") -> 0
B28: Inline placeholders
B29: Column1 | C29: Column2 | D29: Column3 | E29: Column4
C30: Total Inline placeholders | D30: =COUNTA(Inline!A3:'Inline'!A500) -> 1 | E30: QA/Debugging ↓ | G30: Remarks
C31: Inline Replaced | D31: =COUNTA(Inline!G3:'Inline'!G500) -> 0 | E31: =D31/D30 -> 0
C32: Inline Replaced correctly | D32: =COUNTIF(Inline!J3:J27, ">0.7") -> 0 | E32: =D32*100%/D31 -> #DIV/0!
C33: Inline Formatted correctly | D33: =D32 -> 0 | E33: =D33*100%/D32 -> #DIV/0!
B35: Paragraph placeholders
B36: Column1 | C36: Column2 | D36: Column3 | E36: Column4
C37: Total paragraph placeholders | D37: =COUNTA(Paragraph!A3:'Paragraph'!A500) -> 45 | E37: QA/Debugging ↓ | G37: Remarks
C38: Paragraphs Replaced | D38: =COUNTA(Paragraph!G3:'Paragraph'!G500) -> 45 | E38: =Table685[[#This Row],[Column3]]/D37 -> 1
C39: Paragraphs Replaced correctly | D39: =COUNTIF(Paragraph!J3:J27, ">0.7") -> 2 | E39: =Table685[[#This Row],[Column3]]/D38 -> 0.044444444
C40: Paragraphs Formatted correctly | D40: =D39 -> 2 | E40: =Table685[[#This Row],[Column3]]/D39 -> 1
B42: KeyValue placeholders
B43: Column1 | C43: Column2 | D43: Column3 | E43: Column4
C44: Total paragraph placeholders | D44: =COUNTA(KeyValue!A3:'KeyValue'!A500) -> 50 | E44: QA/Debugging ↓ | G44: Remarks
C45: KeyValues Replaced | D45: =(COUNTA(_xlfn.UNIQUE(KeyValue!G3:'KeyValue'!G500))) -> 16 | E45: =Table687[[#This Row],[Column3]]/D44 -> 0.32
C46: KeyValues Replaced correctly | D46: =COUNTIF(KeyValue!J3:J27, ">0.7") -> 13 | E46: =Table687[[#This Row],[Column3]]/D45 -> 0.8125
C47: keyValues Formatted correctly | D47: =D46 -> 13 | E47: =Table687[[#This Row],[Column3]]/D46 -> 1
B49: Table placeholders
B50: Column1 | C50: Column2 | D50: Column3 | E50: Column4
C51: Total Tables Expected | D51: =COUNTA(Table!A3:'Table'!A500) -> 6 | E51: QA/Debugging ↓ | G51: Remarks
C52: Tables Replaced | D52: =COUNTA(Table!G3:'Table'!G500) -> 6 | E52: =D52/D51 -> 1
C53: Tables content replaced correctly | D53: =COUNTIF(QA!X17:X518,"yes") -> 0 | E53: =D53/D52 -> 0
C54: Tables Formatted correctly | D54: =D53 -> 0 | E54: =D54/D53 -> #DIV/0!
B56: Multi Table placeholders
B57: Column1 | C57: Column2 | D57: Column3 | E57: Column4
C58: Total Tables Expected | D58: 0 | E58: QA/Debugging ↓ | G58: Remarks
C59: Tables Replaced | D59: 0
C60: Tables content replaced correctly | D60: 0
C61: Tables Formatted correctly | D61: 0
B63: Figure placeholders
B64: Column1 | C64: Column2 | D64: Column3 | E64: Column4
C65: Total Tables Expected | D65: 0 | E65: QA/Debugging ↓ | G65: Remarks
C66: Tables Replaced | D66: 0
C67: Tables content replaced correctly | D67: 0
C68: Tables Formatted correctly | D68: 0

Sheet QA
R1: Table | AF1: Paragraph
A2: Placeholder | B2: Column1 | C2: Placeholder Type | D2: Expected Value | E2: Source Document | F2: Writing instruction | G2: AI Replaced Text | H2: Ai detected Source | I2: Matching Accuracy | J2: Similarity Score | K2: Source Match | R2: Expected Rows | S2: Expected Colunms | T2: Expected Footnote | U2: AI replaced Rows | V2: AI replaced Colunms | W2: AI replaced Footnotes | X2: Alignment(yes/no) | Z2: Number of point | AA2: AI Number of point | AB2: Point matching(yes/no) | AC2: Status(with formula) | AD2: Status(human) | AF2: Header Availablity | AG2: AI Header Availablity | AH2: Status(True/false) | AI2: Content matching status
A3: <Sponsor Name> | C3: KeyValue | D3: Stendarr, Inc. | E3: Protocol Example (28Sep2023) 1 | F3: Insert the official sponsor name in line with protocol header formatting. | G3: Stendarr, Inc. | I3: {=_xldudf_BOARDFLARE_FMATCH(G3,D3)} -> #VALUE! | J3: =IF(M3>O3, M3,O3) -> 0.99 | L3: {=_xldudf_BOARDFLARE_FMATCH(G3,D3)} -> #VALUE! | M3: {=_FV(L3,"Similarity",TRUE)} -> 0.99 | N3: {=_xldudf_BOARDFLARE_FMATCH(D3,G3)} -> #VALUE! | O3: {=_FV(N3,"Similarity",TRUE)} -> 0.85
A4: <Protocol Number> | C4: KeyValue | D4: SKY-2000-101 | E4: Protocol Example (28Sep2023) 1 | F4: Insert the official protocol number in the format used in the source document. | G4: SKY-2000-101 | I4: {=_xldudf_BOARDFLARE_FMATCH(G4,D4)} -> #VALUE! | J4: =IF(M4>O4, M4,O4) -> 1 | L4: {=_xldudf_BOARDFLARE_FMATCH(G4,D4)} -> #VALUE! | M4: {=_FV(L4,"Similarity",TRUE)} -> 1 | N4: {=_xldudf_BOARDFLARE_FMATCH(D4,G4)} -> #VALUE! | O4: {=_FV(N4,"Similarity",TRUE)} -> 0.92
A5: <Principal Investigator Name> | C5: KeyValue | D5: Karliah N. Gale, MD​profe​ | E5: Protocol Example (28Sep2023) 1 | I5: {=_xldudf_BOARDFLARE_FMATCH(G5,D5)} -> #VALUE! | J5: =IF(M5>O5, M5,O5) -> 0 | L5: {=_xldudf_BOARDFLARE_FMATCH(G5,D5)} -> #VALUE! | M5: {=_FV(L5,"Similarity",TRUE)} -> 0 | N5: {=_xldudf_BOARDFLARE_FMATCH(D5,G5)} -> #VALUE! | O5: {=_FV(N5,"Similarity",TRUE)} -> 0
A6: <IRB Company Name> | C6: KeyValue | D6: Stendarr, Inc. | E6: Protocol Example (28Sep2023) 1 | F6: Insert the IRB company name in a concise, inline format. | G6: Stendarr, Inc. | I6: {=_xldudf_BOARDFLARE_FMATCH(G6,D6)} -> #VALUE! | J6: =IF(M6>O6, M6,O6) -> 0.99 | L6: {=_xldudf_BOARDFLARE_FMATCH(G6,D6)} -> #VALUE! | M6: {=_FV(L6,"Similarity",TRUE)} -> 0.99 | N6: {=_xldudf_BOARDFLARE_FMATCH(D6,G6)} -> #VALUE! | O6: {=_FV(N6,"Similarity",TRUE)} -> 0.85
A7: <Sponsor> | C7: KeyValue | D7: Stendarr, Inc. | E7: Protocol Example (28Sep2023) 1 | F7: Insert the sponsor's name in line with the protocol header formatting. | G7: Stendarr, Inc. | I7: {=_xldudf_BOARDFLARE_FMATCH(G7,D7)} -> #VALUE! | J7: =IF(M7>O7, M7,O7) -> 0.99 | L7: {=_xldudf_BOARDFLARE_FMATCH(G7,D7)} -> #VALUE! | M7: {=_FV(L7,"Similarity",TRUE)} -> 0.99 | N7: {=_xldudf_BOARDFLARE_FMATCH(D7,G7)} -> #VALUE! | O7: {=_FV(N7,"Similarity",TRUE)} -> 0.85
A8: <Full protocol title> | C8: Paragraph | D8: A First-In-Human, Phase 1, Randomized, Double-Blind, Placebo-Controlled Study to Evaluate the Safety, Tolerability, and Pharmacokinetics of ABC-123 as a Single Dose in Healthy Participants and as Multiple Doses in Participants with Grade 2 Boneitis | E8: Protocol Example (28Sep2023) 1 | F8: Insert the full protocol title verbatim, maintaining inline continuity. | G8: A First-In-Human, Phase 1, Randomized, Double-Blind, Placebo-Controlled Study to Evaluate the Safety, Tolerability, and Pharmacokinetics of ABC-123 as a Single Dose in Healthy Participants and as Multiple Doses in Participants with Grade 2 Boneitis | I8: {=_xldudf_BOARDFLARE_FMATCH(G8,D8)} -> #VALUE! | J8: =IF(M8>O8, M8,O8) -> 0.61 | L8: {=_xldudf_BOARDFLARE_FMATCH(G8,D8)} -> #VALUE! | M8: {=_FV(L8,"Similarity",TRUE)} -> 0.61 | N8: {=_xldudf_BOARDFLARE_FMATCH(D8,G8)} -> #VALUE! | O8: {=_FV(N8,"Similarity",TRUE)} -> 0.6 | AF8: yes | AG8: yes | AH8: =AF8=AG8 -> TRUE | AI8: =Table113[[#This Row],[Expected Value]]=Table113[[#This Row],[AI Replaced Text]] -> FALSE
A9: <Protocol Number> | C9: KeyValue | D9: SKY-2000-101 | E9: Protocol Example (28Sep2023) 1 | F9: Insert the official protocol number in the format used in the source document. | G9: SKY-2000-101 | I9: {=_xldudf_BOARDFLARE_FMATCH(G9,D9)} -> #VALUE! | J9: =IF(M9>O9, M9,O9) -> 1 | L9: {=_xldudf_BOARDFLARE_FMATCH(G9,D9)} -> #VALUE! | M9: {=_FV(L9,"Similarity",TRUE)} -> 1 | N9: {=_xldudf_BOARDFLARE_FMATCH(D9,G9)} -> #VALUE! | O9: {=_FV(N9,"Similarity",TRUE)} -> 0.92
A10: <Principal Investigator Name> | C10: KeyValue | D10: Karliah N. Gale, MD​profe​ | E10: Protocol Example (28Sep2023) 1 | I10: {=_xldudf_BOARDFLARE_FMATCH(G10,D10)} -> #VALUE! | J10: =IF(M10>O10, M10,O10) -> 0 | L10: {=_xldudf_BOARDFLARE_FMATCH(G10,D10)} -> #VALUE! | M10: {=_FV(L10,"Similarity",TRUE)} -> 0 | N10: {=_xldudf_BOARDFLARE_FMATCH(D10,G10)} -> #VALUE! | O10: {=_FV(N10,"Similarity",TRUE)} -> 0
A11: <Telephone> | C11: KeyValue | D11: 555-999-1111 | E11: Protocol Example (28Sep2023) 1 | F11: Insert the Principal Investigator's telephone number in standard format after 'Telephone:'. | I11: {=_xldudf_BOARDFLARE_FMATCH(G11,D11)} -> #VALUE! | J11: =IF(M11>O11, M11,O11) -> 0 | L11: {=_xldudf_BOARDFLARE_FMATCH(G11,D11)} -> #VALUE! | M11: {=_FV(L11,"Similarity",TRUE)} -> 0 | N11: {=_xldudf_BOARDFLARE_FMATCH(D11,G11)} -> #VALUE! | O11: {=_FV(N11,"Similarity",TRUE)} -> 0 | AH11: =AF11=AG11 -> TRUE | AI11: =O11=R11 -> TRUE
A12: <Address> | C12: KeyValue | D12: 123 Fake Street, Anytown, CO, USA 80002 | E12: Protocol Example (28Sep2023) 1 | F12: Insert the registered address in standard mailing format, maintaining inline continuity. | G12: 123 Fake Street, Anytown, CO, USA 80002 | I12: {=_xldudf_BOARDFLARE_FMATCH(G12,D12)} -> #VALUE! | J12: =IF(M12>O12, M12,O12) -> 0.93 | L12: {=_xldudf_BOARDFLARE_FMATCH(G12,D12)} -> #VALUE! | M12: {=_FV(L12,"Similarity",TRUE)} -> 0.93 | N12: {=_xldudf_BOARDFLARE_FMATCH(D12,G12)} -> #VALUE! | O12: {=_FV(N12,"Similarity",TRUE)} -> 0.79 | AH12: =AF12=AG12 -> TRUE | AI12: =O12=R12 -> FALSE
A13: <Sponsor Name> | C13: KeyValue | D13: Stendarr, Inc. | E13: Protocol Example (28Sep2023) 1 | F13: Insert the official sponsor name in line with protocol header formatting. | G13: Stendarr, Inc. | I13: {=_xldudf_BOARDFLARE_FMATCH(G13,D13)} -> #VALUE! | J13: =IF(M13>O13, M13,O13) -> 0.99 | L13: {=_xldudf_BOARDFLARE_FMATCH(G13,D13)} -> #VALUE! | M13: {=_FV(L13,"Similarity",TRUE)} -> 0.99 | N13: {=_xldudf_BOARDFLARE_FMATCH(D13,G13)} -> #VALUE! | O13: {=_FV(N13,"Similarity",TRUE)} -> 0.85 | AH13: =AF13=AG13 -> TRUE | AI13: =O13=R13 -> FALSE
A14: <Protocol Number> | C14: KeyValue | D14: SKY-2000-101 | E14: Protocol Example (28Sep2023) 1 | F14: Insert the official protocol number in the format used in the source document. | G14: SKY-2000-101 | I14: {=_xldudf_BOARDFLARE_FMATCH(G14,D14)} -> #VALUE! | J14: =IF(M14>O14, M14,O14) -> 1 | L14: {=_xldudf_BOARDFLARE_FMATCH(G14,D14)} -> #VALUE! | M14: {=_FV(L14,"Similarity",TRUE)} -> 1 | N14: {=_xldudf_BOARDFLARE_FMATCH(D14,G14)} -> #VALUE! | O14: {=_FV(N14,"Similarity",TRUE)} -> 0.92
A15: <Principal Investigator Name> | C15: KeyValue | D15: Karliah N. Gale, MD​profe​ | E15: Protocol Example (28Sep2023) 1 | I15: {=_xldudf_BOARDFLARE_FMATCH(G15,D15)} -> #VALUE! | J15: =IF(M15>O15, M15,O15) -> 0 | L15: {=_xldudf_BOARDFLARE_FMATCH(G15,D15)} -> #VALUE! | M15: {=_FV(L15,"Similarity",TRUE)} -> 0 | N15: {=_xldudf_BOARDFLARE_FMATCH(D15,G15)} -> #VALUE! | O15: {=_FV(N15,"Similarity",TRUE)} -> 0
A16: <IRB Company Name> | C16: KeyValue | D16: Stendarr, Inc. | E16: Protocol Example (28Sep2023) 1 | F16: Insert the IRB company name in a concise, inline format. | G16: Stendarr, Inc. | I16: {=_xldudf_BOARDFLARE_FMATCH(G16,D16)} -> #VALUE! | J16: =IF(M16>O16, M16,O16) -> 0.99 | L16: {=_xldudf_BOARDFLARE_FMATCH(G16,D16)} -> #VALUE! | M16: {=_FV(L16,"Similarity",TRUE)} -> 0.99 | N16: {=_xldudf_BOARDFLARE_FMATCH(D16,G16)} -> #VALUE! | O16: {=_FV(N16,"Similarity",TRUE)} -> 0.85 | AH16: =AF16=AG16 -> TRUE | AI16: =O16=R16 -> FALSE
A17: <disease> | C17: KeyValue | D17: Boneitis | E17: Protocol Example (28Sep2023) 1 | I17: {=_xldudf_BOARDFLARE_FMATCH(G17,D17)} -> #VALUE! | J17: =IF(M17>O17, M17,O17) -> 0 | L17: {=_xldudf_BOARDFLARE_FMATCH(G17,D17)} -> #VALUE! | M17: {=_FV(L17,"Similarity",TRUE)} -> 0 | N17: {=_xldudf_BOARDFLARE_FMATCH(D17,G17)} -> #VALUE! | O17: {=_FV(N17,"Similarity",TRUE)} -> 0
A18: <brief lay description of disease> | C18: Paragraph | D18: ABC-123 is intended for use in patients with boneitis, a disease that causes bones to change shape or disappear. | E18: Protocol Example (28Sep2023) 1 | F18: Provide a brief, clear lay description of boneitis to fit seamlessly within the sentence. | G18: a disease that causes bones to change shape or disappear | I18: {=_xldudf_BOARDFLARE_FMATCH(G18,D18)} -> #VALUE! | J18: =IF(M18>O18, M18,O18) -> 0.79 | L18: {=_xldudf_BOARDFLARE_FMATCH(G18,D18)} -> #VALUE! | M18: {=_FV(L18,"Similarity",TRUE)} -> 0.79 | N18: {=_xldudf_BOARDFLARE_FMATCH(D18,G18)} -> #VALUE! | O18: {=_FV(N18,"Similarity",TRUE)} -> 0 | AF18: yes | AG18: yes | AH18: =AF18=AG18 -> TRUE | AI18: =Table113[[#This Row],[Expected Value]]=Table113[[#This Row],[AI Replaced Text]] -> FALSE
A19: <type of study (eg, first-in-human, Phase 1, Phase 2)> | C19: Paragraph | D19: The SAD portion of this study is a standard design for first-in-human testing with a monoclonal antibody. In addition, a 4-week repeated dose cohort will allow confirmation of the safety, tolerability, and repeat-dose PK and immunogenicity in the target population prior to proceeding to subsequent repeat-dose studies in a patient population. | E19: Protocol Example (28Sep2023) 1 | F19: Provide the study type in concise, inline format (e.g., first-in-human, Phase 1) to maintain paragraph continuity. | G19: first-in-human, Phase 1 | I19: {=_xldudf_BOARDFLARE_FMATCH(G19,D19)} -> #VALUE! | J19: =IF(M19>O19, M19,O19) -> 0 | L19: {=_xldudf_BOARDFLARE_FMATCH(G19,D19)} -> #VALUE! | M19: {=_FV(L19,"Similarity",TRUE)} -> 0 | N19: {=_xldudf_BOARDFLARE_FMATCH(D19,G19)} -> #VALUE! | O19: {=_FV(N19,"Similarity",TRUE)} -> 0 | AF19: yes | AG19: no | AH19: =AF19=AG19 -> FALSE | AI19: =Table113[[#This Row],[Expected Value]]=Table113[[#This Row],[AI Replaced Text]] -> FALSE
A20: <XX participants> | C20: KeyValue | D20: 56 participants | E20: Protocol Example (28Sep2023) 1 | F20: Provide the maximum number of participants expected in this study, formatted for inline continuity. | G20: up to 28 participants | I20: {=_xldudf_BOARDFLARE_FMATCH(G20,D20)} -> #VALUE! | J20: =IF(M20>O20, M20,O20) -> 0.57 | L20: {=_xldudf_BOARDFLARE_FMATCH(G20,D20)} -> #VALUE! | M20: {=_FV(L20,"Similarity",TRUE)} -> 0.57 | N20: {=_xldudf_BOARDFLARE_FMATCH(D20,G20)} -> #VALUE! | O20: {=_FV(N20,"Similarity",TRUE)} -> 0.55 | AF20: yes
A21: <Brief lay description of study design including purpose/objectives> | C21: Table | D21: Objectives/Endpoints: The following objectives and endpoints will be evaluated in healthy participants during the SAD component of the study and in participants with boneitis in the repeat-dose component of the study. Objectives Endpoints Primary To assess the safety and tolerability after 4 weeks of exposure following single ascending doses of ABC-123 Number of participants with serious and other nonserious AEs Secondary To assess the safety and tolerability following repeated doses over 4 weeks of ABC-123 Number of participants with serious and other nonserious AEs To characterize PK of ABC-123 following single ascending doses Cmax and AUClast To characterize the PK of ABC-123 following repeated doses Cmax and AUClast Exploratory To explore additional PK characteristics of ABC-123 following single ascending doses Tmax, Clast, Tlast, AUCinf, CL, V, and t1/2 To explore additional PK characteristics of ABC-123 following repeated doses Tmax, Clast, Tlast, AUCinf, CL, V, and t1/2 To explore effects of ABC-123 on clinical laboratory assessments, 12-lead ECG, and vital signs following single ascending doses Incidence of clinically significant changes in laboratory parameters, 12-lead ECG parameters, and vital signs measurements To explore effects of ABC-123 on clinical laboratory assessments, 12-lead ECG, and vital signs following repeated doses Incidence of clinically significant changes in laboratory parameters, 12-lead ECG parameters, and vital signs measurements To explore the impact of ADA on the PK profile of ABC-123 following single ascending doses Impact of ADA on AUC or impact on overall exposure of ABC-123 To explore the impact of ADA on the PK profile of ABC-123 following repeated doses Impact of ADA on AUC or impact on overall exposure of ABC-123 To explore the effects on eating behavior in participants following single ascending doses of ABC-123 Hunger, satiety, and appetite VAS scores Abbreviations: ADA = antidrug antibodies; AE = adverse event. | E21: Protocol Example (28Sep2023) 1 | F21: Write a brief lay description of the study design, purpose, and objectives suitable for participant information. | G21: <li>This study is designed to test ABC-123, a new therapy, in healthy volunteers and participants with boneitis.</li><li>The purpose is to evaluate safety, tolerability, and pharmacodynamic effects of ABC-123.</li><li>The study includes a single ascending dose (SAD) portion that is double-blind, randomized, and placebo-controlled.</li><liParticipants may help advance treatment options for boneitis and contribute to medical research.</li> | I21: {=_xldudf_BOARDFLARE_FMATCH(G21,D21)} -> #VALUE! | J21: =IF(M21>O21, M21,O21) -> 0 | L21: {=_xldudf_BOARDFLARE_FMATCH(G21,D21)} -> #VALUE! | M21: {=_FV(L21,"Similarity",TRUE)} -> 0 | N21: {=_xldudf_BOARDFLARE_FMATCH(D21,G21)} -> #VALUE! | O21: {=_FV(N21,"Similarity",TRUE)} -> 0 | R21: 16 | S21: 2 | T21: Abbreviations: ADA = antidrug antibodies; AE = adverse event. | U21: NA | V21: NA | W21: NA | X21: no | AF21: yes
A22: <lay terminology for SAD portion of study> | C22: Paragraph | D22: All screening tests establishing eligibility will be performed following informed consent and within 35 days prior to study intervention administration. Participants will reside at the CRU from Day 2 to Day 5 and Day 28 to Day 33 and will receive SC 150 mg ABC-123 (6 participants) or placebo (2 participants) every other week for 3 doses. The actual dose and regimen selected for this part of the study will be based on the safety, tolerability, and PK of ABC-123 as determined during the ongoing SAD component of the study. To account for anticipated accumulation, the dose selected for the repeat-dose cohort will not exceed 50% of a dose that has previously been shown to be safe and well tolerated in the single-dose cohort. Sentinel dosing is not required during this part of the study. Participants must not have been enrolled in the SAD component. | E22: Protocol Example (28Sep2023) 1 | F22: Provide a concise lay term for the SAD portion of the study, matching the flow for an inline reference. | G22: the single-dose part of the study | I22: {=_xldudf_BOARDFLARE_FMATCH(G22,D22)} -> #VALUE! | J22: =IF(M22>O22, M22,O22) -> 0 | L22: {=_xldudf_BOARDFLARE_FMATCH(G22,D22)} -> #VALUE! | M22: {=_FV(L22,"Similarity",TRUE)} -> 0 | N22: {=_xldudf_BOARDFLARE_FMATCH(D22,G22)} -> #VALUE! | O22: {=_FV(N22,"Similarity",TRUE)} -> 0 | AF22: yes | AG22: no | AH22: =AF22=AG22 -> FALSE | AI22: =Table113[[#This Row],[Expected Value]]=Table113[[#This Row],[AI Replaced Text]] -> FALSE
A23: <XX applicable time unit> | C23: KeyValue | D23: 5 week | E23: Protocol Example (28Sep2023) 1 | F23: Replace the placeholder with the estimated total time commitment (in appropriate units) for study participation. | G23: 2 to 4 weeks | I23: {=_xldudf_BOARDFLARE_FMATCH(G23,D23)} -> #VALUE! | J23: =IF(M23>O23, M23,O23) -> 0.59 | L23: {=_xldudf_BOARDFLARE_FMATCH(G23,D23)} -> #VALUE! | M23: {=_FV(L23,"Similarity",TRUE)} -> 0 | N23: {=_xldudf_BOARDFLARE_FMATCH(D23,G23)} -> #VALUE! | O23: {=_FV(N23,"Similarity",TRUE)} -> 0.59 | AF23: yes
A24: <lay terminology for route of administration of study drug> | C24: Table | D24: Arm Name ABC-123 Placebo Intervention Name ABC-123 Placebo (blinded) Type Blorp inductor NA Dose Formulation Injectable solution Injectable solution Unit Dose Strength(s) 150 mg/mL Matching placebo Dosage Level(s) SAD 5 mg with approximate half-log escalations NA Repeat-dose Proposed dose level: 150 mg every other week for 3 doses (to be confirmed based on SAD data) NA Route of Administration Subcutaneous Subcutaneous Use Experimental Placebo IMP and NIMP IMP IMP Sourcing Provided centrally by the Sponsor Provided centrally by the Sponsor Packaging and Labeling ABC-123 will be provided in glass vials. Each vial will be labeled as required per FDA requirements. Placebo will be provided in matching glass vials. Each vial will be labeled per FDA requirements. | E24: Protocol Example (28Sep2023) 1 | F24: Replace with a lay term for subcutaneous administration of the study drug. | G24: shot under the skin | I24: {=_xldudf_BOARDFLARE_FMATCH(G24,D24)} -> #VALUE! | J24: =IF(M24>O24, M24,O24) -> 0 | L24: {=_xldudf_BOARDFLARE_FMATCH(G24,D24)} -> #VALUE! | M24: {=_FV(L24,"Similarity",TRUE)} -> 0 | N24: {=_xldudf_BOARDFLARE_FMATCH(D24,G24)} -> #VALUE! | O24: {=_FV(N24,"Similarity",TRUE)} -> 0 | R24: 13 | S24: 3 | T24: Abbreviations: FDA = Food and Drug Administration; IMP = investigational medicinal product; NA = not applicable; NIMP = noninvestigational medicinal product. | U24: NA | V24: NA | W24: NA | X24: no | AF24: yes
A25: <study drug ID> | C25: KeyValue | D25: ABC-123 | E25: Protocol Example (28Sep2023) 1 | I25: {=_xldudf_BOARDFLARE_FMATCH(G25,D25)} -> #VALUE! | J25: =IF(M25>O25, M25,O25) -> 0 | L25: {=_xldudf_BOARDFLARE_FMATCH(G25,D25)} -> #VALUE! | M25: {=_FV(L25,"Similarity",TRUE)} -> 0 | N25: {=_xldudf_BOARDFLARE_FMATCH(D25,G25)} -> #VALUE! | O25: {=_FV(N25,"Similarity",TRUE)} -> 0 | AF25: yes
A26: <lay terminology for repeat-dose portion of study> | C26: Paragraph | D26: The SAD portion of this study is a standard design for first-in-human testing with a monoclonal antibody. In addition, a 4-week repeated dose cohort will allow confirmation of the safety, tolerability, and repeat-dose PK and immunogenicity in the target population prior to proceeding to subsequent repeat-dose studies in a patient population. | E26: Protocol Example (28Sep2023) 1 | I26: {=_xldudf_BOARDFLARE_FMATCH(G26,D26)} -> #VALUE! | J26: =IF(M26>O26, M26,O26) -> 0 | L26: {=_xldudf_BOARDFLARE_FMATCH(G26,D26)} -> #VALUE! | M26: {=_FV(L26,"Similarity",TRUE)} -> 0 | N26: {=_xldudf_BOARDFLARE_FMATCH(D26,G26)} -> #VALUE! | O26: {=_FV(N26,"Similarity",TRUE)} -> 0 | AF26: yes | AG26: no | AH26: =AF26=AG26 -> FALSE | AI26: =Table113[[#This Row],[Expected Value]]=Table113[[#This Row],[AI Replaced Text]] -> FALSE
A27: <XX applicable time unit> | C27: KeyValue | D27: 5 week | E27: Protocol Example (28Sep2023) 1 | F27: Replace the placeholder with the estimated total time commitment (in appropriate units) for study participation. | G27: 2 to 4 weeks | I27: {=_xldudf_BOARDFLARE_FMATCH(G27,D27)} -> #VALUE! | J27: =IF(M27>O27, M27,O27) -> 0.59 | L27: {=_xldudf_BOARDFLARE_FMATCH(G27,D27)} -> #VALUE! | M27: {=_FV(L27,"Similarity",TRUE)} -> 0 | N27: {=_xldudf_BOARDFLARE_FMATCH(D27,G27)} -> #VALUE! | O27: {=_FV(N27,"Similarity",TRUE)} -> 0.59 | AF27: yes
A28: <lay terminology for route of administration of study drug> | C28: Table | D28: Arm Name ABC-123 Placebo Intervention Name ABC-123 Placebo (blinded) Type Blorp inductor NA Dose Formulation Injectable solution Injectable solution Unit Dose Strength(s) 150 mg/mL Matching placebo Dosage Level(s) SAD 5 mg with approximate half-log escalations NA Repeat-dose Proposed dose level: 150 mg every other week for 3 doses (to be confirmed based on SAD data) NA Route of Administration Subcutaneous Subcutaneous Use Experimental Placebo IMP and NIMP IMP IMP Sourcing Provided centrally by the Sponsor Provided centrally by the Sponsor Packaging and Labeling ABC-123 will be provided in glass vials. Each vial will be labeled as required per FDA requirements. Placebo will be provided in matching glass vials. Each vial will be labeled per FDA requirements. | E28: Protocol Example (28Sep2023) 1 | F28: Replace with a lay term for subcutaneous administration of the study drug. | G28: shot under the skin | I28: {=_xldudf_BOARDFLARE_FMATCH(G28,D28)} -> #VALUE! | J28: =IF(M28>O28, M28,O28) -> 0 | L28: {=_xldudf_BOARDFLARE_FMATCH(G28,D28)} -> #VALUE! | M28: {=_FV(L28,"Similarity",TRUE)} -> 0 | N28: {=_xldudf_BOARDFLARE_FMATCH(D28,G28)} -> #VALUE! | O28: {=_FV(N28,"Similarity",TRUE)} -> 0 | R28: 13 | S28: 3 | T28: Abbreviations: FDA = Food and Drug Administration; IMP = investigational medicinal product; NA = not applicable; NIMP = noninvestigational medicinal product. | U28: NA | V28: NA | W28: NA | X28: no | AF28: yes
A29: <study drug ID> | C29: KeyValue | D29: ABC-123 | E29: Protocol Example (28Sep2023) 1 | I29: {=_xldudf_BOARDFLARE_FMATCH(G29,D29)} -> #VALUE! | J29: =IF(M29>O29, M29,O29) -> 0 | L29: {=_xldudf_BOARDFLARE_FMATCH(G29,D29)} -> #VALUE! | M29: {=_FV(L29,"Similarity",TRUE)} -> 0 | N29: {=_xldudf_BOARDFLARE_FMATCH(D29,G29)} -> #VALUE! | O29: {=_FV(N29,"Similarity",TRUE)} -> 0 | AF29: yes | AH29: =AF29=AG29 -> FALSE | AI29: =O29=R29 -> TRUE
A30: <lay terminology for dosing regimen/duration> | C30: Paragraph | D30: Following Check-out from the CRU, all participants will return for Follow-up study visits up to 6 weeks post dosing in the first 3 cohorts and 10 weeks post dosing in the remaining cohorts as shown in the Schedule of Assessments | E30: Protocol Example (28Sep2023) 1 | F30: Rewrite the dosing regimen and duration in clear lay terms suitable for an informed consent document. | G30: every other week for 3 doses over up to 6 weeks | I30: {=_xldudf_BOARDFLARE_FMATCH(G30,D30)} -> #VALUE! | J30: =IF(M30>O30, M30,O30) -> 0 | L30: {=_xldudf_BOARDFLARE_FMATCH(G30,D30)} -> #VALUE! | M30: {=_FV(L30,"Similarity",TRUE)} -> 0 | N30: {=_xldudf_BOARDFLARE_FMATCH(D30,G30)} -> #VALUE! | O30: {=_FV(N30,"Similarity",TRUE)} -> 0 | AF30: yes | AG30: yes | AH30: =AF30=AG30 -> TRUE | AI30: =Table113[[#This Row],[Expected Value]]=Table113[[#This Row],[AI Replaced Text]] -> FALSE
A31: <CRO Name> | E31: Protocol Example (28Sep2023) 1 | I31: {=_xldudf_BOARDFLARE_FMATCH(G31,D31)} -> #VALUE! | J31: =IF(M31>O31, M31,O31) -> 0 | L31: {=_xldudf_BOARDFLARE_FMATCH(G31,D31)} -> #VALUE! | M31: {=_FV(L31,"Similarity",TRUE)} -> 0 | N31: {=_xldudf_BOARDFLARE_FMATCH(D31,G31)} -> #VALUE! | O31: {=_FV(N31,"Similarity",TRUE)} -> 0 | AF31: yes
A32: <Sponsor Name> | C32: KeyValue | D32: Stendarr, Inc. | E32: Protocol Example (28Sep2023) 1 | F32: Insert the official sponsor name in line with protocol header formatting. | G32: Stendarr, Inc. | I32: {=_xldudf_BOARDFLARE_FMATCH(G32,D32)} -> #VALUE! | J32: =IF(M32>O32, M32,O32) -> 0.99 | L32: {=_xldudf_BOARDFLARE_FMATCH(G32,D32)} -> #VALUE! | M32: {=_FV(L32,"Similarity",TRUE)} -> 0.99 | N32: {=_xldudf_BOARDFLARE_FMATCH(D32,G32)} -> #VALUE! | O32: {=_FV(N32,"Similarity",TRUE)} -> 0.85 | AF32: yes
A33: <Protocol Number> | C33: KeyValue | D33: SKY-2000-101 | E33: Protocol Example (28Sep2023) 1 | F33: Insert the official protocol number in the format used in the source document. | G33: SKY-2000-101 | I33: {=_xldudf_BOARDFLARE_FMATCH(G33,D33)} -> #VALUE! | J33: =IF(M33>O33, M33,O33) -> 1 | L33: {=_xldudf_BOARDFLARE_FMATCH(G33,D33)} -> #VALUE! | M33: {=_FV(L33,"Similarity",TRUE)} -> 1 | N33: {=_xldudf_BOARDFLARE_FMATCH(D33,G33)} -> #VALUE! | O33: {=_FV(N33,"Similarity",TRUE)} -> 0.92 | AF33: yes
A34: <Principal Investigator Name> | C34: KeyValue | D34: Karliah N. Gale, MD​profe​ | E34: Protocol Example (28Sep2023) 1 | I34: {=_xldudf_BOARDFLARE_FMATCH(G34,D34)} -> #VALUE! | J34: =IF(M34>O34, M34,O34) -> 0 | L34: {=_xldudf_BOARDFLARE_FMATCH(G34,D34)} -> #VALUE! | M34: {=_FV(L34,"Similarity",TRUE)} -> 0 | N34: {=_xldudf_BOARDFLARE_FMATCH(D34,G34)} -> #VALUE! | O34: {=_FV(N34,"Similarity",TRUE)} -> 0 | AF34: yes
A35: <IRB Company Name> | C35: KeyValue | D35: Stendarr, Inc. | E35: Protocol Example (28Sep2023) 1 | F35: Insert the IRB company name in a concise, inline format. | G35: Stendarr, Inc. | I35: {=_xldudf_BOARDFLARE_FMATCH(G35,D35)} -> #VALUE! | J35: =IF(M35>O35, M35,O35) -> 0.99 | L35: {=_xldudf_BOARDFLARE_FMATCH(G35,D35)} -> #VALUE! | M35: {=_FV(L35,"Similarity",TRUE)} -> 0.99 | N35: {=_xldudf_BOARDFLARE_FMATCH(D35,G35)} -> #VALUE! | O35: {=_FV(N35,"Similarity",TRUE)} -> 0.85 | AF35: yes | AH35: =AF35=AG35 -> FALSE | AI35: =O35=R35 -> FALSE
A36: <disease> | C36: KeyValue | D36: Boneitis | E36: Protocol Example (28Sep2023) 1 | F36: Insert the disease name treated by the investigational drug, formatted for inline continuity. | G36: boneitis | I36: {=_xldudf_BOARDFLARE_FMATCH(G36,D36)} -> #VALUE! | J36: =IF(M36>O36, M36,O36) -> 1 | L36: {=_xldudf_BOARDFLARE_FMATCH(G36,D36)} -> #VALUE! | M36: {=_FV(L36,"Similarity",TRUE)} -> 1 | N36: {=_xldudf_BOARDFLARE_FMATCH(D36,G36)} -> #VALUE! | O36: {=_FV(N36,"Similarity",TRUE)} -> 1 | AF36: yes | AH36: =AF36=AG36 -> FALSE | AI36: =O36=R36 -> FALSE
A37: <brief lay description of disease> | C37: Paragraph | D37: ABC-123 is intended for use in patients with boneitis, a disease that causes bones to change shape or disappear. | E37: Protocol Example (28Sep2023) 1 | F37: Provide a brief, clear lay description of boneitis to fit seamlessly within the sentence. | G37: a disease that causes bones to change shape or disappear | I37: {=_xldudf_BOARDFLARE_FMATCH(G37,D37)} -> #VALUE! | J37: =IF(M37>O37, M37,O37) -> 0.79 | L37: {=_xldudf_BOARDFLARE_FMATCH(G37,D37)} -> #VALUE! | M37: {=_FV(L37,"Similarity",TRUE)} -> 0.79 | N37: {=_xldudf_BOARDFLARE_FMATCH(D37,G37)} -> #VALUE! | O37: {=_FV(N37,"Similarity",TRUE)} -> 0 | AF37: yes | AG37: yes | AH37: =AF37=AG37 -> TRUE | AI37: =Table113[[#This Row],[Expected Value]]=Table113[[#This Row],[AI Replaced Text]] -> FALSE
A38: <Brief lay description of study design including purpose/objectives> | C38: Table | D38: Objectives/Endpoints: The following objectives and endpoints will be evaluated in healthy participants during the SAD component of the study and in participants with boneitis in the repeat-dose component of the study. Objectives Endpoints Primary To assess the safety and tolerability after 4 weeks of exposure following single ascending doses of ABC-123 Number of participants with serious and other nonserious AEs Secondary To assess the safety and tolerability following repeated doses over 4 weeks of ABC-123 Number of participants with serious and other nonserious AEs To characterize PK of ABC-123 following single ascending doses Cmax and AUClast To characterize the PK of ABC-123 following repeated doses Cmax and AUClast Exploratory To explore additional PK characteristics of ABC-123 following single ascending doses Tmax, Clast, Tlast, AUCinf, CL, V, and t1/2 To explore additional PK characteristics of ABC-123 following repeated doses Tmax, Clast, Tlast, AUCinf, CL, V, and t1/2 To explore effects of ABC-123 on clinical laboratory assessments, 12-lead ECG, and vital signs following single ascending doses Incidence of clinically significant changes in laboratory parameters, 12-lead ECG parameters, and vital signs measurements To explore effects of ABC-123 on clinical laboratory assessments, 12-lead ECG, and vital signs following repeated doses Incidence of clinically significant changes in laboratory parameters, 12-lead ECG parameters, and vital signs measurements To explore the impact of ADA on the PK profile of ABC-123 following single ascending doses Impact of ADA on AUC or impact on overall exposure of ABC-123 To explore the impact of ADA on the PK profile of ABC-123 following repeated doses Impact of ADA on AUC or impact on overall exposure of ABC-123 To explore the effects on eating behavior in participants following single ascending doses of ABC-123 Hunger, satiety, and appetite VAS scores Abbreviations: ADA = antidrug antibodies; AE = adverse event. | E38: Protocol Example (28Sep2023) 1 | F38: Write a brief, layperson-oriented paragraph describing the study design, including its main goals and what will be assessed. | G38: This study is being conducted to evaluate the safety and effects of a new investigational drug, ABC-123. It includes both healthy volunteers and participants with boneitis. The study will help researchers learn how the drug works in the body, how safe it is, and how it affects certain health measurements. The results will provide important information for future studies and may help identify the best dose and people who could benefit from ABC-123. | I38: {=_xldudf_BOARDFLARE_FMATCH(G38,D38)} -> #VALUE! | J38: =IF(M38>O38, M38,O38) -> 0 | L38: {=_xldudf_BOARDFLARE_FMATCH(G38,D38)} -> #VALUE! | M38: {=_FV(L38,"Similarity",TRUE)} -> 0 | N38: {=_xldudf_BOARDFLARE_FMATCH(D38,G38)} -> #VALUE! | O38: {=_FV(N38,"Similarity",TRUE)} -> 0 | R38: 16 | S38: 2 | T38: Abbreviations: ADA = antidrug antibodies; AE = adverse event. | U38: NA | V38: NA | W38: NA | X38: no | AF38: yes
A39: <lay terminology for SAD portion of study> | C39: Paragraph | D39: All screening tests establishing eligibility will be performed following informed consent and within 35 days prior to study intervention administration. Participants will reside at the CRU from Day 2 to Day 5 and Day 28 to Day 33 and will receive SC 150 mg ABC-123 (6 participants) or placebo (2 participants) every other week for 3 doses. The actual dose and regimen selected for this part of the study will be based on the safety, tolerability, and PK of ABC-123 as determined during the ongoing SAD component of the study. To account for anticipated accumulation, the dose selected for the repeat-dose cohort will not exceed 50% of a dose that has previously been shown to be safe and well tolerated in the single-dose cohort. Sentinel dosing is not required during this part of the study. Participants must not have been enrolled in the SAD component. | E39: Protocol Example (28Sep2023) 1 | F39: Provide a concise lay term for the SAD portion of the study, matching the flow for an inline reference. | G39: the single-dose part of the study | I39: {=_xldudf_BOARDFLARE_FMATCH(G39,D39)} -> #VALUE! | J39: =IF(M39>O39, M39,O39) -> 0 | L39: {=_xldudf_BOARDFLARE_FMATCH(G39,D39)} -> #VALUE! | M39: {=_FV(L39,"Similarity",TRUE)} -> 0 | N39: {=_xldudf_BOARDFLARE_FMATCH(D39,G39)} -> #VALUE! | O39: {=_FV(N39,"Similarity",TRUE)} -> 0 | AF39: yes | AG39: yes | AH39: =AF39=AG39 -> TRUE | AI39: =Table113[[#This Row],[Expected Value]]=Table113[[#This Row],[AI Replaced Text]] -> FALSE
A40: <X cohorts (or groups) of X participants> | C40: KeyValue | D40: 3 cohorts of 56 participants | E40: Protocol Example (28Sep2023) 1 | F40: Insert the number of cohorts and participants per cohort for the SAD phase in the format 'X cohorts of X participants'. | G40: 6 cohorts of 8 participants | I40: {=_xldudf_BOARDFLARE_FMATCH(G40,D40)} -> #VALUE! | J40: =IF(M40>O40, M40,O40) -> 0.63 | L40: {=_xldudf_BOARDFLARE_FMATCH(G40,D40)} -> #VALUE! | M40: {=_FV(L40,"Similarity",TRUE)} -> 0.63 | N40: {=_xldudf_BOARDFLARE_FMATCH(D40,G40)} -> #VALUE! | O40: {=_FV(N40,"Similarity",TRUE)} -> 0.63 | AF40: yes | AH40: =AF40=AG40 -> FALSE | AI40: =O40=R40 -> FALSE
A41: <lay terminology for route of administration of study drug> | C41: Table | D41: Arm Name ABC-123 Placebo Intervention Name ABC-123 Placebo (blinded) Type Blorp inductor NA Dose Formulation Injectable solution Injectable solution Unit Dose Strength(s) 150 mg/mL Matching placebo Dosage Level(s) SAD 5 mg with approximate half-log escalations NA Repeat-dose Proposed dose level: 150 mg every other week for 3 doses (to be confirmed based on SAD data) NA Route of Administration Subcutaneous Subcutaneous Use Experimental Placebo IMP and NIMP IMP IMP Sourcing Provided centrally by the Sponsor Provided centrally by the Sponsor Packaging and Labeling ABC-123 will be provided in glass vials. Each vial will be labeled as required per FDA requirements. Placebo will be provided in matching glass vials. Each vial will be labeled per FDA requirements. | E41: Protocol Example (28Sep2023) 1 | F41: Replace with a lay term for subcutaneous administration of the study drug. | G41: shot under the skin | I41: {=_xldudf_BOARDFLARE_FMATCH(G41,D41)} -> #VALUE! | J41: =IF(M41>O41, M41,O41) -> 0 | L41: {=_xldudf_BOARDFLARE_FMATCH(G41,D41)} -> #VALUE! | M41: {=_FV(L41,"Similarity",TRUE)} -> 0 | N41: {=_xldudf_BOARDFLARE_FMATCH(D41,G41)} -> #VALUE! | O41: {=_FV(N41,"Similarity",TRUE)} -> 0 | R41: 13 | S41: 3 | T41: Abbreviations: FDA = Food and Drug Administration; IMP = investigational medicinal product; NA = not applicable; NIMP = noninvestigational medicinal product. | U41: NA | V41: NA | W41: NA | X41: no | AF41: yes
A42: <study drug ID> | C42: KeyValue | D42: Abc-123 | E42: Protocol Example (28Sep2023) 1 | I42: {=_xldudf_BOARDFLARE_FMATCH(G42,D42)} -> #VALUE! | J42: =IF(M42>O42, M42,O42) -> 0 | L42: {=_xldudf_BOARDFLARE_FMATCH(G42,D42)} -> #VALUE! | M42: {=_FV(L42,"Similarity",TRUE)} -> 0 | N42: {=_xldudf_BOARDFLARE_FMATCH(D42,G42)} -> #VALUE! | O42: {=_FV(N42,"Similarity",TRUE)} -> 0 | AF42: yes
A43: <X mg> | C43: KeyValue | D43: 600 mg | E43: Protocol Example (28Sep2023) 1 | I43: {=_xldudf_BOARDFLARE_FMATCH(G43,D43)} -> #VALUE! | J43: =IF(M43>O43, M43,O43) -> 0 | L43: {=_xldudf_BOARDFLARE_FMATCH(G43,D43)} -> #VALUE! | M43: {=_FV(L43,"Similarity",TRUE)} -> 0 | N43: {=_xldudf_BOARDFLARE_FMATCH(D43,G43)} -> #VALUE! | O43: {=_FV(N43,"Similarity",TRUE)} -> 0 | AF43: yes
A44: <XXXX-fold> | C44: KeyValue | D44: 318 fold | E44: Protocol Example (28Sep2023) 1 | I44: {=_xldudf_BOARDFLARE_FMATCH(G44,D44)} -> #VALUE! | J44: =IF(M44>O44, M44,O44) -> 0 | L44: {=_xldudf_BOARDFLARE_FMATCH(G44,D44)} -> #VALUE! | M44: {=_FV(L44,"Similarity",TRUE)} -> 0 | N44: {=_xldudf_BOARDFLARE_FMATCH(D44,G44)} -> #VALUE! | O44: {=_FV(N44,"Similarity",TRUE)} -> 0 | AF44: yes | AH44: =AF44=AG44 -> FALSE | AI44: =O44=R44 -> TRUE
A45: <lay terminology summarizing design and enrollment plan for Cohort 1 with sentinel participants> | C45: Paragraph | D45: All screening tests establishing eligibility will be performed following informed consent and within 35 days prior to study intervention administration. Each participant will be enrolled in 1 dose cohort only; participants will reside at the Clinical Research Unit (CRU) from Day 2 to Day 8. In each cohort, participants will receive a subcutaneous (SC) dose of ABC-123 (6 participants) or placebo (2 participants) on Day 1. To assure safety and tolerability of the starting dose, 2 sentinel participants will be dosed first in Cohort 1 (1 active drug and 1 placebo to maintain study blinding); the remaining Cohort 1 participants may be dosed at least 48 hours later, after initial safety of the sentinel participants is confirmed by the Phase 1 Unit Principal Investigator in consultation with the Sponsor. | E45: Protocol Example (28Sep2023) 1 | F45: Summarize the design and enrollment plan for Cohort 1, explaining sentinel dosing in lay language. | G45: The first group (Cohort 1) will include 8 participants, with 2 participants (called sentinels) receiving the study drug or placebo first to monitor safety. If no safety concerns are found after 48 hours, the remaining participants in the group will receive their doses. | I45: {=_xldudf_BOARDFLARE_FMATCH(G45,D45)} -> #VALUE! | J45: =IF(M45>O45, M45,O45) -> 0 | L45: {=_xldudf_BOARDFLARE_FMATCH(G45,D45)} -> #VALUE! | M45: {=_FV(L45,"Similarity",TRUE)} -> 0 | N45: {=_xldudf_BOARDFLARE_FMATCH(D45,G45)} -> #VALUE! | O45: {=_FV(N45,"Similarity",TRUE)} -> 0 | AF45: yes | AG45: yes | AH45: =AF45=AG45 -> TRUE | AI45: =Table113[[#This Row],[Expected Value]]=Table113[[#This Row],[AI Replaced Text]] -> FALSE
A46: <Day X> | C46: KeyValue | D46: 7 day | E46: Protocol Example (28Sep2023) 1 | F46: Replace <Day X> with the specific number of days post-dose after which cohort data will be reviewed. | G46: 7 days post-dose | I46: {=_xldudf_BOARDFLARE_FMATCH(G46,D46)} -> #VALUE! | J46: =IF(M46>O46, M46,O46) -> 0.98 | L46: {=_xldudf_BOARDFLARE_FMATCH(G46,D46)} -> #VALUE! | M46: {=_FV(L46,"Similarity",TRUE)} -> 0 | N46: {=_xldudf_BOARDFLARE_FMATCH(D46,G46)} -> #VALUE! | O46: {=_FV(N46,"Similarity",TRUE)} -> 0.98 | AF46: yes | AH46: =AF46=AG46 -> FALSE | AI46: =O46=R46 -> FALSE
A47: <lay terminology for repeat-dose portion of study> | C47: Paragraph | D47: The SAD portion of this study is a standard design for first-in-human testing with a monoclonal antibody. In addition, a 4-week repeated dose cohort will allow confirmation of the safety, tolerability, and repeat-dose PK and immunogenicity in the target population prior to proceeding to subsequent repeat-dose studies in a patient population. | E47: Protocol Example (28Sep2023) 1 | I47: {=_xldudf_BOARDFLARE_FMATCH(G47,D47)} -> #VALUE! | J47: =IF(M47>O47, M47,O47) -> 0 | L47: {=_xldudf_BOARDFLARE_FMATCH(G47,D47)} -> #VALUE! | M47: {=_FV(L47,"Similarity",TRUE)} -> 0 | N47: {=_xldudf_BOARDFLARE_FMATCH(D47,G47)} -> #VALUE! | O47: {=_FV(N47,"Similarity",TRUE)} -> 0 | AF47: yes | AG47: no | AH47: =AF47=AG47 -> FALSE | AI47: =Table113[[#This Row],[Expected Value]]=Table113[[#This Row],[AI Replaced Text]] -> FALSE
A48: <X cohorts of X participants> | C48: KeyValue | D48: 3 cohorts of 56 participants | E48: Protocol Example (28Sep2023) 1 | F48: State the number of cohorts and participants for the repeat-dose portion of the study in the format 'X cohort(s) of X participants.' | G48: 1 cohort of 8 participants | I48: {=_xldudf_BOARDFLARE_FMATCH(G48,D48)} -> #VALUE! | J48: =IF(M48>O48, M48,O48) -> 0.58 | L48: {=_xldudf_BOARDFLARE_FMATCH(G48,D48)} -> #VALUE! | M48: {=_FV(L48,"Similarity",TRUE)} -> 0.57 | N48: {=_xldudf_BOARDFLARE_FMATCH(D48,G48)} -> #VALUE! | O48: {=_FV(N48,"Similarity",TRUE)} -> 0.58 | AF48: yes | AH48: =AF48=AG48 -> FALSE | AI48: =O48=R48 -> FALSE
A49: <lay terminology for route of administration of study drug> | C49: Table | D49: Arm Name ABC-123 Placebo Intervention Name ABC-123 Placebo (blinded) Type Blorp inductor NA Dose Formulation Injectable solution Injectable solution Unit Dose Strength(s) 150 mg/mL Matching placebo Dosage Level(s) SAD 5 mg with approximate half-log escalations NA Repeat-dose Proposed dose level: 150 mg every other week for 3 doses (to be confirmed based on SAD data) NA Route of Administration Subcutaneous Subcutaneous Use Experimental Placebo IMP and NIMP IMP IMP Sourcing Provided centrally by the Sponsor Provided centrally by the Sponsor Packaging and Labeling ABC-123 will be provided in glass vials. Each vial will be labeled as required per FDA requirements. Placebo will be provided in matching glass vials. Each vial will be labeled per FDA requirements. | E49: Protocol Example (28Sep2023) 1 | F49: Replace with a lay term for subcutaneous administration of the study drug. | G49: shot under the skin | I49: {=_xldudf_BOARDFLARE_FMATCH(G49,D49)} -> #VALUE! | J49: =IF(M49>O49, M49,O49) -> 0 | L49: {=_xldudf_BOARDFLARE_FMATCH(G49,D49)} -> #VALUE! | M49: {=_FV(L49,"Similarity",TRUE)} -> 0 | N49: {=_xldudf_BOARDFLARE_FMATCH(D49,G49)} -> #VALUE! | O49: {=_FV(N49,"Similarity",TRUE)} -> 0 | R49: 13 | S49: 3 | T49: Abbreviations: FDA = Food and Drug Administration; IMP = investigational medicinal product; NA = not applicable; NIMP = noninvestigational medicinal product. | U49: NA | V49: NA | W49: NA | X49: no | AF49: yes
A50: <study drug ID> | C50: KeyValue | D50: Abc-123 | E50: Protocol Example (28Sep2023) 1 | I50: {=_xldudf_BOARDFLARE_FMATCH(G50,D50)} -> #VALUE! | J50: =IF(M50>O50, M50,O50) -> 0 | L50: {=_xldudf_BOARDFLARE_FMATCH(G50,D50)} -> #VALUE! | M50: {=_FV(L50,"Similarity",TRUE)} -> 0 | N50: {=_xldudf_BOARDFLARE_FMATCH(D50,G50)} -> #VALUE! | O50: {=_FV(N50,"Similarity",TRUE)} -> 0 | AF50: yes
A51: <lay terminology for dosing regimen/duration> | C51: Paragraph | D51: Following Check-out from the CRU, all participants will return for Follow-up study visits up to 6 weeks post dosing in the first 3 cohorts and 10 weeks post dosing in the remaining cohorts as shown in the Schedule of Assessments | E51: Protocol Example (28Sep2023) 1 | F51: Rewrite the dosing regimen and duration in clear lay terms suitable for an informed consent document. | G51: every other week for 3 doses over up to 6 weeks | I51: {=_xldudf_BOARDFLARE_FMATCH(G51,D51)} -> #VALUE! | J51: =IF(M51>O51, M51,O51) -> 0 | L51: {=_xldudf_BOARDFLARE_FMATCH(G51,D51)} -> #VALUE! | M51: {=_FV(L51,"Similarity",TRUE)} -> 0 | N51: {=_xldudf_BOARDFLARE_FMATCH(D51,G51)} -> #VALUE! | O51: {=_FV(N51,"Similarity",TRUE)} -> 0 | AF51: yes | AG51: yes | AH51: =AF51=AG51 -> TRUE | AI51: =Table113[[#This Row],[Expected Value]]=Table113[[#This Row],[AI Replaced Text]] -> FALSE
A52: <lay terminology for choice of dose for repeat-dose portion of study based on data from SAD portion of study> | C52: Paragraph | D52: The repeat-dose portion of the study is a double-blind, randomized, placebo-controlled design in 1 cohort of participants with boneitis. All screening tests establishing eligibility will be performed following informed consent and within 35 days prior to study intervention administration. Participants will reside at the CRU from Day 2 to Day 5 and Day 28 to Day 33 and will receive SC 150 mg ABC-123 (6 participants) or placebo (2 participants) every other week for 3 doses. The actual dose and regimen selected for this part of the study will be based on the safety, tolerability, and PK of ABC-123 as determined during the ongoing SAD component of the study. To account for anticipated accumulation, the dose selected for the repeat-dose cohort will not exceed 50% of a dose that has previously been shown to be safe and well tolerated in the single-dose cohort. Sentinel dosing is not required during this part of the study. Participants must not have been enrolled in the SAD component. | E52: Protocol Example (28Sep2023) 1 | F52: Provide a lay summary explaining that the repeat-dose regimen is chosen based on safety, tolerability, and PK data from the SAD portion. | G52: was selected based on safety, tolerability, and PK data from the single ascending dose (SAD) portion of the study | I52: {=_xldudf_BOARDFLARE_FMATCH(G52,D52)} -> #VALUE! | J52: =IF(M52>O52, M52,O52) -> 0 | L52: {=_xldudf_BOARDFLARE_FMATCH(G52,D52)} -> #VALUE! | M52: {=_FV(L52,"Similarity",TRUE)} -> 0 | N52: {=_xldudf_BOARDFLARE_FMATCH(D52,G52)} -> #VALUE! | O52: {=_FV(N52,"Similarity",TRUE)} -> 0 | AF52: yes | AG52: yes | AH52: =AF52=AG52 -> TRUE | AI52: =Table113[[#This Row],[Expected Value]]=Table113[[#This Row],[AI Replaced Text]] -> FALSE
A53: <insert age eligibility criteria> | C53: KeyValue | D53: 18 to 65 years | E53: Protocol Example (28Sep2023) 1 | F53: Insert the age eligibility criteria for study participants in lay terms. | G53: 18 to 55 years | I53: {=_xldudf_BOARDFLARE_FMATCH(G53,D53)} -> #VALUE! | J53: =IF(M53>O53, M53,O53) -> 0.67 | L53: {=_xldudf_BOARDFLARE_FMATCH(G53,D53)} -> #VALUE! | M53: {=_FV(L53,"Similarity",TRUE)} -> 0.67 | N53: {=_xldudf_BOARDFLARE_FMATCH(D53,G53)} -> #VALUE! | O53: {=_FV(N53,"Similarity",TRUE)} -> 0.62 | AF53: yes | AH53: =AF53=AG53 -> FALSE | AI53: =O53=R53 -> FALSE
A54: <lay terminology for SAD portion of study> | C54: Paragraph | D54: All screening tests establishing eligibility will be performed following informed consent and within 35 days prior to study intervention administration. Participants will reside at the CRU from Day 2 to Day 5 and Day 28 to Day 33 and will receive SC 150 mg ABC-123 (6 participants) or placebo (2 participants) every other week for 3 doses. The actual dose and regimen selected for this part of the study will be based on the safety, tolerability, and PK of ABC-123 as determined during the ongoing SAD component of the study. To account for anticipated accumulation, the dose selected for the repeat-dose cohort will not exceed 50% of a dose that has previously been shown to be safe and well tolerated in the single-dose cohort. Sentinel dosing is not required during this part of the study. Participants must not have been enrolled in the SAD component. | E54: Protocol Example (28Sep2023) 1 | F54: Provide a concise lay term for the SAD portion of the study, matching the flow for an inline reference. | G54: the single-dose part of the study | I54: {=_xldudf_BOARDFLARE_FMATCH(G54,D54)} -> #VALUE! | J54: =IF(M54>O54, M54,O54) -> 0 | L54: {=_xldudf_BOARDFLARE_FMATCH(G54,D54)} -> #VALUE! | M54: {=_FV(L54,"Similarity",TRUE)} -> 0 | N54: {=_xldudf_BOARDFLARE_FMATCH(D54,G54)} -> #VALUE! | O54: {=_FV(N54,"Similarity",TRUE)} -> 0 | AF54: yes | AG54: no | AH54: =AF54=AG54 -> FALSE | AI54: =Table113[[#This Row],[Expected Value]]=Table113[[#This Row],[AI Replaced Text]] -> FALSE
A55: <lay terminology for SAD portion of study> | C55: Paragraph | D55: All screening tests establishing eligibility will be performed following informed consent and within 35 days prior to study intervention administration. Participants will reside at the CRU from Day 2 to Day 5 and Day 28 to Day 33 and will receive SC 150 mg ABC-123 (6 participants) or placebo (2 participants) every other week for 3 doses. The actual dose and regimen selected for this part of the study will be based on the safety, tolerability, and PK of ABC-123 as determined during the ongoing SAD component of the study. To account for anticipated accumulation, the dose selected for the repeat-dose cohort will not exceed 50% of a dose that has previously been shown to be safe and well tolerated in the single-dose cohort. Sentinel dosing is not required during this part of the study. Participants must not have been enrolled in the SAD component. | E55: Protocol Example (28Sep2023) 1 | F55: Provide a concise lay term for the SAD portion of the study, matching the flow for an inline reference. | G55: the single-dose part of the study | I55: {=_xldudf_BOARDFLARE_FMATCH(G55,D55)} -> #VALUE! | J55: =IF(M55>O55, M55,O55) -> 0 | L55: {=_xldudf_BOARDFLARE_FMATCH(G55,D55)} -> #VALUE! | M55: {=_FV(L55,"Similarity",TRUE)} -> 0 | N55: {=_xldudf_BOARDFLARE_FMATCH(D55,G55)} -> #VALUE! | O55: {=_FV(N55,"Similarity",TRUE)} -> 0 | AF55: yes | AG55: no | AH55: =AF55=AG55 -> FALSE | AI55: =Table113[[#This Row],[Expected Value]]=Table113[[#This Row],[AI Replaced Text]] -> FALSE
A56: <Cohorts X – X> | C56: KeyValue | D56: Cohorts 1-3 | E56: Protocol Example (28Sep2023) 1 | I56: {=_xldudf_BOARDFLARE_FMATCH(G56,D56)} -> #VALUE! | J56: =IF(M56>O56, M56,O56) -> 0 | L56: {=_xldudf_BOARDFLARE_FMATCH(G56,D56)} -> #VALUE! | M56: {=_FV(L56,"Similarity",TRUE)} -> 0 | N56: {=_xldudf_BOARDFLARE_FMATCH(D56,G56)} -> #VALUE! | O56: {=_FV(N56,"Similarity",TRUE)} -> 0 | AF56: yes
A57: <lay summary of duration on study including details/time for screening, screeningthe clinic, follow-up periods> | C57: Paragraph | D57: The SAD portion of the study is double-blind, randomized, placebo-controlled, single ascending dose design in up to 6 cohorts of healthy participants. All screening tests establishing eligibility will be performed following informed consent and within 35 days prior to study intervention administration. Each participant will be enrolled in 1 dose cohort only; participants will reside at the Clinical Research Unit (CRU) from Day 2 to Day 8. In each cohort, participants will receive a subcutaneous (SC) dose of ABC-123 (6 participants) or placebo (2 participants) on Day 1. To assure safety and tolerability of the starting dose, 2 sentinel participants will be dosed first in Cohort 1 (1 active drug and 1 placebo to maintain study blinding); the remaining Cohort 1 participants may be dosed at least 48 hours later, after initial safety of the sentinel participants is confirmed by the Phase 1 Unit Principal Investigator in consultation with the Sponsor. Following Check-out from the CRU, all participants will return for Follow-up study visits up to 6 weeks post dosing in the first 3 cohorts and 10 weeks post dosing in the remaining cohorts as shown in the Schedule of Assessments (SoA; Section 1.3). Blood samples for PK and blood and urine samples for biomarkers are planned to be collected prior to dosing and at specific post-dose time points per the SoA. Timing of the blood sample collection for PK may change based on availability of new data from completed study cohorts. Safety measurements, including 12-lead ECG; vital sign monitoring including blood pressure, pulse rate, respiratory rate, and body temperature; clinical laboratory tests (chemistry, hematology, lipid profile, cytokine assessments); physical examinations; mental health assessment; and other metrics, will be obtained at specific time points per the SoA. Adverse events and concomitant medication use will be monitored throughout the study. The study Investigator and Medical Monitor will monitor the safety of participants in a blinded fashion throughout the study on an ongoing basis to determine whether to continue dosing, whether to escalate dose, and whether to initiate dosing in various cohorts. The allocation of participants to various cohorts may be adjusted based on the ongoing data review. Dose escalation to the next cohort (ie, dose level) will not take place until the Sponsor, in conjunction with the Principal Investigator, has determined that adequate safety, tolerability, and PK (if available) from the previous cohort have been demonstrated to permit proceeding to the next cohort. | E57: Protocol Example (28Sep2023) 1 | F57: Write a lay summary of the study schedule for these cohorts, including screening period, dosing regimen, and total study duration. | G57: up to 5 weeks for screening, followed by repeat dosing every other week for 3 doses, and up to 15 weeks total from Screening to Follow-up | I57: {=_xldudf_BOARDFLARE_FMATCH(G57,D57)} -> #VALUE! | J57: =IF(M57>O57, M57,O57) -> 0 | L57: {=_xldudf_BOARDFLARE_FMATCH(G57,D57)} -> #VALUE! | M57: {=_FV(L57,"Similarity",TRUE)} -> 0 | N57: {=_xldudf_BOARDFLARE_FMATCH(D57,G57)} -> #VALUE! | O57: {=_FV(N57,"Similarity",TRUE)} -> 0 | AF57: yes | AG57: yes | AH57: =AF57=AG57 -> TRUE | AI57: =Table113[[#This Row],[Expected Value]]=Table113[[#This Row],[AI Replaced Text]] -> FALSE
A58: <Cohorts X – X> | C58: KeyValue | D58: Cohorts 1-3 | E58: Protocol Example (28Sep2023) 1 | I58: {=_xldudf_BOARDFLARE_FMATCH(G58,D58)} -> #VALUE! | J58: =IF(M58>O58, M58,O58) -> 0 | L58: {=_xldudf_BOARDFLARE_FMATCH(G58,D58)} -> #VALUE! | M58: {=_FV(L58,"Similarity",TRUE)} -> 0 | N58: {=_xldudf_BOARDFLARE_FMATCH(D58,G58)} -> #VALUE! | O58: {=_FV(N58,"Similarity",TRUE)} -> 0 | AF58: yes
A59: <lay summary of duration on study including details/time for screening, time in the clinic, follow-up periods> | C59: Paragraph | D59: The SAD portion of the study is double-blind, randomized, placebo-controlled, single ascending dose design in up to 6 cohorts of healthy participants. All screening tests establishing eligibility will be performed following informed consent and within 35 days prior to study intervention administration. Each participant will be enrolled in 1 dose cohort only; participants will reside at the Clinical Research Unit (CRU) from Day 2 to Day 8. In each cohort, participants will receive a subcutaneous (SC) dose of ABC-123 (6 participants) or placebo (2 participants) on Day 1. To assure safety and tolerability of the starting dose, 2 sentinel participants will be dosed first in Cohort 1 (1 active drug and 1 placebo to maintain study blinding); the remaining Cohort 1 participants may be dosed at least 48 hours later, after initial safety of the sentinel participants is confirmed by the Phase 1 Unit Principal Investigator in consultation with the Sponsor. Following Check-out from the CRU, all participants will return for Follow-up study visits up to 6 weeks post dosing in the first 3 cohorts and 10 weeks post dosing in the remaining cohorts as shown in the Schedule of Assessments (SoA; Section 1.3). Blood samples for PK and blood and urine samples for biomarkers are planned to be collected prior to dosing and at specific post-dose time points per the SoA. Timing of the blood sample collection for PK may change based on availability of new data from completed study cohorts. Safety measurements, including 12-lead ECG; vital sign monitoring including blood pressure, pulse rate, respiratory rate, and body temperature; clinical laboratory tests (chemistry, hematology, lipid profile, cytokine assessments); physical examinations; mental health assessment; and other metrics, will be obtained at specific time points per the SoA. Adverse events and concomitant medication use will be monitored throughout the study. The study Investigator and Medical Monitor will monitor the safety of participants in a blinded fashion throughout the study on an ongoing basis to determine whether to continue dosing, whether to escalate dose, and whether to initiate dosing in various cohorts. The allocation of participants to various cohorts may be adjusted based on the ongoing data review. Dose escalation to the next cohort (ie, dose level) will not take place until the Sponsor, in conjunction with the Principal Investigator, has determined that adequate safety, tolerability, and PK (if available) from the previous cohort have been demonstrated to permit proceeding to the next cohort. | E59: Protocol Example (28Sep2023) 1 | F59: Write a lay summary of the study schedule for these cohorts, including screening period, dosing regimen, and total study duration. | G59: up to 5 weeks for screening, followed by repeat dosing every other week for 3 doses, and up to 15 weeks total from Screening to Follow-up | I59: {=_xldudf_BOARDFLARE_FMATCH(G59,D59)} -> #VALUE! | J59: =IF(M59>O59, M59,O59) -> 0 | L59: {=_xldudf_BOARDFLARE_FMATCH(G59,D59)} -> #VALUE! | M59: {=_FV(L59,"Similarity",TRUE)} -> 0 | N59: {=_xldudf_BOARDFLARE_FMATCH(D59,G59)} -> #VALUE! | O59: {=_FV(N59,"Similarity",TRUE)} -> 0 | AF59: yes | AG59: yes | AH59: =AF59=AG59 -> TRUE | AI59: =Table113[[#This Row],[Expected Value]]=Table113[[#This Row],[AI Replaced Text]] -> FALSE
A60: <insert disease criteria> | C60: List | D60: Understands study procedures and voluntarily provides written informed consent. Willing and able to abide by the study restrictions, including the lifestyle considerations in Section 5.3. Willing and able to complete all study visits, in-residence requirements, and procedures. 18 to 65 years of age at the time of signing informed consent. Body mass index (BMI) between 18.0 and 35.0 kg/m2, inclusive, at Screening. Female participants will be of non-childbearing potential (refer to Section 10.5 [Appendix 5] for definition of non-childbearing potential). Male participants will agree to use contraception while on study intervention and for at least 6 months after the last dose of study intervention. SAD cohorts only: Participants must be in good health, determined by no clinically significant findings from medical history, physical examination, 12-lead ECG, vital signs measurements, and clinical laboratory evaluations (see exclusion criteria for criteria for specific labs) at Screening as assessed by the Investigator. Clinical laboratory assessments may be repeated once at the Investigator’s discretion if laboratory error is suspected. Repeat-dose cohort only: boneitis treated with Zammoxin or myrnestristoate and in otherwise good health except for well-controlled common conditions associated with boneitis, such as acid sweat or tonsillar invisibility. Clinical laboratory assessments may be repeated once at the Investigator’s discretion if laboratory error is suspected. | E60: Protocol Example (28Sep2023) 1 | F60: Insert the specific disease or condition criteria for participant eligibility in this clinical study. | G60: boneitis due to lurgi | I60: {=_xldudf_BOARDFLARE_FMATCH(G60,D60)} -> #VALUE! | J60: =IF(M60>O60, M60,O60) -> 0 | L60: {=_xldudf_BOARDFLARE_FMATCH(G60,D60)} -> #VALUE! | M60: {=_FV(L60,"Similarity",TRUE)} -> 0 | N60: {=_xldudf_BOARDFLARE_FMATCH(D60,G60)} -> #VALUE! | O60: {=_FV(N60,"Similarity",TRUE)} -> 0 | AF60: yes
A61: <insert age eligibility criteria> | C61: KeyValue | D61: 18 to 65 years | E61: Protocol Example (28Sep2023) 1 | F61: Insert the age eligibility criteria for study participants in lay terms. | G61: 18 to 55 years | I61: {=_xldudf_BOARDFLARE_FMATCH(G61,D61)} -> #VALUE! | J61: =IF(M61>O61, M61,O61) -> 0.67 | L61: {=_xldudf_BOARDFLARE_FMATCH(G61,D61)} -> #VALUE! | M61: {=_FV(L61,"Similarity",TRUE)} -> 0.67 | N61: {=_xldudf_BOARDFLARE_FMATCH(D61,G61)} -> #VALUE! | O61: {=_FV(N61,"Similarity",TRUE)} -> 0.62 | AF61: yes
A62: <lay terminology for repeat-dose portion of study> | C62: Paragraph | D62: The SAD portion of this study is a standard design for first-in-human testing with a monoclonal antibody. In addition, a 4-week repeated dose cohort will allow confirmation of the safety, tolerability, and repeat-dose PK and immunogenicity in the target population prior to proceeding to subsequent repeat-dose studies in a patient population. | E62: Protocol Example (28Sep2023) 1 | I62: {=_xldudf_BOARDFLARE_FMATCH(G62,D62)} -> #VALUE! | J62: =IF(M62>O62, M62,O62) -> 0 | L62: {=_xldudf_BOARDFLARE_FMATCH(G62,D62)} -> #VALUE! | M62: {=_FV(L62,"Similarity",TRUE)} -> 0 | N62: {=_xldudf_BOARDFLARE_FMATCH(D62,G62)} -> #VALUE! | O62: {=_FV(N62,"Similarity",TRUE)} -> 0 | AF62: yes | AG62: no | AH62: =AF62=AG62 -> FALSE | AI62: =Table113[[#This Row],[Expected Value]]=Table113[[#This Row],[AI Replaced Text]] -> FALSE
A63: <lay terminology for repeat-dose portion of study> | C63: Paragraph | D63: The SAD portion of this study is a standard design for first-in-human testing with a monoclonal antibody. In addition, a 4-week repeated dose cohort will allow confirmation of the safety, tolerability, and repeat-dose PK and immunogenicity in the target population prior to proceeding to subsequent repeat-dose studies in a patient population. | E63: Protocol Example (28Sep2023) 1 | I63: {=_xldudf_BOARDFLARE_FMATCH(G63,D63)} -> #VALUE! | J63: =IF(M63>O63, M63,O63) -> 0 | L63: {=_xldudf_BOARDFLARE_FMATCH(G63,D63)} -> #VALUE! | M63: {=_FV(L63,"Similarity",TRUE)} -> 0 | N63: {=_xldudf_BOARDFLARE_FMATCH(D63,G63)} -> #VALUE! | O63: {=_FV(N63,"Similarity",TRUE)} -> 0 | AF63: yes | AG63: no | AH63: =AF63=AG63 -> FALSE | AI63: =Table113[[#This Row],[Expected Value]]=Table113[[#This Row],[AI Replaced Text]] -> FALSE
A64: <lay summary of duration on study including details/ time for screening, time in the clinic, follow-up periods> | C64: Paragraph | D64: The SAD portion of the study is double-blind, randomized, placebo-controlled, single ascending dose design in up to 6 cohorts of healthy participants. All screening tests establishing eligibility will be performed following informed consent and within 35 days prior to study intervention administration. Each participant will be enrolled in 1 dose cohort only; participants will reside at the Clinical Research Unit (CRU) from Day 2 to Day 8. In each cohort, participants will receive a subcutaneous (SC) dose of ABC-123 (6 participants) or placebo (2 participants) on Day 1. To assure safety and tolerability of the starting dose, 2 sentinel participants will be dosed first in Cohort 1 (1 active drug and 1 placebo to maintain study blinding); the remaining Cohort 1 participants may be dosed at least 48 hours later, after initial safety of the sentinel participants is confirmed by the Phase 1 Unit Principal Investigator in consultation with the Sponsor. Following Check-out from the CRU, all participants will return for Follow-up study visits up to 6 weeks post dosing in the first 3 cohorts and 10 weeks post dosing in the remaining cohorts as shown in the Schedule of Assessments (SoA; Section 1.3). Blood samples for PK and blood and urine samples for biomarkers are planned to be collected prior to dosing and at specific post-dose time points per the SoA. Timing of the blood sample collection for PK may change based on availability of new data from completed study cohorts. Safety measurements, including 12-lead ECG; vital sign monitoring including blood pressure, pulse rate, respiratory rate, and body temperature; clinical laboratory tests (chemistry, hematology, lipid profile, cytokine assessments); physical examinations; mental health assessment; and other metrics, will be obtained at specific time points per the SoA. Adverse events and concomitant medication use will be monitored throughout the study. The study Investigator and Medical Monitor will monitor the safety of participants in a blinded fashion throughout the study on an ongoing basis to determine whether to continue dosing, whether to escalate dose, and whether to initiate dosing in various cohorts. The allocation of participants to various cohorts may be adjusted based on the ongoing data review. Dose escalation to the next cohort (ie, dose level) will not take place until the Sponsor, in conjunction with the Principal Investigator, has determined that adequate safety, tolerability, and PK (if available) from the previous cohort have been demonstrated to permit proceeding to the next cohort. | E64: Protocol Example (28Sep2023) 1 | F64: Summarize the total study duration, specifying the time for screening, dosing, and follow-up in a concise lay format. | G64: up to 15 weeks, including up to 5 weeks for Screening, dosing every other week for 3 doses, and a Follow-up period | I64: {=_xldudf_BOARDFLARE_FMATCH(G64,D64)} -> #VALUE! | J64: =IF(M64>O64, M64,O64) -> 0 | L64: {=_xldudf_BOARDFLARE_FMATCH(G64,D64)} -> #VALUE! | M64: {=_FV(L64,"Similarity",TRUE)} -> 0 | N64: {=_xldudf_BOARDFLARE_FMATCH(D64,G64)} -> #VALUE! | O64: {=_FV(N64,"Similarity",TRUE)} -> 0 | AF64: yes | AG64: yes | AH64: =AF64=AG64 -> TRUE | AI64: =Table113[[#This Row],[Expected Value]]=Table113[[#This Row],[AI Replaced Text]] -> FALSE
A65: <bulleted list of lay terminology summarizing the study exclusion criteria> | C65: List | D65: Exclusion Criteria History of, or treatment for, rock-joint, including clunge or brain wobbles within 5 years of the Screening visit. History of spontaneous combustion. Blood pressure >155 mmHg systolic or >95 mmHg diastolic. Known heart disease or clinically significant abnormalities identified in the 12-lead ECG at Screening. Specific exclusion criteria are: QT interval corrected for heart rate using Fridericia’s method (QTcF) >450 msec (males) or >470 msec (females) confirmed by calculating the mean of the original value and 2 repeats. QRS duration >120 msec confirmed by calculating the mean of the original value and 2 repeats. PR interval >220 msec confirmed by calculating the mean of the original value and 2 repeats. Findings that would make corrected QT (QTc) measurements difficult or QTc data uninterpretable. Family history of long QT syndrome. Female participant with a positive pregnancy test or who is lactating at Screening. History of alcoholism or drug/chemical abuse within 2 years prior to Screening. Prior exposure to ABC-123 or any other blorp induction therapy. Participation in a clinical study involving administration of an investigational drug (new chemical entity) in the past 30 days or 5 half-lives of last dose (whichever is longer) prior to first dosing. History of significant hypersensitivity, intolerance, or allergy to more than one class of drugs. Aspartate aminotransferase, alanine aminotransferase, or total bilirubin >2 × upper limit of normal. Positive hepatitis panel and/or positive human immunodeficiency virus test. Participants whose results are compatible with prior immunization may be included. Have previously completed or withdrawn from this study. Alternates for prior cohorts who were not assigned to treatment and did not receive study intervention are considered eligible. SAD cohorts only: Fasting glucose >126 mg/dL. | E65: Protocol Example (28Sep2023) 1 | F65: Summarize the study exclusion criteria as a bulleted list in layperson's terms. | G65: <ul><li>History of rock-joint (including clunge or brain wobbles) in the past 5 years</li><li>History of spontaneous combustion</li><li>High blood pressure (&gt;155/95 mmHg)</li><li>Heart problems or abnormal heart tests</li><li>QT interval or QRS duration outside normal range on ECG</li><li>Family history of long QT syndrome</li><li>Pregnant or breastfeeding women</li><li>Alcohol or drug abuse in the past 2 years</li><li>Previous use of ABC-123 or similar treatments</li><li>Participation in another drug study recently</li></ul> | I65: {=_xldudf_BOARDFLARE_FMATCH(G65,D65)} -> #VALUE! | J65: =IF(M65>O65, M65,O65) -> 0 | L65: {=_xldudf_BOARDFLARE_FMATCH(G65,D65)} -> #VALUE! | M65: {=_FV(L65,"Similarity",TRUE)} -> 0 | N65: {=_xldudf_BOARDFLARE_FMATCH(D65,G65)} -> #VALUE! | O65: {=_FV(N65,"Similarity",TRUE)} -> 0 | AF65: yes | AH65: =AF65=AG65 -> FALSE | AI65: =O65=R65 -> TRUE
A66: <Bulleted list of lay terminology summarizing lifestyle considerations including meal requirements, caffeeine, alcohol, tobacco, and activity> | C66: List | D66: Participants must be willing and able to fast for at least 10 hours prior to fasting laboratory tests. Caffeine, Alcohol, and Tobacco Participants will abstain from ingesting caffeine- or xanthine-containing products (eg, coffee, tea, cola drinks, and chocolate) from 24 hours before Check-in until Check-out from the CRU. Participants will abstain from alcohol from 48 hours before Check-in until Check-out from the CRU. Participants who use tobacco products will be instructed that use of nicotine-containing products (including nicotine patches) will not be permitted while they are in the CRU. | E66: Protocol Example (28Sep2023) 1 | F66: Summarize all lifestyle restrictions and requirements for participants in a simple bulleted list using lay terminology, covering meals, caffeine, alcohol, tobacco, activity, medication, cannabinoid use, blood donation, and vaccinations. | G66: <li>Do not donate blood from 8 weeks before screening until 90 days after your final follow-up visit.</li><li>Do not use tetrahydrocannabinol (THC), cannabidiol (CBD), or other cannabinoids for 14 days before screening through the end of the study.</li><li>Complete any planned vaccinations at least 14 days before screening.</li><li>Do not take any prescription or nonprescription medications, vitamins (except ongoing multivitamin), minerals, or herbal supplements unless approved by the study doctor (for SAD Cohorts).</li><li>If you are in the Repeat-Dose Cohort, keep your boneitis treatment and other allowed medications stable and unchanged unless approved by the study doctor.</li><li>Do not ingest caffeine or xanthine-containing products (like coffee, tea, cola, or chocolate) from 24 hours before check-in until check-out from the Clinical Research Unit (CRU).</li><li>Do not drink alcohol from 48 hours before check-in until check-out from the CRU.</li><li>Do not use tobacco or nicotine-containing products (including nicotine patches) while in the CRU.</li> | I66: {=_xldudf_BOARDFLARE_FMATCH(G66,D66)} -> #VALUE! | J66: =IF(M66>O66, M66,O66) -> 0 | L66: {=_xldudf_BOARDFLARE_FMATCH(G66,D66)} -> #VALUE! | M66: {=_FV(L66,"Similarity",TRUE)} -> 0 | N66: {=_xldudf_BOARDFLARE_FMATCH(D66,G66)} -> #VALUE! | O66: {=_FV(N66,"Similarity",TRUE)} -> 0 | AF66: yes
A67: <lay terminology for SAD portion of study> | C67: Paragraph | D67: All screening tests establishing eligibility will be performed following informed consent and within 35 days prior to study intervention administration. Participants will reside at the CRU from Day 2 to Day 5 and Day 28 to Day 33 and will receive SC 150 mg ABC-123 (6 participants) or placebo (2 participants) every other week for 3 doses. The actual dose and regimen selected for this part of the study will be based on the safety, tolerability, and PK of ABC-123 as determined during the ongoing SAD component of the study. To account for anticipated accumulation, the dose selected for the repeat-dose cohort will not exceed 50% of a dose that has previously been shown to be safe and well tolerated in the single-dose cohort. Sentinel dosing is not required during this part of the study. Participants must not have been enrolled in the SAD component. | E67: Protocol Example (28Sep2023) 1 | F67: Provide a concise lay term for the SAD portion of the study, matching the flow for an inline reference. | G67: the single-dose part of the study | I67: {=_xldudf_BOARDFLARE_FMATCH(G67,D67)} -> #VALUE! | J67: =IF(M67>O67, M67,O67) -> 0 | L67: {=_xldudf_BOARDFLARE_FMATCH(G67,D67)} -> #VALUE! | M67: {=_FV(L67,"Similarity",TRUE)} -> 0 | N67: {=_xldudf_BOARDFLARE_FMATCH(D67,G67)} -> #VALUE! | O67: {=_FV(N67,"Similarity",TRUE)} -> 0 | AF67: yes | AG67: yes | AH67: =AF67=AG67 -> TRUE | AI67: =Table113[[#This Row],[Expected Value]]=Table113[[#This Row],[AI Replaced Text]] -> FALSE
A68: <Bullet list of lay terminology of all assessments required during screening> | C68: List | D68: Study procedures and their timing are summarized in the SoA (Section 1.3). Protocol waivers or exemptions are not allowed. Immediate safety concerns should be discussed with the Medical Monitor immediately upon occurrence or awareness to determine if the participant should continue or discontinue study intervention. Adherence to the study design requirements, including those specified in the SoA, is essential and required for study conduct. All screening evaluations must be completed and reviewed to confirm that potential participants meet all eligibility criteria. The Investigator will maintain a screening log to record details of all participants screened and to confirm eligibility or record reasons for screening failure, as applicable. Procedures conducted as part of the participant’s routine clinical management (eg, blood count) and obtained before signing of the ICF may be utilized for screening or baseline purposes provided the procedures met the protocol-specified criteria and were performed within the time frame defined in the SoA. Refer to Section 10.3 (Appendix 3) for mitigation strategies if changes may be required to procedures as a result of a public health emergency (eg, COVID-19). | E68: Protocol Example (28Sep2023) 1 | F68: Write a bullet list in lay language of all tests and assessments required during screening. | G68: <li>Medical history review</li><li>Physical examination</li><li>12-lead ECG</li><li>Vital signs measurements</li><li>Blood and other laboratory tests</li> | I68: {=_xldudf_BOARDFLARE_FMATCH(G68,D68)} -> #VALUE! | J68: =IF(M68>O68, M68,O68) -> 0 | L68: {=_xldudf_BOARDFLARE_FMATCH(G68,D68)} -> #VALUE! | M68: {=_FV(L68,"Similarity",TRUE)} -> 0 | N68: {=_xldudf_BOARDFLARE_FMATCH(D68,G68)} -> #VALUE! | O68: {=_FV(N68,"Similarity",TRUE)} -> 0 | AF68: yes | AH68: =AF68=AG68 -> FALSE | AI68: =O68=R68 -> TRUE
A69: <XX days> | C69: KeyValue | D69: 35 days | E69: Protocol Example (28Sep2023) 1 | F69: Replace <XX days> with the specified number of days allowed between the screening visit and clinic return as per protocol. | G69: 35 days | I69: {=_xldudf_BOARDFLARE_FMATCH(G69,D69)} -> #VALUE! | J69: =IF(M69>O69, M69,O69) -> 1 | L69: {=_xldudf_BOARDFLARE_FMATCH(G69,D69)} -> #VALUE! | M69: {=_FV(L69,"Similarity",TRUE)} -> 1 | N69: {=_xldudf_BOARDFLARE_FMATCH(D69,G69)} -> #VALUE! | O69: {=_FV(N69,"Similarity",TRUE)} -> 1 | AF69: yes | AH69: =AF69=AG69 -> FALSE | AI69: =O69=R69 -> FALSE
A70: <Bullet list of lay terminology of all assessments required during Check-in/Day1> | C70: Paragraph | D70: Participants should avoid strenuous activity within 24 hours prior to Check-in and subsequent return visits. Participants may engage in light recreational activities during the study (eg, watching television, reading). Study participants in the repeat-dose cohort may continue their usual exercise/activity regimen but should not increase intensity during the study. | E70: Protocol Example (28Sep2023) 1 | F70: List all assessments required during Check-in/Day 1 using lay terminology as a concise bullet or inline list. | G70: Blood pressure, pulse rate, respiratory rate, body temperature, blood tests, heart monitoring (ECG), physical examination, and mental health assessment. | I70: {=_xldudf_BOARDFLARE_FMATCH(G70,D70)} -> #VALUE! | J70: =IF(M70>O70, M70,O70) -> 0 | L70: {=_xldudf_BOARDFLARE_FMATCH(G70,D70)} -> #VALUE! | M70: {=_FV(L70,"Similarity",TRUE)} -> 0 | N70: {=_xldudf_BOARDFLARE_FMATCH(D70,G70)} -> #VALUE! | O70: {=_FV(N70,"Similarity",TRUE)} -> 0 | AF70: yes | AG70: yes | AH70: =AF70=AG70 -> TRUE | AI70: =Table113[[#This Row],[Expected Value]]=Table113[[#This Row],[AI Replaced Text]] -> FALSE
A71: <Bullet list of lay terminology of all assessments required during the in-residence period; note differences in assessments based on the day of “in-residence”> | C71: List | D71: A full physical examination will include, at a minimum, assessments of head, eyes, ears, nose, and throat (HEENT), neck, chest, skin, cardiovascular system, respiratory system, gastrointestinal system/abdomen, genitourinary system (at discretion of Investigator), lymphatic system, musculoskeletal system, and neurological system. Investigators should pay special attention to clinical signs related to previous serious illnesses. | E71: Protocol Example (28Sep2023) 1 | F71: List, in lay terms, all assessments required during the in-residence period, noting any differences in assessments based on the day of in-residence. | G71: <ul><li>Blood samples for pharmacokinetic (PK) and biomarker analysis (may include up to 3 extra blood draws per treatment period)</li><li>Blood samples for exploratory pharmacodynamic (PD) and safety biomarker analysis</li><li>Physical examination and other medical assessments</li><li>Subcutaneous (SC) injections of study drug (ABC-123 or placebo)</li><li>Monitoring for possible side effects or discomfort from injections or blood draws</li></ul> | I71: {=_xldudf_BOARDFLARE_FMATCH(G71,D71)} -> #VALUE! | J71: =IF(M71>O71, M71,O71) -> 0 | L71: {=_xldudf_BOARDFLARE_FMATCH(G71,D71)} -> #VALUE! | M71: {=_FV(L71,"Similarity",TRUE)} -> 0 | N71: {=_xldudf_BOARDFLARE_FMATCH(D71,G71)} -> #VALUE! | O71: {=_FV(N71,"Similarity",TRUE)} -> 0 | AF71: yes
A72: <Check-out/Day X> | C72: KeyValue | D72: 6 weeks | E72: Protocol Example (28Sep2023) 1 | F72: Describe the assessments or procedures performed at Check-out/Day X for participants during the in-residence period. | I72: {=_xldudf_BOARDFLARE_FMATCH(G72,D72)} -> #VALUE! | J72: =IF(M72>O72, M72,O72) -> 0 | L72: {=_xldudf_BOARDFLARE_FMATCH(G72,D72)} -> #VALUE! | M72: {=_FV(L72,"Similarity",TRUE)} -> 0 | N72: {=_xldudf_BOARDFLARE_FMATCH(D72,G72)} -> #VALUE! | O72: {=_FV(N72,"Similarity",TRUE)} -> 0 | AF72: yes | AH72: =AF72=AG72 -> FALSE | AI72: =O72=R72 -> TRUE
A73: <Check-out/Day X> | C73: KeyValue | D73: 6 weeks | E73: Protocol Example (28Sep2023) 1 | F73: Provide a concise phrase describing Check-out from the Clinical Research Unit (CRU) as referenced in the study protocol. | G73: Check-out from the Clinical Research Unit (CRU) | I73: {=_xldudf_BOARDFLARE_FMATCH(G73,D73)} -> #VALUE! | J73: =IF(M73>O73, M73,O73) -> 0 | L73: {=_xldudf_BOARDFLARE_FMATCH(G73,D73)} -> #VALUE! | M73: {=_FV(L73,"Similarity",TRUE)} -> 0 | N73: {=_xldudf_BOARDFLARE_FMATCH(D73,G73)} -> #VALUE! | O73: {=_FV(N73,"Similarity",TRUE)} -> 0 | AF73: yes
A74: <Bullet list of lay terminology of all assessments required during Check-out/Day X> | C74: List | D74: Participants will abstain from ingesting caffeine- or xanthine-containing products (eg, coffee, tea, cola drinks, and chocolate) from 24 hours before Check-in until Check-out from the CRU. Participants will abstain from alcohol from 48 hours before Check-in until Check-out from the CRU. Participants who use tobacco products will be instructed that use of nicotine-containing products (including nicotine patches) will not be permitted while they are in the CRU. | E74: Protocol Example (28Sep2023) 1 | F74: Provide a bullet list of all required assessments during Check-out/Day X using lay terminology. | G74: <li>Physical examination</li><li>Blood collection</li><li>Medical assessments related to study procedures</li> | I74: {=_xldudf_BOARDFLARE_FMATCH(G74,D74)} -> #VALUE! | J74: =IF(M74>O74, M74,O74) -> 0 | L74: {=_xldudf_BOARDFLARE_FMATCH(G74,D74)} -> #VALUE! | M74: {=_FV(L74,"Similarity",TRUE)} -> 0 | N74: {=_xldudf_BOARDFLARE_FMATCH(D74,G74)} -> #VALUE! | O74: {=_FV(N74,"Similarity",TRUE)} -> 0 | AF74: yes
A75: <Bullet list of lay terminology of all assessments required during the follow-up period; note differences in assessments based on the day and cohort of “follow-up period”> | C75: List | D75: The Investigator is obligated to perform or arrange for the conduct of supplemental measurements and/or evaluations as medically indicated or as requested by the Sponsor (or designee) to elucidate the nature and/or causality of the AE or SAE as fully as possible. This may include additional laboratory tests or investigations, histopathological examinations, or consultation with other health care professionals. If a participant dies during participation in the study or during a recognized Follow-up period, the Investigator will provide the Sponsor (or designee) with a copy of any post-mortem findings including histopathology. New or updated information will be recorded in the originally completed eCRF. The Investigator will submit any updated SAE data to the Sponsor (or designee) within 24 hours of receipt of the information. | E75: Protocol Example (28Sep2023) 1 | I75: {=_xldudf_BOARDFLARE_FMATCH(G75,D75)} -> #VALUE! | J75: =IF(M75>O75, M75,O75) -> 0 | L75: {=_xldudf_BOARDFLARE_FMATCH(G75,D75)} -> #VALUE! | M75: {=_FV(L75,"Similarity",TRUE)} -> 0 | N75: {=_xldudf_BOARDFLARE_FMATCH(D75,G75)} -> #VALUE! | O75: {=_FV(N75,"Similarity",TRUE)} -> 0 | AF75: yes
A76: <Bullet list of lay terminology of all assessments required during ED> | C76: List | E76: Protocol Example (28Sep2023) 1 | F76: List all assessments required during early discontinuation in layperson-friendly terms as bullet points. | G76: • Blood tests (to check general health, organ function, and other laboratory values)<br>• Vital signs (blood pressure, heart rate, breathing rate, and body temperature)<br>• Electrocardiogram (ECG, a heart tracing)<br>• Physical examination by study staff<br>• Mental health assessment<br>• Review of any new symptoms or side effects<br>• Review of any medications you are taking | I76: {=_xldudf_BOARDFLARE_FMATCH(G76,D76)} -> #VALUE! | J76: =IF(M76>O76, M76,O76) -> 0 | L76: {=_xldudf_BOARDFLARE_FMATCH(G76,D76)} -> #VALUE! | M76: {=_FV(L76,"Similarity",TRUE)} -> 0 | N76: {=_xldudf_BOARDFLARE_FMATCH(D76,G76)} -> #VALUE! | O76: {=_FV(N76,"Similarity",TRUE)} -> 0 | AF76: yes
A77: <lay terminology for repeat-dose portion of study> | C77: Paragraph | D77: The SAD portion of this study is a standard design for first-in-human testing with a monoclonal antibody. In addition, a 4-week repeated dose cohort will allow confirmation of the safety, tolerability, and repeat-dose PK and immunogenicity in the target population prior to proceeding to subsequent repeat-dose studies in a patient population. | E77: Protocol Example (28Sep2023) 1 | I77: {=_xldudf_BOARDFLARE_FMATCH(G77,D77)} -> #VALUE! | J77: =IF(M77>O77, M77,O77) -> 0 | L77: {=_xldudf_BOARDFLARE_FMATCH(G77,D77)} -> #VALUE! | M77: {=_FV(L77,"Similarity",TRUE)} -> 0 | N77: {=_xldudf_BOARDFLARE_FMATCH(D77,G77)} -> #VALUE! | O77: {=_FV(N77,"Similarity",TRUE)} -> 0 | AF77: yes | AG77: no | AH77: =AF77=AG77 -> FALSE | AI77: =Table113[[#This Row],[Expected Value]]=Table113[[#This Row],[AI Replaced Text]] -> FALSE
A78: <Bullet list of lay terminology of all assessments required during screening> | C78: List | D78: Study procedures and their timing are summarized in the SoA (Section 1.3). Protocol waivers or exemptions are not allowed. Immediate safety concerns should be discussed with the Medical Monitor immediately upon occurrence or awareness to determine if the participant should continue or discontinue study intervention. Adherence to the study design requirements, including those specified in the SoA, is essential and required for study conduct. All screening evaluations must be completed and reviewed to confirm that potential participants meet all eligibility criteria. The Investigator will maintain a screening log to record details of all participants screened and to confirm eligibility or record reasons for screening failure, as applicable. Procedures conducted as part of the participant’s routine clinical management (eg, blood count) and obtained before signing of the ICF may be utilized for screening or baseline purposes provided the procedures met the protocol-specified criteria and were performed within the time frame defined in the SoA. Refer to Section 10.3 (Appendix 3) for mitigation strategies if changes may be required to procedures as a result of a public health emergency (eg, COVID-19). | E78: Protocol Example (28Sep2023) 1 | F78: Write a bullet list in lay language of all tests and assessments required during screening. | G78: <li>Medical history review</li><li>Physical examination</li><li>12-lead ECG</li><li>Vital signs measurements</li><li>Blood and other laboratory tests</li> | I78: {=_xldudf_BOARDFLARE_FMATCH(G78,D78)} -> #VALUE! | J78: =IF(M78>O78, M78,O78) -> 0 | L78: {=_xldudf_BOARDFLARE_FMATCH(G78,D78)} -> #VALUE! | M78: {=_FV(L78,"Similarity",TRUE)} -> 0 | N78: {=_xldudf_BOARDFLARE_FMATCH(D78,G78)} -> #VALUE! | O78: {=_FV(N78,"Similarity",TRUE)} -> 0 | AF78: yes
A79: <XX days> | C79: KeyValue | D79: 35 days | E79: Protocol Example (28Sep2023) 1 | F79: Replace <XX days> with the specified number of days allowed between the screening visit and clinic return as per protocol. | G79: 35 days | I79: {=_xldudf_BOARDFLARE_FMATCH(G79,D79)} -> #VALUE! | J79: =IF(M79>O79, M79,O79) -> 1 | L79: {=_xldudf_BOARDFLARE_FMATCH(G79,D79)} -> #VALUE! | M79: {=_FV(L79,"Similarity",TRUE)} -> 1 | N79: {=_xldudf_BOARDFLARE_FMATCH(D79,G79)} -> #VALUE! | O79: {=_FV(N79,"Similarity",TRUE)} -> 1 | AF79: yes
A80: <Bullet list of lay terminology of all assessments required during first Check-in/Day1> | C80: Paragraph | D80: Participants should avoid strenuous activity within 24 hours prior to Check-in and subsequent return visits. Participants may engage in light recreational activities during the study (eg, watching television, reading). Study participants in the repeat-dose cohort may continue their usual exercise/activity regimen but should not increase intensity during the study. | E80: Protocol Example (28Sep2023) 1 | F80: List all assessments required during the first Check-in/Day 1 in simple, lay language as a concise inline bullet list. | G80: Blood pressure, pulse rate, respiratory rate, body temperature, ECG (heart tracing), blood tests, physical examination, mental health assessment. | I80: {=_xldudf_BOARDFLARE_FMATCH(G80,D80)} -> #VALUE! | J80: =IF(M80>O80, M80,O80) -> 0 | L80: {=_xldudf_BOARDFLARE_FMATCH(G80,D80)} -> #VALUE! | M80: {=_FV(L80,"Similarity",TRUE)} -> 0 | N80: {=_xldudf_BOARDFLARE_FMATCH(D80,G80)} -> #VALUE! | O80: {=_FV(N80,"Similarity",TRUE)} -> 0 | AF80: yes | AG80: yes | AH80: =AF80=AG80 -> TRUE | AI80: =Table113[[#This Row],[Expected Value]]=Table113[[#This Row],[AI Replaced Text]] -> FALSE
A81: <Bullet list of lay terminology of all assessments required during the first in-residence period; note differences in assessments based on the day of “in-residence”> | C81: List | D81: Understands study procedures and voluntarily provides written informed consent. Willing and able to abide by the study restrictions, including the lifestyle considerations in Section 5.3. Willing and able to complete all study visits, in-residence requirements, and procedures. 18 to 65 years of age at the time of signing informed consent. Body mass index (BMI) between 18.0 and 35.0 kg/m2, inclusive, at Screening. Female participants will be of non-childbearing potential (refer to Section 10.5 [Appendix 5] for definition of non-childbearing potential). Male participants will agree to use contraception while on study intervention and for at least 6 months after the last dose of study intervention. | E81: Protocol Example (28Sep2023) 1 | I81: {=_xldudf_BOARDFLARE_FMATCH(G81,D81)} -> #VALUE! | J81: =IF(M81>O81, M81,O81) -> 0 | L81: {=_xldudf_BOARDFLARE_FMATCH(G81,D81)} -> #VALUE! | M81: {=_FV(L81,"Similarity",TRUE)} -> 0 | N81: {=_xldudf_BOARDFLARE_FMATCH(D81,G81)} -> #VALUE! | O81: {=_FV(N81,"Similarity",TRUE)} -> 0 | AF81: yes
A82: <First Check-out/Day X> | C82: KeyValue | D82: 6 weeks | E82: Protocol Example (28Sep2023) 1 | F82: Summarize what procedures or activities are performed at the first Check-out or on Day X based on protocol. | I82: {=_xldudf_BOARDFLARE_FMATCH(G82,D82)} -> #VALUE! | J82: =IF(M82>O82, M82,O82) -> 0 | L82: {=_xldudf_BOARDFLARE_FMATCH(G82,D82)} -> #VALUE! | M82: {=_FV(L82,"Similarity",TRUE)} -> 0 | N82: {=_xldudf_BOARDFLARE_FMATCH(D82,G82)} -> #VALUE! | O82: {=_FV(N82,"Similarity",TRUE)} -> 0 | AF82: yes
A83: <first Check-out/Day X> | C83: KeyValue | D83: 6 weeks | E83: Protocol Example (28Sep2023) 1 | I83: {=_xldudf_BOARDFLARE_FMATCH(G83,D83)} -> #VALUE! | J83: =IF(M83>O83, M83,O83) -> 0 | L83: {=_xldudf_BOARDFLARE_FMATCH(G83,D83)} -> #VALUE! | M83: {=_FV(L83,"Similarity",TRUE)} -> 0 | N83: {=_xldudf_BOARDFLARE_FMATCH(D83,G83)} -> #VALUE! | O83: {=_FV(N83,"Similarity",TRUE)} -> 0 | AF83: yes
A84: <Bullet list of lay terminology of all assessments required during first Check-out> | C84: List | D84: Participants will abstain from ingesting caffeine- or xanthine-containing products (eg, coffee, tea, cola drinks, and chocolate) from 24 hours before Check-in until Check-out from the CRU. Participants will abstain from alcohol from 48 hours before Check-in until Check-out from the CRU. Participants who use tobacco products will be instructed that use of nicotine-containing products (including nicotine patches) will not be permitted while they are in the CRU. | E84: Protocol Example (28Sep2023) 1 | I84: {=_xldudf_BOARDFLARE_FMATCH(G84,D84)} -> #VALUE! | J84: =IF(M84>O84, M84,O84) -> 0 | L84: {=_xldudf_BOARDFLARE_FMATCH(G84,D84)} -> #VALUE! | M84: {=_FV(L84,"Similarity",TRUE)} -> 0 | N84: {=_xldudf_BOARDFLARE_FMATCH(D84,G84)} -> #VALUE! | O84: {=_FV(N84,"Similarity",TRUE)} -> 0 | AF84: yes
A85: <Bullet list of lay terminology of all assessments required during the non-residential period; note differences in assessments based on the days of “non-residential”> | E85: Protocol Example (28Sep2023) 1 | I85: {=_xldudf_BOARDFLARE_FMATCH(G85,D85)} -> #VALUE! | J85: =IF(M85>O85, M85,O85) -> 0 | L85: {=_xldudf_BOARDFLARE_FMATCH(G85,D85)} -> #VALUE! | M85: {=_FV(L85,"Similarity",TRUE)} -> 0 | N85: {=_xldudf_BOARDFLARE_FMATCH(D85,G85)} -> #VALUE! | O85: {=_FV(N85,"Similarity",TRUE)} -> 0 | AF85: yes
A86: <Second Check-in/Day X> | C86: Paragraph | D86: All screening tests establishing eligibility will be performed following informed consent and within 35 days prior to study intervention administration. Each participant will be enrolled in 1 dose cohort only; participants will reside at the Clinical Research Unit (CRU) from Day 2 to Day 8. In each cohort, participants will receive a subcutaneous (SC) dose of ABC-123 (6 participants) or placebo (2 participants) on Day 1. To assure safety and tolerability of the starting dose, 2 sentinel participants will be dosed first in Cohort 1 (1 active drug and 1 placebo to maintain study blinding); the remaining Cohort 1 participants may be dosed at least 48 hours later, after initial safety of the sentinel participants is confirmed by the Phase 1 Unit Principal Investigator in consultation with the Sponsor. | E86: Protocol Example (28Sep2023) 1 | F86: Summarize the activities and timing for the second Check-in/Day X, focusing on follow-up visit requirements and monitoring procedures. | G86: At the second Check-in/Day X, participants will return to the Clinical Research Unit (CRU) for follow-up study visits as outlined in the Schedule of Assessments. These visits will occur up to 6 weeks post dosing for the initial cohorts and up to 10 weeks post dosing for subsequent cohorts, ensuring ongoing monitoring of safety, tolerability, and relevant study parameters. | I86: {=_xldudf_BOARDFLARE_FMATCH(G86,D86)} -> #VALUE! | J86: =IF(M86>O86, M86,O86) -> 0 | L86: {=_xldudf_BOARDFLARE_FMATCH(G86,D86)} -> #VALUE! | M86: {=_FV(L86,"Similarity",TRUE)} -> 0 | N86: {=_xldudf_BOARDFLARE_FMATCH(D86,G86)} -> #VALUE! | O86: {=_FV(N86,"Similarity",TRUE)} -> 0 | AF86: yes | AG86: yes | AH86: =AF86=AG86 -> TRUE | AI86: =Table113[[#This Row],[Expected Value]]=Table113[[#This Row],[AI Replaced Text]] -> FALSE
A87: <second Check-in/Day X> | C87: Paragraph | D87: All screening tests establishing eligibility will be performed following informed consent and within 35 days prior to study intervention administration. Each participant will be enrolled in 1 dose cohort only; participants will reside at the Clinical Research Unit (CRU) from Day 2 to Day 8. In each cohort, participants will receive a subcutaneous (SC) dose of ABC-123 (6 participants) or placebo (2 participants) on Day 1. To assure safety and tolerability of the starting dose, 2 sentinel participants will be dosed first in Cohort 1 (1 active drug and 1 placebo to maintain study blinding); the remaining Cohort 1 participants may be dosed at least 48 hours later, after initial safety of the sentinel participants is confirmed by the Phase 1 Unit Principal Investigator in consultation with the Sponsor. | E87: Protocol Example (28Sep2023) 1 | F87: Replace with the specific days corresponding to the second check-in as described in the study schedule. | G87: Second Check-in/Day 2 to Day 8 | I87: {=_xldudf_BOARDFLARE_FMATCH(G87,D87)} -> #VALUE! | J87: =IF(M87>O87, M87,O87) -> 0 | L87: {=_xldudf_BOARDFLARE_FMATCH(G87,D87)} -> #VALUE! | M87: {=_FV(L87,"Similarity",TRUE)} -> 0 | N87: {=_xldudf_BOARDFLARE_FMATCH(D87,G87)} -> #VALUE! | O87: {=_FV(N87,"Similarity",TRUE)} -> 0 | AF87: yes | AG87: yes | AH87: =AF87=AG87 -> TRUE | AI87: =Table113[[#This Row],[Expected Value]]=Table113[[#This Row],[AI Replaced Text]] -> FALSE
A88: <Bullet list of lay terminology of all assessments required during second Check-in> | C88: Paragraph | D88: Safety measurements, including 12-lead ECG; vital sign monitoring including blood pressure, pulse rate, respiratory rate, and body temperature; clinical laboratory tests (chemistry, hematology, lipid profile); physical examinations; mental health assessment; and other metrics, will be obtained at specific time points per the SoA. Adverse events and concomitant medication use will be monitored throughout the study. Refer to Section 6.6 for further details on dose modifications | E88: Protocol Example (28Sep2023) 1 | F88: List in lay terminology all assessments required during the second Check-in period, formatted as a concise inline list. | G88: blood tests, heart monitoring (ECG), checking vital signs (blood pressure, pulse, breathing rate, body temperature), physical exams, and mental health checks | I88: {=_xldudf_BOARDFLARE_FMATCH(G88,D88)} -> #VALUE! | J88: =IF(M88>O88, M88,O88) -> 0 | L88: {=_xldudf_BOARDFLARE_FMATCH(G88,D88)} -> #VALUE! | M88: {=_FV(L88,"Similarity",TRUE)} -> 0 | N88: {=_xldudf_BOARDFLARE_FMATCH(D88,G88)} -> #VALUE! | O88: {=_FV(N88,"Similarity",TRUE)} -> 0 | AF88: yes | AG88: yes | AH88: =AF88=AG88 -> TRUE | AI88: =Table113[[#This Row],[Expected Value]]=Table113[[#This Row],[AI Replaced Text]] -> FALSE
A89: <Bullet list of lay terminology of all assessments required during the second in-residence period; note differences in assessments based on the day of “in-residence”> | C89: List | D89: Understands study procedures and voluntarily provides written informed consent. Willing and able to abide by the study restrictions, including the lifestyle considerations in Section 5.3. Willing and able to complete all study visits, in-residence requirements, and procedures. 18 to 65 years of age at the time of signing informed consent. Body mass index (BMI) between 18.0 and 35.0 kg/m2, inclusive, at Screening. Female participants will be of non-childbearing potential (refer to Section 10.5 [Appendix 5] for definition of non-childbearing potential). Male participants will agree to use contraception while on study intervention and for at least 6 months after the last dose of study intervention. SAD cohorts only: Participants must be in good health, determined by no clinically significant findings from medical history, physical examination, 12-lead ECG, vital signs measurements, and clinical laboratory evaluations (see exclusion criteria for criteria for specific labs) at Screening as assessed by the Investigator. Clinical laboratory assessments may be repeated once at the Investigator’s discretion if laboratory error is suspected. Repeat-dose cohort only: boneitis treated with Zammoxin or myrnestristoate and in otherwise good health except for well-controlled common conditions associated with boneitis, such as acid sweat or tonsillar invisibility. Clinical laboratory assessments may be repeated once at the Investigator’s discretion if laboratory error is suspected. | E89: Protocol Example (28Sep2023) 1 | F89: Write a bullet list in lay terms of all assessments required during the second in-residence period, noting differences in assessments based on the day. | G89: • Blood samples for pharmacokinetics (PK) and biomarkers will be collected by drawing blood from a vein or using a small tube (cannulation) at scheduled times.<br>• Blood samples for exploratory pharmacodynamic (PD) and safety biomarkers will also be taken; up to 3 extra blood samples may be drawn per treatment period if needed.<br>• Routine laboratory tests as specified in the Schedule of Assessments (SoA) and Laboratory Manual.<br>• Medical evaluations and assessments, such as physical exams.<br>• Assessments may differ based on the day of the in-residence period, with some days involving dosing and others focused on follow-up and monitoring. | I89: {=_xldudf_BOARDFLARE_FMATCH(G89,D89)} -> #VALUE! | J89: =IF(M89>O89, M89,O89) -> 0 | L89: {=_xldudf_BOARDFLARE_FMATCH(G89,D89)} -> #VALUE! | M89: {=_FV(L89,"Similarity",TRUE)} -> 0 | N89: {=_xldudf_BOARDFLARE_FMATCH(D89,G89)} -> #VALUE! | O89: {=_FV(N89,"Similarity",TRUE)} -> 0 | AF89: yes
A90: <Final Check-out/Day X> | C90: Paragraph | D90: Donation of blood is not permitted from 8 weeks (16 weeks for double red cell donation) prior to Screening until 90 days after the final Follow-up visit. | E90: Protocol Example (28Sep2023) 1 | F90: Describe the activities or assessments to be performed at the final Check-out or Day X at the end of the in-residence period. | I90: {=_xldudf_BOARDFLARE_FMATCH(G90,D90)} -> #VALUE! | J90: =IF(M90>O90, M90,O90) -> 0 | L90: {=_xldudf_BOARDFLARE_FMATCH(G90,D90)} -> #VALUE! | M90: {=_FV(L90,"Similarity",TRUE)} -> 0 | N90: {=_xldudf_BOARDFLARE_FMATCH(D90,G90)} -> #VALUE! | O90: {=_FV(N90,"Similarity",TRUE)} -> 0 | AF90: yes | AG90: no | AH90: =AF90=AG90 -> FALSE | AI90: =Table113[[#This Row],[Expected Value]]=Table113[[#This Row],[AI Replaced Text]] -> FALSE
A91: <final Check-out/Day X> | C91: Paragraph | D91: Donation of blood is not permitted from 8 weeks (16 weeks for double red cell donation) prior to Screening until 90 days after the final Follow-up visit. | E91: Protocol Example (28Sep2023) 1 | F91: Insert the correct day for final Check-out as referenced in the study schedule. | G91: final Check-out/Day 8 | I91: {=_xldudf_BOARDFLARE_FMATCH(G91,D91)} -> #VALUE! | J91: =IF(M91>O91, M91,O91) -> 0 | L91: {=_xldudf_BOARDFLARE_FMATCH(G91,D91)} -> #VALUE! | M91: {=_FV(L91,"Similarity",TRUE)} -> 0 | N91: {=_xldudf_BOARDFLARE_FMATCH(D91,G91)} -> #VALUE! | O91: {=_FV(N91,"Similarity",TRUE)} -> 0 | AF91: yes | AG91: no | AH91: =AF91=AG91 -> FALSE | AI91: =Table113[[#This Row],[Expected Value]]=Table113[[#This Row],[AI Replaced Text]] -> FALSE
A92: <Bullet list of lay terminology of all assessments required during final Check-out> | C92: List | D92: The Investigator must permit study-related monitoring, audits, IRB/IEC review, and regulatory agency inspections and provide direct access to source data documents. Monitoring details describing strategy (eg, risk-based initiatives in operations and quality such as Risk Management and Mitigation Strategies and Analytical Risk- Based Monitoring), methods, responsibilities, and requirements, including handling of noncompliance issues and monitoring techniques (central, remote, or on-site monitoring) are provided in the TMF. The Sponsor or designee is responsible for the data management of this study including quality checking of the data. The Sponsor will provide oversight for actions delegated to other individuals (eg, CRO). Study monitors will perform ongoing source data verification to confirm that data entered into the eCRF by authorized site personnel are accurate, complete, and verifiable from source documents; that the safety and rights of participants are being protected; and that the study is being conducted in accordance with the currently approved protocol and any other study agreements, ICH GCP, and all applicable regulatory requirements. Records and documents, including signed ICFs, pertaining to the conduct of this study must be retained by the Investigator for 2 years (or until final marketing authorization approval) after study completion unless local regulations or institutional policies require a longer retention period. No records may be destroyed during the retention period without the written approval of the Sponsor. No records may be transferred to another location or party without written notification to the Sponsor. | E92: Protocol Example (28Sep2023) 1 | F92: List all final Check-out assessments using clear, lay terminology. | G92: <li>Physical examination</li><li>Blood collection</li><li>Other medical evaluations and assessments associated with study procedures</li> | I92: {=_xldudf_BOARDFLARE_FMATCH(G92,D92)} -> #VALUE! | J92: =IF(M92>O92, M92,O92) -> 0 | L92: {=_xldudf_BOARDFLARE_FMATCH(G92,D92)} -> #VALUE! | M92: {=_FV(L92,"Similarity",TRUE)} -> 0 | N92: {=_xldudf_BOARDFLARE_FMATCH(D92,G92)} -> #VALUE! | O92: {=_FV(N92,"Similarity",TRUE)} -> 0 | AF92: yes
A93: <Bullet list of lay terminology of all assessments required during the follow-up period; note differences in assessments based on the day and cohort of “follow-up period”> | C93: List | D93: The Investigator is obligated to perform or arrange for the conduct of supplemental measurements and/or evaluations as medically indicated or as requested by the Sponsor (or designee) to elucidate the nature and/or causality of the AE or SAE as fully as possible. This may include additional laboratory tests or investigations, histopathological examinations, or consultation with other health care professionals. If a participant dies during participation in the study or during a recognized Follow-up period, the Investigator will provide the Sponsor (or designee) with a copy of any post-mortem findings including histopathology. New or updated information will be recorded in the originally completed eCRF. The Investigator will submit any updated SAE data to the Sponsor (or designee) within 24 hours of receipt of the information. | E93: Protocol Example (28Sep2023) 1 | I93: {=_xldudf_BOARDFLARE_FMATCH(G93,D93)} -> #VALUE! | J93: =IF(M93>O93, M93,O93) -> 0 | L93: {=_xldudf_BOARDFLARE_FMATCH(G93,D93)} -> #VALUE! | M93: {=_FV(L93,"Similarity",TRUE)} -> 0 | N93: {=_xldudf_BOARDFLARE_FMATCH(D93,G93)} -> #VALUE! | O93: {=_FV(N93,"Similarity",TRUE)} -> 0 | AF93: yes
A94: <Bullet list of lay terminology of all assessments required during ED> | C94: List | E94: Protocol Example (28Sep2023) 1 | F94: List all assessments required during early discontinuation in layperson-friendly terms as bullet points. | G94: • Blood tests (to check general health, organ function, and other laboratory values)<br>• Vital signs (blood pressure, heart rate, breathing rate, and body temperature)<br>• Electrocardiogram (ECG, a heart tracing)<br>• Physical examination by study staff<br>• Mental health assessment<br>• Review of any new symptoms or side effects<br>• Review of any medications you are taking | I94: {=_xldudf_BOARDFLARE_FMATCH(G94,D94)} -> #VALUE! | J94: =IF(M94>O94, M94,O94) -> 0 | L94: {=_xldudf_BOARDFLARE_FMATCH(G94,D94)} -> #VALUE! | M94: {=_FV(L94,"Similarity",TRUE)} -> 0 | N94: {=_xldudf_BOARDFLARE_FMATCH(D94,G94)} -> #VALUE! | O94: {=_FV(N94,"Similarity",TRUE)} -> 0 | AF94: yes
A95: <lay terminology for SAD portion of study, Cohorts X-X> | C95: Paragraph | D95: All screening tests establishing eligibility will be performed following informed consent and within 35 days prior to study intervention administration. Each participant will be enrolled in 1 dose cohort only; participants will reside at the Clinical Research Unit (CRU) from Day 2 to Day 8. In each cohort, participants will receive a subcutaneous (SC) dose of ABC-123 (6 participants) or placebo (2 participants) on Day 1. To assure safety and tolerability of the starting dose, 2 sentinel participants will be dosed first in Cohort 1 (1 active drug and 1 placebo to maintain study blinding); the remaining Cohort 1 participants may be dosed at least 48 hours later, after initial safety of the sentinel participants is confirmed by the Phase 1 Unit Principal Investigator in consultation with the Sponsor. Following Check-out from the CRU, all participants will return for Follow-up study visits up to 6 weeks post dosing in the first 3 cohorts and 10 weeks post dosing in the remaining cohorts as shown in the Schedule of Assessments (SoA; Section 1.3). | E95: Protocol Example (28Sep2023) 1 | F95: Provide a layperson description of the SAD portion of the study and how cohorts are used. | G95: the part of the study where small groups of healthy volunteers (cohorts) receive single increasing doses of the study drug to see how safe it is | I95: {=_xldudf_BOARDFLARE_FMATCH(G95,D95)} -> #VALUE! | J95: =IF(M95>O95, M95,O95) -> 0 | L95: {=_xldudf_BOARDFLARE_FMATCH(G95,D95)} -> #VALUE! | M95: {=_FV(L95,"Similarity",TRUE)} -> 0 | N95: {=_xldudf_BOARDFLARE_FMATCH(D95,G95)} -> #VALUE! | O95: {=_FV(N95,"Similarity",TRUE)} -> 0 | AF95: yes | AG95: yes | AH95: =AF95=AG95 -> TRUE | AI95: =Table113[[#This Row],[Expected Value]]=Table113[[#This Row],[AI Replaced Text]] -> FALSE
A96: <lay terminology for SAD portion of study, Cohorts X-X> | C96: Paragraph | D96: All screening tests establishing eligibility will be performed following informed consent and within 35 days prior to study intervention administration. Each participant will be enrolled in 1 dose cohort only; participants will reside at the Clinical Research Unit (CRU) from Day 2 to Day 8. In each cohort, participants will receive a subcutaneous (SC) dose of ABC-123 (6 participants) or placebo (2 participants) on Day 1. To assure safety and tolerability of the starting dose, 2 sentinel participants will be dosed first in Cohort 1 (1 active drug and 1 placebo to maintain study blinding); the remaining Cohort 1 participants may be dosed at least 48 hours later, after initial safety of the sentinel participants is confirmed by the Phase 1 Unit Principal Investigator in consultation with the Sponsor. Following Check-out from the CRU, all participants will return for Follow-up study visits up to 6 weeks post dosing in the first 3 cohorts and 10 weeks post dosing in the remaining cohorts as shown in the Schedule of Assessments (SoA; Section 1.3). | E96: Protocol Example (28Sep2023) 1 | F96: Provide a layperson description of the SAD portion of the study and how cohorts are used. | G96: the part of the study where small groups of healthy volunteers (cohorts) receive single increasing doses of the study drug to see how safe it is | I96: {=_xldudf_BOARDFLARE_FMATCH(G96,D96)} -> #VALUE! | J96: =IF(M96>O96, M96,O96) -> 0 | L96: {=_xldudf_BOARDFLARE_FMATCH(G96,D96)} -> #VALUE! | M96: {=_FV(L96,"Similarity",TRUE)} -> 0 | N96: {=_xldudf_BOARDFLARE_FMATCH(D96,G96)} -> #VALUE! | O96: {=_FV(N96,"Similarity",TRUE)} -> 0 | AF96: yes | AG96: yes | AH96: =AF96=AG96 -> TRUE | AI96: =Table113[[#This Row],[Expected Value]]=Table113[[#This Row],[AI Replaced Text]] -> FALSE
A97: <lay terminology for repeat-dose portion of study> | C97: Paragraph | D97: The SAD portion of this study is a standard design for first-in-human testing with a monoclonal antibody. In addition, a 4-week repeated dose cohort will allow confirmation of the safety, tolerability, and repeat-dose PK and immunogenicity in the target population prior to proceeding to subsequent repeat-dose studies in a patient population. | E97: Protocol Example (28Sep2023) 1 | I97: {=_xldudf_BOARDFLARE_FMATCH(G97,D97)} -> #VALUE! | J97: =IF(M97>O97, M97,O97) -> 0 | L97: {=_xldudf_BOARDFLARE_FMATCH(G97,D97)} -> #VALUE! | M97: {=_FV(L97,"Similarity",TRUE)} -> 0 | N97: {=_xldudf_BOARDFLARE_FMATCH(D97,G97)} -> #VALUE! | O97: {=_FV(N97,"Similarity",TRUE)} -> 0 | AF97: yes | AG97: no | AH97: =AF97=AG97 -> FALSE | AI97: =Table113[[#This Row],[Expected Value]]=Table113[[#This Row],[AI Replaced Text]] -> FALSE
A98: <local health authority> | C98: Paragraph | D98: The Sponsor has a legal responsibility to notify both the local regulatory authority and other regulatory agencies about the safety of a study intervention under clinical investigation. The Sponsor will comply with country-specific regulatory requirements relating to safety reporting to the regulatory authority, IRBs/Independent Ethics Committees (IECs), and Investigators | E98: Protocol Example (28Sep2023) 1 | F98: Provide the official term for the authority to which positive HIV test results must be reported, maintaining inline continuity. | G98: local regulatory authority | I98: {=_xldudf_BOARDFLARE_FMATCH(G98,D98)} -> #VALUE! | J98: =IF(M98>O98, M98,O98) -> 0.63 | L98: {=_xldudf_BOARDFLARE_FMATCH(G98,D98)} -> #VALUE! | M98: {=_FV(L98,"Similarity",TRUE)} -> 0.63 | N98: {=_xldudf_BOARDFLARE_FMATCH(D98,G98)} -> #VALUE! | O98: {=_FV(N98,"Similarity",TRUE)} -> 0 | AF98: yes | AG98: no | AH98: =AF98=AG98 -> FALSE | AI98: =Table113[[#This Row],[Expected Value]]=Table113[[#This Row],[AI Replaced Text]] -> FALSE
A99: <local health authority> | C99: Paragraph | D99: The Sponsor has a legal responsibility to notify both the local regulatory authority and other regulatory agencies about the safety of a study intervention under clinical investigation. The Sponsor will comply with country-specific regulatory requirements relating to safety reporting to the regulatory authority, IRBs/Independent Ethics Committees (IECs), and Investigators | E99: Protocol Example (28Sep2023) 1 | F99: Provide the official term for the authority to which positive HIV test results must be reported, maintaining inline continuity. | G99: local regulatory authority | I99: {=_xldudf_BOARDFLARE_FMATCH(G99,D99)} -> #VALUE! | J99: =IF(M99>O99, M99,O99) -> 0 | L99: {=_xldudf_BOARDFLARE_FMATCH(G99,D99)} -> #VALUE! | M99: {=_FV(L99,"Similarity",TRUE)} -> 0 | N99: {=_xldudf_BOARDFLARE_FMATCH(D99,G99)} -> #VALUE! | O99: {=_FV(N99,"Similarity",TRUE)} -> 0 | AF99: yes | AG99: no | AH99: =AF99=AG99 -> FALSE | AI99: =Table113[[#This Row],[Expected Value]]=Table113[[#This Row],[AI Replaced Text]] -> FALSE
A100: <state health authority> | E100: Protocol Example (28Sep2023) 1 | I100: {=_xldudf_BOARDFLARE_FMATCH(G100,D100)} -> #VALUE! | J100: =IF(M100>O100, M100,O100) -> 0 | L100: {=_xldudf_BOARDFLARE_FMATCH(G100,D100)} -> #VALUE! | M100: {=_FV(L100,"Similarity",TRUE)} -> 0 | N100: {=_xldudf_BOARDFLARE_FMATCH(D100,G100)} -> #VALUE! | O100: {=_FV(N100,"Similarity",TRUE)} -> 0 | AF100: yes
...

Sheet Inline
A2: Placeholder | C2: Placeholder Type | D2: Expected Value | E2: Source Document | F2: Writing instruction | G2: AI Replaced Text | H2: Ai detected Source | I2: Matching Accuracy | J2: Similarity Score | K2: Source Match
A3: {=_xlfn._xlws.FILTER(QA!A3:K500, QA!C3:C500="Inline")} -> #VALUE!

Sheet Paragraph
A2: Placeholder | C2: Placeholder Type | D2: Expected Value | E2: Source Document | F2: Writing instruction | G2: AI Replaced Text | H2: Ai detected Source | I2: Matching Accuracy | J2: Similarity Score | K2: Source Match
A3: {=_xlfn._xlws.FILTER(QA!A3:K500, QA!C3:C500="Paragraph")} -> <Full protocol title> | B3: 0 | C3: Paragraph | D3: A First-In-Human, Phase 1, Randomized, Double-Blind, Placebo-Controlled Study to Evaluate the Safety, Tolerability, and Pharmacokinetics of ABC-123 as a Single Dose in Healthy Participants and as Multiple Doses in Participants with Grade 2 Boneitis | E3: Protocol Example (28Sep2023) 1 | F3: Insert the full protocol title verbatim, maintaining inline continuity. | G3: A First-In-Human, Phase 1, Randomized, Double-Blind, Placebo-Controlled Study to Evaluate the Safety, Tolerability, and Pharmacokinetics of ABC-123 as a Single Dose in Healthy Participants and as Multiple Doses in Participants with Grade 2 Boneitis | H3: 0 | I3: #VALUE! | J3: 0.61 | K3: 0
A4: <brief lay description of disease> | B4: 0 | C4: Paragraph | D4: ABC-123 is intended for use in patients with boneitis, a disease that causes bones to change shape or disappear. | E4: Protocol Example (28Sep2023) 1 | F4: Provide a brief, clear lay description of boneitis to fit seamlessly within the sentence. | G4: a disease that causes bones to change shape or disappear | H4: 0 | I4: #VALUE! | J4: 0.79 | K4: 0
A5: <type of study (eg, first-in-human, Phase 1, Phase 2)> | B5: 0 | C5: Paragraph | D5: The SAD portion of this study is a standard design for first-in-human testing with a monoclonal antibody. In addition, a 4-week repeated dose cohort will allow confirmation of the safety, tolerability, and repeat-dose PK and immunogenicity in the target population prior to proceeding to subsequent repeat-dose studies in a patient population. | E5: Protocol Example (28Sep2023) 1 | F5: Provide the study type in concise, inline format (e.g., first-in-human, Phase 1) to maintain paragraph continuity. | G5: first-in-human, Phase 1 | H5: 0 | I5: #VALUE! | J5: 0 | K5: 0
A6: <lay terminology for SAD portion of study> | B6: 0 | C6: Paragraph | D6: All screening tests establishing eligibility will be performed following informed consent and within 35 days prior to study intervention administration. Participants will reside at the CRU from Day 2 to Day 5 and Day 28 to Day 33 and will receive SC 150 mg ABC-123 (6 participants) or placebo (2 participants) every other week for 3 doses. The actual dose and regimen selected for this part of the study will be based on the safety, tolerability, and PK of ABC-123 as determined during the ongoing SAD component of the study. To account for anticipated accumulation, the dose selected for the repeat-dose cohort will not exceed 50% of a dose that has previously been shown to be safe and well tolerated in the single-dose cohort. Sentinel dosing is not required during this part of the study. Participants must not have been enrolled in the SAD component. | E6: Protocol Example (28Sep2023) 1 | F6: Provide a concise lay term for the SAD portion of the study, matching the flow for an inline reference. | G6: the single-dose part of the study | H6: 0 | I6: #VALUE! | J6: 0 | K6: 0
A7: <lay terminology for repeat-dose portion of study> | B7: 0 | C7: Paragraph | D7: The SAD portion of this study is a standard design for first-in-human testing with a monoclonal antibody. In addition, a 4-week repeated dose cohort will allow confirmation of the safety, tolerability, and repeat-dose PK and immunogenicity in the target population prior to proceeding to subsequent repeat-dose studies in a patient population. | E7: Protocol Example (28Sep2023) 1 | F7: 0 | G7: 0 | H7: 0 | I7: #VALUE! | J7: 0 | K7: 0
A8: <lay terminology for dosing regimen/duration> | B8: 0 | C8: Paragraph | D8: Following Check-out from the CRU, all participants will return for Follow-up study visits up to 6 weeks post dosing in the first 3 cohorts and 10 weeks post dosing in the remaining cohorts as shown in the Schedule of Assessments | E8: Protocol Example (28Sep2023) 1 | F8: Rewrite the dosing regimen and duration in clear lay terms suitable for an informed consent document. | G8: every other week for 3 doses over up to 6 weeks | H8: 0 | I8: #VALUE! | J8: 0 | K8: 0
A9: <brief lay description of disease> | B9: 0 | C9: Paragraph | D9: ABC-123 is intended for use in patients with boneitis, a disease that causes bones to change shape or disappear. | E9: Protocol Example (28Sep2023) 1 | F9: Provide a brief, clear lay description of boneitis to fit seamlessly within the sentence. | G9: a disease that causes bones to change shape or disappear | H9: 0 | I9: #VALUE! | J9: 0.79 | K9: 0
A10: <lay terminology for SAD portion of study> | B10: 0 | C10: Paragraph | D10: All screening tests establishing eligibility will be performed following informed consent and within 35 days prior to study intervention administration. Participants will reside at the CRU from Day 2 to Day 5 and Day 28 to Day 33 and will receive SC 150 mg ABC-123 (6 participants) or placebo (2 participants) every other week for 3 doses. The actual dose and regimen selected for this part of the study will be based on the safety, tolerability, and PK of ABC-123 as determined during the ongoing SAD component of the study. To account for anticipated accumulation, the dose selected for the repeat-dose cohort will not exceed 50% of a dose that has previously been shown to be safe and well tolerated in the single-dose cohort. Sentinel dosing is not required during this part of the study. Participants must not have been enrolled in the SAD component. | E10: Protocol Example (28Sep2023) 1 | F10: Provide a concise lay term for the SAD portion of the study, matching the flow for an inline reference. | G10: the single-dose part of the study | H10: 0 | I10: #VALUE! | J10: 0 | K10: 0
A11: <lay terminology summarizing design and enrollment plan for Cohort 1 with sentinel participants> | B11: 0 | C11: Paragraph | D11: All screening tests establishing eligibility will be performed following informed consent and within 35 days prior to study intervention administration. Each participant will be enrolled in 1 dose cohort only; participants will reside at the Clinical Research Unit (CRU) from Day 2 to Day 8. In each cohort, participants will receive a subcutaneous (SC) dose of ABC-123 (6 participants) or placebo (2 participants) on Day 1. To assure safety and tolerability of the starting dose, 2 sentinel participants will be dosed first in Cohort 1 (1 active drug and 1 placebo to maintain study blinding); the remaining Cohort 1 participants may be dosed at least 48 hours later, after initial safety of the sentinel participants is confirmed by the Phase 1 Unit Principal Investigator in consultation with the Sponsor. | E11: Protocol Example (28Sep2023) 1 | F11: Summarize the design and enrollment plan for Cohort 1, explaining sentinel dosing in lay language. | G11: The first group (Cohort 1) will include 8 participants, with 2 participants (called sentinels) receiving the study drug or placebo first to monitor safety. If no safety concerns are found after 48 hours, the remaining participants in the group will receive their doses. | H11: 0 | I11: #VALUE! | J11: 0 | K11: 0
A12: <lay terminology for repeat-dose portion of study> | B12: 0 | C12: Paragraph | D12: The SAD portion of this study is a standard design for first-in-human testing with a monoclonal antibody. In addition, a 4-week repeated dose cohort will allow confirmation of the safety, tolerability, and repeat-dose PK and immunogenicity in the target population prior to proceeding to subsequent repeat-dose studies in a patient population. | E12: Protocol Example (28Sep2023) 1 | F12: 0 | G12: 0 | H12: 0 | I12: #VALUE! | J12: 0 | K12: 0
A13: <lay terminology for dosing regimen/duration> | B13: 0 | C13: Paragraph | D13: Following Check-out from the CRU, all participants will return for Follow-up study visits up to 6 weeks post dosing in the first 3 cohorts and 10 weeks post dosing in the remaining cohorts as shown in the Schedule of Assessments | E13: Protocol Example (28Sep2023) 1 | F13: Rewrite the dosing regimen and duration in clear lay terms suitable for an informed consent document. | G13: every other week for 3 doses over up to 6 weeks | H13: 0 | I13: #VALUE! | J13: 0 | K13: 0
A14: <lay terminology for choice of dose for repeat-dose portion of study based on data from SAD portion of study> | B14: 0 | C14: Paragraph | D14: The repeat-dose portion of the study is a double-blind, randomized, placebo-controlled design in 1 cohort of participants with boneitis. All screening tests establishing eligibility will be performed following informed consent and within 35 days prior to study intervention administration. Participants will reside at the CRU from Day 2 to Day 5 and Day 28 to Day 33 and will receive SC 150 mg ABC-123 (6 participants) or placebo (2 participants) every other week for 3 doses. The actual dose and regimen selected for this part of the study will be based on the safety, tolerability, and PK of ABC-123 as determined during the ongoing SAD component of the study. To account for anticipated accumulation, the dose selected for the repeat-dose cohort will not exceed 50% of a dose that has previously been shown to be safe and well tolerated in the single-dose cohort. Sentinel dosing is not required during this part of the study. Participants must not have been enrolled in the SAD component. | E14: Protocol Example (28Sep2023) 1 | F14: Provide a lay summary explaining that the repeat-dose regimen is chosen based on safety, tolerability, and PK data from the SAD portion. | G14: was selected based on safety, tolerability, and PK data from the single ascending dose (SAD) portion of the study | H14: 0 | I14: #VALUE! | J14: 0 | K14: 0
A15: <lay terminology for SAD portion of study> | B15: 0 | C15: Paragraph | D15: All screening tests establishing eligibility will be performed following informed consent and within 35 days prior to study intervention administration. Participants will reside at the CRU from Day 2 to Day 5 and Day 28 to Day 33 and will receive SC 150 mg ABC-123 (6 participants) or placebo (2 participants) every other week for 3 doses. The actual dose and regimen selected for this part of the study will be based on the safety, tolerability, and PK of ABC-123 as determined during the ongoing SAD component of the study. To account for anticipated accumulation, the dose selected for the repeat-dose cohort will not exceed 50% of a dose that has previously been shown to be safe and well tolerated in the single-dose cohort. Sentinel dosing is not required during this part of the study. Participants must not have been enrolled in the SAD component. | E15: Protocol Example (28Sep2023) 1 | F15: Provide a concise lay term for the SAD portion of the study, matching the flow for an inline reference. | G15: the single-dose part of the study | H15: 0 | I15: #VALUE! | J15: 0 | K15: 0
A16: <lay terminology for SAD portion of study> | B16: 0 | C16: Paragraph | D16: All screening tests establishing eligibility will be performed following informed consent and within 35 days prior to study intervention administration. Participants will reside at the CRU from Day 2 to Day 5 and Day 28 to Day 33 and will receive SC 150 mg ABC-123 (6 participants) or placebo (2 participants) every other week for 3 doses. The actual dose and regimen selected for this part of the study will be based on the safety, tolerability, and PK of ABC-123 as determined during the ongoing SAD component of the study. To account for anticipated accumulation, the dose selected for the repeat-dose cohort will not exceed 50% of a dose that has previously been shown to be safe and well tolerated in the single-dose cohort. Sentinel dosing is not required during this part of the study. Participants must not have been enrolled in the SAD component. | E16: Protocol Example (28Sep2023) 1 | F16: Provide a concise lay term for the SAD portion of the study, matching the flow for an inline reference. | G16: the single-dose part of the study | H16: 0 | I16: #VALUE! | J16: 0 | K16: 0
A17: <lay summary of duration on study including details/time for screening, screeningthe clinic, follow-up periods> | B17: 0 | C17: Paragraph | D17: The SAD portion of the study is double-blind, randomized, placebo-controlled, single ascending dose design in up to 6 cohorts of healthy participants. All screening tests establishing eligibility will be performed following informed consent and within 35 days prior to study intervention administration. Each participant will be enrolled in 1 dose cohort only; participants will reside at the Clinical Research Unit (CRU) from Day 2 to Day 8. In each cohort, participants will receive a subcutaneous (SC) dose of ABC-123 (6 participants) or placebo (2 participants) on Day 1. To assure safety and tolerability of the starting dose, 2 sentinel participants will be dosed first in Cohort 1 (1 active drug and 1 placebo to maintain study blinding); the remaining Cohort 1 participants may be dosed at least 48 hours later, after initial safety of the sentinel participants is confirmed by the Phase 1 Unit Principal Investigator in consultation with the Sponsor. Following Check-out from the CRU, all participants will return for Follow-up study visits up to 6 weeks post dosing in the first 3 cohorts and 10 weeks post dosing in the remaining cohorts as shown in the Schedule of Assessments (SoA; Section 1.3). Blood samples for PK and blood and urine samples for biomarkers are planned to be collected prior to dosing and at specific post-dose time points per the SoA. Timing of the blood sample collection for PK may change based on availability of new data from completed study cohorts. Safety measurements, including 12-lead ECG; vital sign monitoring including blood pressure, pulse rate, respiratory rate, and body temperature; clinical laboratory tests (chemistry, hematology, lipid profile, cytokine assessments); physical examinations; mental health assessment; and other metrics, will be obtained at specific time points per the SoA. Adverse events and concomitant medication use will be monitored throughout the study. The study Investigator and Medical Monitor will monitor the safety of participants in a blinded fashion throughout the study on an ongoing basis to determine whether to continue dosing, whether to escalate dose, and whether to initiate dosing in various cohorts. The allocation of participants to various cohorts may be adjusted based on the ongoing data review. Dose escalation to the next cohort (ie, dose level) will not take place until the Sponsor, in conjunction with the Principal Investigator, has determined that adequate safety, tolerability, and PK (if available) from the previous cohort have been demonstrated to permit proceeding to the next cohort. | E17: Protocol Example (28Sep2023) 1 | F17: Write a lay summary of the study schedule for these cohorts, including screening period, dosing regimen, and total study duration. | G17: up to 5 weeks for screening, followed by repeat dosing every other week for 3 doses, and up to 15 weeks total from Screening to Follow-up | H17: 0 | I17: #VALUE! | J17: 0 | K17: 0
A18: <lay summary of duration on study including details/time for screening, time in the clinic, follow-up periods> | B18: 0 | C18: Paragraph | D18: The SAD portion of the study is double-blind, randomized, placebo-controlled, single ascending dose design in up to 6 cohorts of healthy participants. All screening tests establishing eligibility will be performed following informed consent and within 35 days prior to study intervention administration. Each participant will be enrolled in 1 dose cohort only; participants will reside at the Clinical Research Unit (CRU) from Day 2 to Day 8. In each cohort, participants will receive a subcutaneous (SC) dose of ABC-123 (6 participants) or placebo (2 participants) on Day 1. To assure safety and tolerability of the starting dose, 2 sentinel participants will be dosed first in Cohort 1 (1 active drug and 1 placebo to maintain study blinding); the remaining Cohort 1 participants may be dosed at least 48 hours later, after initial safety of the sentinel participants is confirmed by the Phase 1 Unit Principal Investigator in consultation with the Sponsor. Following Check-out from the CRU, all participants will return for Follow-up study visits up to 6 weeks post dosing in the first 3 cohorts and 10 weeks post dosing in the remaining cohorts as shown in the Schedule of Assessments (SoA; Section 1.3). Blood samples for PK and blood and urine samples for biomarkers are planned to be collected prior to dosing and at specific post-dose time points per the SoA. Timing of the blood sample collection for PK may change based on availability of new data from completed study cohorts. Safety measurements, including 12-lead ECG; vital sign monitoring including blood pressure, pulse rate, respiratory rate, and body temperature; clinical laboratory tests (chemistry, hematology, lipid profile, cytokine assessments); physical examinations; mental health assessment; and other metrics, will be obtained at specific time points per the SoA. Adverse events and concomitant medication use will be monitored throughout the study. The study Investigator and Medical Monitor will monitor the safety of participants in a blinded fashion throughout the study on an ongoing basis to determine whether to continue dosing, whether to escalate dose, and whether to initiate dosing in various cohorts. The allocation of participants to various cohorts may be adjusted based on the ongoing data review. Dose escalation to the next cohort (ie, dose level) will not take place until the Sponsor, in conjunction with the Principal Investigator, has determined that adequate safety, tolerability, and PK (if available) from the previous cohort have been demonstrated to permit proceeding to the next cohort. | E18: Protocol Example (28Sep2023) 1 | F18: Write a lay summary of the study schedule for these cohorts, including screening period, dosing regimen, and total study duration. | G18: up to 5 weeks for screening, followed by repeat dosing every other week for 3 doses, and up to 15 weeks total from Screening to Follow-up | H18: 0 | I18: #VALUE! | J18: 0 | K18: 0
A19: <lay terminology for repeat-dose portion of study> | B19: 0 | C19: Paragraph | D19: The SAD portion of this study is a standard design for first-in-human testing with a monoclonal antibody. In addition, a 4-week repeated dose cohort will allow confirmation of the safety, tolerability, and repeat-dose PK and immunogenicity in the target population prior to proceeding to subsequent repeat-dose studies in a patient population. | E19: Protocol Example (28Sep2023) 1 | F19: 0 | G19: 0 | H19: 0 | I19: #VALUE! | J19: 0 | K19: 0
A20: <lay terminology for repeat-dose portion of study> | B20: 0 | C20: Paragraph | D20: The SAD portion of this study is a standard design for first-in-human testing with a monoclonal antibody. In addition, a 4-week repeated dose cohort will allow confirmation of the safety, tolerability, and repeat-dose PK and immunogenicity in the target population prior to proceeding to subsequent repeat-dose studies in a patient population. | E20: Protocol Example (28Sep2023) 1 | F20: 0 | G20: 0 | H20: 0 | I20: #VALUE! | J20: 0 | K20: 0
A21: <lay summary of duration on study including details/ time for screening, time in the clinic, follow-up periods> | B21: 0 | C21: Paragraph | D21: The SAD portion of the study is double-blind, randomized, placebo-controlled, single ascending dose design in up to 6 cohorts of healthy participants. All screening tests establishing eligibility will be performed following informed consent and within 35 days prior to study intervention administration. Each participant will be enrolled in 1 dose cohort only; participants will reside at the Clinical Research Unit (CRU) from Day 2 to Day 8. In each cohort, participants will receive a subcutaneous (SC) dose of ABC-123 (6 participants) or placebo (2 participants) on Day 1. To assure safety and tolerability of the starting dose, 2 sentinel participants will be dosed first in Cohort 1 (1 active drug and 1 placebo to maintain study blinding); the remaining Cohort 1 participants may be dosed at least 48 hours later, after initial safety of the sentinel participants is confirmed by the Phase 1 Unit Principal Investigator in consultation with the Sponsor. Following Check-out from the CRU, all participants will return for Follow-up study visits up to 6 weeks post dosing in the first 3 cohorts and 10 weeks post dosing in the remaining cohorts as shown in the Schedule of Assessments (SoA; Section 1.3). Blood samples for PK and blood and urine samples for biomarkers are planned to be collected prior to dosing and at specific post-dose time points per the SoA. Timing of the blood sample collection for PK may change based on availability of new data from completed study cohorts. Safety measurements, including 12-lead ECG; vital sign monitoring including blood pressure, pulse rate, respiratory rate, and body temperature; clinical laboratory tests (chemistry, hematology, lipid profile, cytokine assessments); physical examinations; mental health assessment; and other metrics, will be obtained at specific time points per the SoA. Adverse events and concomitant medication use will be monitored throughout the study. The study Investigator and Medical Monitor will monitor the safety of participants in a blinded fashion throughout the study on an ongoing basis to determine whether to continue dosing, whether to escalate dose, and whether to initiate dosing in various cohorts. The allocation of participants to various cohorts may be adjusted based on the ongoing data review. Dose escalation to the next cohort (ie, dose level) will not take place until the Sponsor, in conjunction with the Principal Investigator, has determined that adequate safety, tolerability, and PK (if available) from the previous cohort have been demonstrated to permit proceeding to the next cohort. | E21: Protocol Example (28Sep2023) 1 | F21: Summarize the total study duration, specifying the time for screening, dosing, and follow-up in a concise lay format. | G21: up to 15 weeks, including up to 5 weeks for Screening, dosing every other week for 3 doses, and a Follow-up period | H21: 0 | I21: #VALUE! | J21: 0 | K21: 0
A22: <lay terminology for SAD portion of study> | B22: 0 | C22: Paragraph | D22: All screening tests establishing eligibility will be performed following informed consent and within 35 days prior to study intervention administration. Participants will reside at the CRU from Day 2 to Day 5 and Day 28 to Day 33 and will receive SC 150 mg ABC-123 (6 participants) or placebo (2 participants) every other week for 3 doses. The actual dose and regimen selected for this part of the study will be based on the safety, tolerability, and PK of ABC-123 as determined during the ongoing SAD component of the study. To account for anticipated accumulation, the dose selected for the repeat-dose cohort will not exceed 50% of a dose that has previously been shown to be safe and well tolerated in the single-dose cohort. Sentinel dosing is not required during this part of the study. Participants must not have been enrolled in the SAD component. | E22: Protocol Example (28Sep2023) 1 | F22: Provide a concise lay term for the SAD portion of the study, matching the flow for an inline reference. | G22: the single-dose part of the study | H22: 0 | I22: #VALUE! | J22: 0 | K22: 0
A23: <Bullet list of lay terminology of all assessments required during Check-in/Day1> | B23: 0 | C23: Paragraph | D23: Participants should avoid strenuous activity within 24 hours prior to Check-in and subsequent return visits. Participants may engage in light recreational activities during the study (eg, watching television, reading). Study participants in the repeat-dose cohort may continue their usual exercise/activity regimen but should not increase intensity during the study. | E23: Protocol Example (28Sep2023) 1 | F23: List all assessments required during Check-in/Day 1 using lay terminology as a concise bullet or inline list. | G23: Blood pressure, pulse rate, respiratory rate, body temperature, blood tests, heart monitoring (ECG), physical examination, and mental health assessment. | H23: 0 | I23: #VALUE! | J23: 0 | K23: 0
A24: <lay terminology for repeat-dose portion of study> | B24: 0 | C24: Paragraph | D24: The SAD portion of this study is a standard design for first-in-human testing with a monoclonal antibody. In addition, a 4-week repeated dose cohort will allow confirmation of the safety, tolerability, and repeat-dose PK and immunogenicity in the target population prior to proceeding to subsequent repeat-dose studies in a patient population. | E24: Protocol Example (28Sep2023) 1 | F24: 0 | G24: 0 | H24: 0 | I24: #VALUE! | J24: 0 | K24: 0
A25: <Bullet list of lay terminology of all assessments required during first Check-in/Day1> | B25: 0 | C25: Paragraph | D25: Participants should avoid strenuous activity within 24 hours prior to Check-in and subsequent return visits. Participants may engage in light recreational activities during the study (eg, watching television, reading). Study participants in the repeat-dose cohort may continue their usual exercise/activity regimen but should not increase intensity during the study. | E25: Protocol Example (28Sep2023) 1 | F25: List all assessments required during the first Check-in/Day 1 in simple, lay language as a concise inline bullet list. | G25: Blood pressure, pulse rate, respiratory rate, body temperature, ECG (heart tracing), blood tests, physical examination, mental health assessment. | H25: 0 | I25: #VALUE! | J25: 0 | K25: 0
A26: <Second Check-in/Day X> | B26: 0 | C26: Paragraph | D26: All screening tests establishing eligibility will be performed following informed consent and within 35 days prior to study intervention administration. Each participant will be enrolled in 1 dose cohort only; participants will reside at the Clinical Research Unit (CRU) from Day 2 to Day 8. In each cohort, participants will receive a subcutaneous (SC) dose of ABC-123 (6 participants) or placebo (2 participants) on Day 1. To assure safety and tolerability of the starting dose, 2 sentinel participants will be dosed first in Cohort 1 (1 active drug and 1 placebo to maintain study blinding); the remaining Cohort 1 participants may be dosed at least 48 hours later, after initial safety of the sentinel participants is confirmed by the Phase 1 Unit Principal Investigator in consultation with the Sponsor. | E26: Protocol Example (28Sep2023) 1 | F26: Summarize the activities and timing for the second Check-in/Day X, focusing on follow-up visit requirements and monitoring procedures. | G26: At the second Check-in/Day X, participants will return to the Clinical Research Unit (CRU) for follow-up study visits as outlined in the Schedule of Assessments. These visits will occur up to 6 weeks post dosing for the initial cohorts and up to 10 weeks post dosing for subsequent cohorts, ensuring ongoing monitoring of safety, tolerability, and relevant study parameters. | H26: 0 | I26: #VALUE! | J26: 0 | K26: 0
A27: <second Check-in/Day X> | B27: 0 | C27: Paragraph | D27: All screening tests establishing eligibility will be performed following informed consent and within 35 days prior to study intervention administration. Each participant will be enrolled in 1 dose cohort only; participants will reside at the Clinical Research Unit (CRU) from Day 2 to Day 8. In each cohort, participants will receive a subcutaneous (SC) dose of ABC-123 (6 participants) or placebo (2 participants) on Day 1. To assure safety and tolerability of the starting dose, 2 sentinel participants will be dosed first in Cohort 1 (1 active drug and 1 placebo to maintain study blinding); the remaining Cohort 1 participants may be dosed at least 48 hours later, after initial safety of the sentinel participants is confirmed by the Phase 1 Unit Principal Investigator in consultation with the Sponsor. | E27: Protocol Example (28Sep2023) 1 | F27: Replace with the specific days corresponding to the second check-in as described in the study schedule. | G27: Second Check-in/Day 2 to Day 8 | H27: 0 | I27: #VALUE! | J27: 0 | K27: 0
A28: <Bullet list of lay terminology of all assessments required during second Check-in> | B28: 0 | C28: Paragraph | D28: Safety measurements, including 12-lead ECG; vital sign monitoring including blood pressure, pulse rate, respiratory rate, and body temperature; clinical laboratory tests (chemistry, hematology, lipid profile); physical examinations; mental health assessment; and other metrics, will be obtained at specific time points per the SoA. Adverse events and concomitant medication use will be monitored throughout the study. Refer to Section 6.6 for further details on dose modifications | E28: Protocol Example (28Sep2023) 1 | F28: List in lay terminology all assessments required during the second Check-in period, formatted as a concise inline list. | G28: blood tests, heart monitoring (ECG), checking vital signs (blood pressure, pulse, breathing rate, body temperature), physical exams, and mental health checks | H28: 0 | I28: #VALUE! | J28: 0 | K28: 0
A29: <Final Check-out/Day X> | B29: 0 | C29: Paragraph | D29: Donation of blood is not permitted from 8 weeks (16 weeks for double red cell donation) prior to Screening until 90 days after the final Follow-up visit. | E29: Protocol Example (28Sep2023) 1 | F29: Describe the activities or assessments to be performed at the final Check-out or Day X at the end of the in-residence period. | G29: 0 | H29: 0 | I29: #VALUE! | J29: 0 | K29: 0
A30: <final Check-out/Day X> | B30: 0 | C30: Paragraph | D30: Donation of blood is not permitted from 8 weeks (16 weeks for double red cell donation) prior to Screening until 90 days after the final Follow-up visit. | E30: Protocol Example (28Sep2023) 1 | F30: Insert the correct day for final Check-out as referenced in the study schedule. | G30: final Check-out/Day 8 | H30: 0 | I30: #VALUE! | J30: 0 | K30: 0
A31: <lay terminology for SAD portion of study, Cohorts X-X> | B31: 0 | C31: Paragraph | D31: All screening tests establishing eligibility will be performed following informed consent and within 35 days prior to study intervention administration. Each participant will be enrolled in 1 dose cohort only; participants will reside at the Clinical Research Unit (CRU) from Day 2 to Day 8. In each cohort, participants will receive a subcutaneous (SC) dose of ABC-123 (6 participants) or placebo (2 participants) on Day 1. To assure safety and tolerability of the starting dose, 2 sentinel participants will be dosed first in Cohort 1 (1 active drug and 1 placebo to maintain study blinding); the remaining Cohort 1 participants may be dosed at least 48 hours later, after initial safety of the sentinel participants is confirmed by the Phase 1 Unit Principal Investigator in consultation with the Sponsor. Following Check-out from the CRU, all participants will return for Follow-up study visits up to 6 weeks post dosing in the first 3 cohorts and 10 weeks post dosing in the remaining cohorts as shown in the Schedule of Assessments (SoA; Section 1.3). | E31: Protocol Example (28Sep2023) 1 | F31: Provide a layperson description of the SAD portion of the study and how cohorts are used. | G31: the part of the study where small groups of healthy volunteers (cohorts) receive single increasing doses of the study drug to see how safe it is | H31: 0 | I31: #VALUE! | J31: 0 | K31: 0
A32: <lay terminology for SAD portion of study, Cohorts X-X> | B32: 0 | C32: Paragraph | D32: All screening tests establishing eligibility will be performed following informed consent and within 35 days prior to study intervention administration. Each participant will be enrolled in 1 dose cohort only; participants will reside at the Clinical Research Unit (CRU) from Day 2 to Day 8. In each cohort, participants will receive a subcutaneous (SC) dose of ABC-123 (6 participants) or placebo (2 participants) on Day 1. To assure safety and tolerability of the starting dose, 2 sentinel participants will be dosed first in Cohort 1 (1 active drug and 1 placebo to maintain study blinding); the remaining Cohort 1 participants may be dosed at least 48 hours later, after initial safety of the sentinel participants is confirmed by the Phase 1 Unit Principal Investigator in consultation with the Sponsor. Following Check-out from the CRU, all participants will return for Follow-up study visits up to 6 weeks post dosing in the first 3 cohorts and 10 weeks post dosing in the remaining cohorts as shown in the Schedule of Assessments (SoA; Section 1.3). | E32: Protocol Example (28Sep2023) 1 | F32: Provide a layperson description of the SAD portion of the study and how cohorts are used. | G32: the part of the study where small groups of healthy volunteers (cohorts) receive single increasing doses of the study drug to see how safe it is | H32: 0 | I32: #VALUE! | J32: 0 | K32: 0
A33: <lay terminology for repeat-dose portion of study> | B33: 0 | C33: Paragraph | D33: The SAD portion of this study is a standard design for first-in-human testing with a monoclonal antibody. In addition, a 4-week repeated dose cohort will allow confirmation of the safety, tolerability, and repeat-dose PK and immunogenicity in the target population prior to proceeding to subsequent repeat-dose studies in a patient population. | E33: Protocol Example (28Sep2023) 1 | F33: 0 | G33: 0 | H33: 0 | I33: #VALUE! | J33: 0 | K33: 0
A34: <local health authority> | B34: 0 | C34: Paragraph | D34: The Sponsor has a legal responsibility to notify both the local regulatory authority and other regulatory agencies about the safety of a study intervention under clinical investigation. The Sponsor will comply with country-specific regulatory requirements relating to safety reporting to the regulatory authority, IRBs/Independent Ethics Committees (IECs), and Investigators | E34: Protocol Example (28Sep2023) 1 | F34: Provide the official term for the authority to which positive HIV test results must be reported, maintaining inline continuity. | G34: local regulatory authority | H34: 0 | I34: #VALUE! | J34: 0.63 | K34: 0
A35: <local health authority> | B35: 0 | C35: Paragraph | D35: The Sponsor has a legal responsibility to notify both the local regulatory authority and other regulatory agencies about the safety of a study intervention under clinical investigation. The Sponsor will comply with country-specific regulatory requirements relating to safety reporting to the regulatory authority, IRBs/Independent Ethics Committees (IECs), and Investigators | E35: Protocol Example (28Sep2023) 1 | F35: Provide the official term for the authority to which positive HIV test results must be reported, maintaining inline continuity. | G35: local regulatory authority | H35: 0 | I35: #VALUE! | J35: 0 | K35: 0
A36: <CRO Name> | B36: 0 | C36: Paragraph | D36: 0 | E36: Protocol Example (28Sep2023) 1 | F36: Summarize the CRO's role and oversight by the Sponsor as described in the context. | G36: <p>The Contract Research Organization (CRO) involved in this study will work under the oversight of the Sponsor, with certain actions delegated to them as appropriate.</p> | H36: 0 | I36: #VALUE! | J36: 0 | K36: 0
A37: <CRO Name> | B37: 0 | C37: Paragraph | D37: 0 | E37: Protocol Example (28Sep2023) 1 | F37: Replace <CRO Name> with the formal term for the contract research organization as referenced in the protocol. | G37: Contract Research Organization (CRO) | H37: 0 | I37: #VALUE! | J37: 0 | K37: 0
A38: <side effect> | B38: 0 | C38: Paragraph | D38: Additional risks observed in clinical studies with blorp inductors include gastrointestinal adverse events (primarily nausea, diarrhea, and vomiting), asthenia/fatigue, hot flushes, and dizziness. | E38: Protocol Example (28Sep2023) 1 | F38: List the most common side effects seen in people given drugs similar to the study drug, as described in the context. | G38: <li>Gastrointestinal adverse effects</li><li>Psychiatric effects (eg, amphibious jocularity, levitation, the crunge)</li><li>Neurological effects</li> | H38: 0 | I38: 0 | J38: 0 | K38: 0
A39: <side effect> | B39: 0 | C39: Paragraph | D39: The safety profile of blorp inductors has been extensively studied with 3 different framptoheebic agglomerators in completed Phase 3 clinical studies (milflexilor, vermithrax, and narbixil). Adverse psychiatric and neurological effects ultimately led to the termination of the development programs. However, outside of the CNS adverse effects, blorp inductors were otherwise reported to be generally safe and well tolerated, with primary adverse effects being gastrointestinal in nature. Furthermore, blorp knockout mice exhibited no serious adverse effects, supporting the general safety of blorb inductors. | E39: Protocol Example (28Sep2023) 1 | F39: List the main side effects and adverse effects associated with blorp inductors and/or ABC-123. | G39: <li>Adverse psychiatric and neurological effects (eg, amphibious jocularity, levitation, and the crunge)</li><li>Gastrointestinal adverse effects</li> | H39: 0 | I39: 0 | J39: 0 | K39: 0
A40: <side effect> | B40: 0 | C40: Paragraph | D40: The safety profile of blorp inductors has been extensively studied with 3 different framptoheebic agglomerators in completed Phase 3 clinical studies (milflexilor, vermithrax, and narbixil). Adverse psychiatric and neurological effects ultimately led to the termination of the development programs. However, outside of the CNS adverse effects, blorp inductors were otherwise reported to be generally safe and well tolerated, with primary adverse effects being gastrointestinal in nature. Furthermore, blorp knockout mice exhibited no serious adverse effects, supporting the general safety of blorb inductors. | E40: Protocol Example (28Sep2023) 1 | F40: List the main side effects observed or anticipated for blorp inductors and ABC-123. | G40: <li>Adverse psychiatric and neurological effects (eg, amphibious jocularity, levitation, and the crunge)</li><li>Gastrointestinal adverse effects</li><li>Potential for CNS-associated adverse effects</li> | H40: 0 | I40: 0 | J40: 0 | K40: 0
A41: <side effect> | B41: 0 | C41: Paragraph | D41: ABC-123 targets peripheral receptors, potentially reducing the risk for the CNS-associated adverse effects observed in blorp inductors (ie, amphibious jocularity, levitation, and the crunge). Participants in the ABC-123 clinical program will be closely monitored for these CNS-associated risks until sufficient data in the ABC-123 clinical program are available to discharge these risks. | E41: Protocol Example (28Sep2023) 1 | F41: List the CNS-associated side effects observed with similar drugs (blorp inductors) that participants will be monitored for. | G41: <li>Amphibious jocularity</li><li>Levitation</li><li>The crunge</li> | H41: 0 | I41: 0 | J41: 0 | K41: 0
A42: <side effect> | B42: 0 | C42: Paragraph | D42: ABC-123 targets peripheral receptors, potentially reducing the risk for the CNS-associated adverse effects observed in blorp inductors (ie, amphibious jocularity, levitation, and the crunge). Participants in the ABC-123 clinical program will be closely monitored for these CNS-associated risks until sufficient data in the ABC-123 clinical program are available to discharge these risks. | E42: Protocol Example (28Sep2023) 1 | F42: List the CNS-associated side effects seen with similar drugs that cross into the brain. | G42: <li>amphibious jocularity</li><li>levitation</li><li>the crunge</li> | H42: 0 | I42: 0 | J42: 0 | K42: 0
A43: <side effect> | B43: 0 | C43: Paragraph | D43: The safety profile of blorp inductors has been extensively studied with 3 different framptoheebic agglomerators in completed Phase 3 clinical studies (milflexilor, vermithrax, and narbixil). Adverse psychiatric and neurological effects ultimately led to the termination of the development programs. However, outside of the CNS adverse effects, blorp inductors were otherwise reported to be generally safe and well tolerated, with primary adverse effects being gastrointestinal in nature. Furthermore, blorp knockout mice exhibited no serious adverse effects, supporting the general safety of blorb inductors. | E43: Protocol Example (28Sep2023) 1 | F43: List the adverse effects and monitoring considerations mentioned for blorp inductors and ABC-123. | G43: <li>Adverse psychiatric and neurological effects (including amphibious jocularity, levitation, and the crunge) observed with blorp inductors</li><li>Gastrointestinal adverse effects reported as the primary non-CNS side effects of blorp inductors</li><li>No serious adverse effects observed in blorp knockout mice</li><li>Participants in the ABC-123 clinical program will be monitored for CNS-associated risks</li><li>Participants will be monitored closely for adverse effects resulting from study drug administration</li> | H43: 0 | I43: 0 | J43: 0 | K43: 0
A44: <side effect> | B44: 0 | C44: Paragraph | D44: Additional risks observed in clinical studies with blorp inductors include gastrointestinal adverse events (primarily nausea, diarrhea, and vomiting), asthenia/fatigue, hot flushes, and dizziness. | E44: Protocol Example (28Sep2023) 1 | F44: List the main adverse effects and side effects associated with blorp inductors and ABC-123, specifying both CNS and non-CNS events. | G44: <li>Gastrointestinal adverse effects (primary non-CNS)</li><li>Adverse psychiatric effects (e.g., amphibious jocularity)</li><li>Neurological adverse effects (e.g., levitation, the crunge)</li> | H44: 0 | I44: 0 | J44: 0 | K44: 0
A45: <side effect> | B45: 0 | C45: Paragraph | D45: The safety profile of blorp inductors has been extensively studied with 3 different framptoheebic agglomerators in completed Phase 3 clinical studies (milflexilor, vermithrax, and narbixil). Adverse psychiatric and neurological effects ultimately led to the termination of the development programs. However, outside of the CNS adverse effects, blorp inductors were otherwise reported to be generally safe and well tolerated, with primary adverse effects being gastrointestinal in nature. Furthermore, blorp knockout mice exhibited no serious adverse effects, supporting the general safety of blorb inductors. | E45: Protocol Example (28Sep2023) 1 | F45: List the main side effects associated with the study drug, focusing on CNS and gastrointestinal effects. | G45: <li>Adverse psychiatric and neurological effects, including amphibious jocularity, levitation, and the crunge</li><li>Gastrointestinal adverse effects</li> | H45: 0 | I45: 0 | J45: 0 | K45: 0
A46: <Lay terminology summarizing protocol requirement for females receiving HRT and whose menopausual status is in doubt.> | B46: 0 | C46: Paragraph | D46: Females on HRT and whose menopausal status is in doubt will be required to use one of the non-estrogen hormonal highly effective contraception methods if they wish to continue their HRT during the study. Otherwise, they must discontinue HRT to allow confirmation of postmenopausal status before study enrollment. | E46: Protocol Example (28Sep2023) 1 | F46: Summarize in lay terms the protocol rule for women on HRT with uncertain menopause status. | G46: Women who are taking hormone replacement therapy (HRT) and whose menopausal status is uncertain must either stop HRT to confirm menopause before joining the study or, if they wish to continue HRT, use a highly effective non-estrogen hormonal birth control method during the study. | H46: 0 | I46: 0 | J46: 0 | K46: 0
A47: <study disease> | B47: 0 | C47: Paragraph | D47: Lurgi is the leading cause of boneitis, eventually leading to the need for surgical intervention in the form of either a partial or complete brainectomy (Biagini et al. 2008). Zammoxin has been the standard of care for many years, and myrnestristoate has recently been approved in the European Union and United States (US) as an additional treatment. Even with treatment, patients with lurgi continue to be at risk for the morbidity, mortality, and impaired quality of life associated with boneitis. Thus, a high unmet medical need remains. | E47: Protocol Example (28Sep2023) 1 | F47: Insert the name of the disease being studied for which participants may benefit from ABC-123. | G47: boneitis due to lurgi | H47: 0 | I47: 0 | J47: 0 | K47: 0

Sheet KeyValue
A2: Placeholder | C2: Placeholder Type | D2: Expected Value | E2: Source Document | F2: Writing instruction | G2: AI Replaced Text | H2: Ai detected Source | I2: Matching Accuracy | J2: Similarity Score | K2: Source Match
A3: {=_xlfn._xlws.FILTER(QA!A3:K500, QA!C3:C500="KeyValue")} -> <Sponsor Name> | B3: 0 | C3: KeyValue | D3: Stendarr, Inc. | E3: Protocol Example (28Sep2023) 1 | F3: Insert the official sponsor name in line with protocol header formatting. | G3: Stendarr, Inc. | H3: 0 | I3: #VALUE! | J3: 0.99 | K3: 0
A4: <Protocol Number> | B4: 0 | C4: KeyValue | D4: SKY-2000-101 | E4: Protocol Example (28Sep2023) 1 | F4: Insert the official protocol number in the format used in the source document. | G4: SKY-2000-101 | H4: 0 | I4: #VALUE! | J4: 1 | K4: 0
A5: <Principal Investigator Name> | B5: 0 | C5: KeyValue | D5: Karliah N. Gale, MD​profe​ | E5: Protocol Example (28Sep2023) 1 | F5: 0 | G5: 0 | H5: 0 | I5: #VALUE! | J5: 0 | K5: 0
A6: <IRB Company Name> | B6: 0 | C6: KeyValue | D6: Stendarr, Inc. | E6: Protocol Example (28Sep2023) 1 | F6: Insert the IRB company name in a concise, inline format. | G6: Stendarr, Inc. | H6: 0 | I6: #VALUE! | J6: 0.99 | K6: 0
A7: <Sponsor> | B7: 0 | C7: KeyValue | D7: Stendarr, Inc. | E7: Protocol Example (28Sep2023) 1 | F7: Insert the sponsor's name in line with the protocol header formatting. | G7: Stendarr, Inc. | H7: 0 | I7: #VALUE! | J7: 0.99 | K7: 0
A8: <Protocol Number> | B8: 0 | C8: KeyValue | D8: SKY-2000-101 | E8: Protocol Example (28Sep2023) 1 | F8: Insert the official protocol number in the format used in the source document. | G8: SKY-2000-101 | H8: 0 | I8: #VALUE! | J8: 1 | K8: 0
A9: <Principal Investigator Name> | B9: 0 | C9: KeyValue | D9: Karliah N. Gale, MD​profe​ | E9: Protocol Example (28Sep2023) 1 | F9: 0 | G9: 0 | H9: 0 | I9: #VALUE! | J9: 0 | K9: 0
A10: <Telephone> | B10: 0 | C10: KeyValue | D10: 555-999-1111 | E10: Protocol Example (28Sep2023) 1 | F10: Insert the Principal Investigator's telephone number in standard format after 'Telephone:'. | G10: 0 | H10: 0 | I10: #VALUE! | J10: 0 | K10: 0
A11: <Address> | B11: 0 | C11: KeyValue | D11: 123 Fake Street, Anytown, CO, USA 80002 | E11: Protocol Example (28Sep2023) 1 | F11: Insert the registered address in standard mailing format, maintaining inline continuity. | G11: 123 Fake Street, Anytown, CO, USA 80002 | H11: 0 | I11: #VALUE! | J11: 0.93 | K11: 0
A12: <Sponsor Name> | B12: 0 | C12: KeyValue | D12: Stendarr, Inc. | E12: Protocol Example (28Sep2023) 1 | F12: Insert the official sponsor name in line with protocol header formatting. | G12: Stendarr, Inc. | H12: 0 | I12: #VALUE! | J12: 0.99 | K12: 0
A13: <Protocol Number> | B13: 0 | C13: KeyValue | D13: SKY-2000-101 | E13: Protocol Example (28Sep2023) 1 | F13: Insert the official protocol number in the format used in the source document. | G13: SKY-2000-101 | H13: 0 | I13: #VALUE! | J13: 1 | K13: 0
A14: <Principal Investigator Name> | B14: 0 | C14: KeyValue | D14: Karliah N. Gale, MD​profe​ | E14: Protocol Example (28Sep2023) 1 | F14: 0 | G14: 0 | H14: 0 | I14: #VALUE! | J14: 0 | K14: 0
A15: <IRB Company Name> | B15: 0 | C15: KeyValue | D15: Stendarr, Inc. | E15: Protocol Example (28Sep2023) 1 | F15: Insert the IRB company name in a concise, inline format. | G15: Stendarr, Inc. | H15: 0 | I15: #VALUE! | J15: 0.99 | K15: 0
A16: <disease> | B16: 0 | C16: KeyValue | D16: Boneitis | E16: Protocol Example (28Sep2023) 1 | F16: 0 | G16: 0 | H16: 0 | I16: #VALUE! | J16: 0 | K16: 0
A17: <XX participants> | B17: 0 | C17: KeyValue | D17: 56 participants | E17: Protocol Example (28Sep2023) 1 | F17: Provide the maximum number of participants expected in this study, formatted for inline continuity. | G17: up to 28 participants | H17: 0 | I17: #VALUE! | J17: 0.57 | K17: 0
A18: <XX applicable time unit> | B18: 0 | C18: KeyValue | D18: 5 week | E18: Protocol Example (28Sep2023) 1 | F18: Replace the placeholder with the estimated total time commitment (in appropriate units) for study participation. | G18: 2 to 4 weeks | H18: 0 | I18: #VALUE! | J18: 0.59 | K18: 0
A19: <study drug ID> | B19: 0 | C19: KeyValue | D19: ABC-123 | E19: Protocol Example (28Sep2023) 1 | F19: 0 | G19: 0 | H19: 0 | I19: #VALUE! | J19: 0 | K19: 0
A20: <XX applicable time unit> | B20: 0 | C20: KeyValue | D20: 5 week | E20: Protocol Example (28Sep2023) 1 | F20: Replace the placeholder with the estimated total time commitment (in appropriate units) for study participation. | G20: 2 to 4 weeks | H20: 0 | I20: #VALUE! | J20: 0.59 | K20: 0
A21: <study drug ID> | B21: 0 | C21: KeyValue | D21: ABC-123 | E21: Protocol Example (28Sep2023) 1 | F21: 0 | G21: 0 | H21: 0 | I21: #VALUE! | J21: 0 | K21: 0
A22: <Sponsor Name> | B22: 0 | C22: KeyValue | D22: Stendarr, Inc. | E22: Protocol Example (28Sep2023) 1 | F22: Insert the official sponsor name in line with protocol header formatting. | G22: Stendarr, Inc. | H22: 0 | I22: #VALUE! | J22: 0.99 | K22: 0
A23: <Protocol Number> | B23: 0 | C23: KeyValue | D23: SKY-2000-101 | E23: Protocol Example (28Sep2023) 1 | F23: Insert the official protocol number in the format used in the source document. | G23: SKY-2000-101 | H23: 0 | I23: #VALUE! | J23: 1 | K23: 0
A24: <Principal Investigator Name> | B24: 0 | C24: KeyValue | D24: Karliah N. Gale, MD​profe​ | E24: Protocol Example (28Sep2023) 1 | F24: 0 | G24: 0 | H24: 0 | I24: #VALUE! | J24: 0 | K24: 0
A25: <IRB Company Name> | B25: 0 | C25: KeyValue | D25: Stendarr, Inc. | E25: Protocol Example (28Sep2023) 1 | F25: Insert the IRB company name in a concise, inline format. | G25: Stendarr, Inc. | H25: 0 | I25: #VALUE! | J25: 0.99 | K25: 0
A26: <disease> | B26: 0 | C26: KeyValue | D26: Boneitis | E26: Protocol Example (28Sep2023) 1 | F26: Insert the disease name treated by the investigational drug, formatted for inline continuity. | G26: boneitis | H26: 0 | I26: #VALUE! | J26: 1 | K26: 0
A27: <X cohorts (or groups) of X participants> | B27: 0 | C27: KeyValue | D27: 3 cohorts of 56 participants | E27: Protocol Example (28Sep2023) 1 | F27: Insert the number of cohorts and participants per cohort for the SAD phase in the format 'X cohorts of X participants'. | G27: 6 cohorts of 8 participants | H27: 0 | I27: #VALUE! | J27: 0.63 | K27: 0
A28: <study drug ID> | B28: 0 | C28: KeyValue | D28: Abc-123 | E28: Protocol Example (28Sep2023) 1 | F28: 0 | G28: 0 | H28: 0 | I28: #VALUE! | J28: 0 | K28: 0
A29: <X mg> | B29: 0 | C29: KeyValue | D29: 600 mg | E29: Protocol Example (28Sep2023) 1 | F29: 0 | G29: 0 | H29: 0 | I29: #VALUE! | J29: 0 | K29: 0
A30: <XXXX-fold> | B30: 0 | C30: KeyValue | D30: 318 fold | E30: Protocol Example (28Sep2023) 1 | F30: 0 | G30: 0 | H30: 0 | I30: #VALUE! | J30: 0 | K30: 0
A31: <Day X> | B31: 0 | C31: KeyValue | D31: 7 day | E31: Protocol Example (28Sep2023) 1 | F31: Replace <Day X> with the specific number of days post-dose after which cohort data will be reviewed. | G31: 7 days post-dose | H31: 0 | I31: #VALUE! | J31: 0.98 | K31: 0
A32: <X cohorts of X participants> | B32: 0 | C32: KeyValue | D32: 3 cohorts of 56 participants | E32: Protocol Example (28Sep2023) 1 | F32: State the number of cohorts and participants for the repeat-dose portion of the study in the format 'X cohort(s) of X participants.' | G32: 1 cohort of 8 participants | H32: 0 | I32: #VALUE! | J32: 0.58 | K32: 0
A33: <study drug ID> | B33: 0 | C33: KeyValue | D33: Abc-123 | E33: Protocol Example (28Sep2023) 1 | F33: 0 | G33: 0 | H33: 0 | I33: #VALUE! | J33: 0 | K33: 0
A34: <insert age eligibility criteria> | B34: 0 | C34: KeyValue | D34: 18 to 65 years | E34: Protocol Example (28Sep2023) 1 | F34: Insert the age eligibility criteria for study participants in lay terms. | G34: 18 to 55 years | H34: 0 | I34: #VALUE! | J34: 0.67 | K34: 0
A35: <Cohorts X – X> | B35: 0 | C35: KeyValue | D35: Cohorts 1-3 | E35: Protocol Example (28Sep2023) 1 | F35: 0 | G35: 0 | H35: 0 | I35: #VALUE! | J35: 0 | K35: 0
A36: <Cohorts X – X> | B36: 0 | C36: KeyValue | D36: Cohorts 1-3 | E36: Protocol Example (28Sep2023) 1 | F36: 0 | G36: 0 | H36: 0 | I36: #VALUE! | J36: 0 | K36: 0
A37: <insert age eligibility criteria> | B37: 0 | C37: KeyValue | D37: 18 to 65 years | E37: Protocol Example (28Sep2023) 1 | F37: Insert the age eligibility criteria for study participants in lay terms. | G37: 18 to 55 years | H37: 0 | I37: #VALUE! | J37: 0.67 | K37: 0
A38: <XX days> | B38: 0 | C38: KeyValue | D38: 35 days | E38: Protocol Example (28Sep2023) 1 | F38: Replace <XX days> with the specified number of days allowed between the screening visit and clinic return as per protocol. | G38: 35 days | H38: 0 | I38: #VALUE! | J38: 1 | K38: 0
A39: <Check-out/Day X> | B39: 0 | C39: KeyValue | D39: 6 weeks | E39: Protocol Example (28Sep2023) 1 | F39: Describe the assessments or procedures performed at Check-out/Day X for participants during the in-residence period. | G39: 0 | H39: 0 | I39: #VALUE! | J39: 0 | K39: 0
A40: <Check-out/Day X> | B40: 0 | C40: KeyValue | D40: 6 weeks | E40: Protocol Example (28Sep2023) 1 | F40: Provide a concise phrase describing Check-out from the Clinical Research Unit (CRU) as referenced in the study protocol. | G40: Check-out from the Clinical Research Unit (CRU) | H40: 0 | I40: #VALUE! | J40: 0 | K40: 0
A41: <XX days> | B41: 0 | C41: KeyValue | D41: 35 days | E41: Protocol Example (28Sep2023) 1 | F41: Replace <XX days> with the specified number of days allowed between the screening visit and clinic return as per protocol. | G41: 35 days | H41: 0 | I41: #VALUE! | J41: 1 | K41: 0
A42: <First Check-out/Day X> | B42: 0 | C42: KeyValue | D42: 6 weeks | E42: Protocol Example (28Sep2023) 1 | F42: Summarize what procedures or activities are performed at the first Check-out or on Day X based on protocol. | G42: 0 | H42: 0 | I42: #VALUE! | J42: 0 | K42: 0
A43: <first Check-out/Day X> | B43: 0 | C43: KeyValue | D43: 6 weeks | E43: Protocol Example (28Sep2023) 1 | F43: 0 | G43: 0 | H43: 0 | I43: #VALUE! | J43: 0 | K43: 0
A44: <disease> | B44: 0 | C44: KeyValue | D44: Boneitis | E44: Protocol Example (28Sep2023) 1 | F44: Insert the name of the disease that the study is focused on. | G44: boneitis | H44: 0 | I44: #VALUE! | J44: 1 | K44: 0
A45: <XX years> | B45: 0 | C45: KeyValue | D45: 2 years | E45: Protocol Example (28Sep2023) 1 | F45: 0 | G45: 0 | H45: 0 | I45: #VALUE! | J45: 0 | K45: 0
A46: <study drug ID> | B46: 0 | C46: KeyValue | D46: ABC-123 | E46: Protocol Example (28Sep2023) 1 | F46: 0 | G46: 0 | H46: 0 | I46: #VALUE! | J46: 0 | K46: 0
A47: <XX years> | B47: 0 | C47: KeyValue | D47: 2 years | E47: Protocol Example (28Sep2023) 1 | F47: 0 | G47: 0 | H47: 0 | I47: #VALUE! | J47: 0 | K47: 0
A48: <Study drug ID> | B48: 0 | C48: KeyValue | D48: ABC-123 | E48: Protocol Example (28Sep2023) 1 | F48: 0 | G48: 0 | H48: 0 | I48: #VALUE! | J48: 0 | K48: 0
A49: <XX-fold> | B49: 0 | C49: KeyValue | D49: 318-fold | E49: Protocol Example (28Sep2023) 1 | F49: Insert the appropriate fold multiple (e.g., 318-fold) representing how much larger the highest dose is compared to the starting dose. | G49: 318-fold | H49: 0 | I49: 0 | J49: 0 | K49: 0
A50: <study drug ID> | B50: 0 | C50: KeyValue | D50: ABC-123 | E50: Protocol Example (28Sep2023) 1 | F50: 0 | G50: 0 | H50: 0 | I50: 0 | J50: 0 | K50: 0
A51: <study drug ID> | B51: 0 | C51: KeyValue | D51: ABC-123 | E51: Protocol Example (28Sep2023) 1 | F51: 0 | G51: 0 | H51: 0 | I51: 0 | J51: 0 | K51: 0
A52: <IRB Company> | B52: 0 | C52: KeyValue | D52: Institutional Review Board (IRB) | E52: Protocol Example (28Sep2023) 1 | F52: Replace the placeholder with the formal name of the IRB or institutional review body as referenced in the protocol. | G52: Institutional Review Board (IRB) | H52: 0 | I52: 0 | J52: 0 | K52: 0

Sheet Lists
A2: Placeholder | C2: Placeholder Type | D2: Expected Value | E2: Source Document | F2: Writing instruction | G2: AI Replaced Text | H2: Ai detected Source | I2: Matching Accuracy | J2: Similarity Score | K2: Source Match
A3: {=_xlfn._xlws.FILTER(QA!A3:K500, QA!C3:C500="List")} -> #VALUE!
K6: {=_xlfn._xlws.FILTER(QA!A3:K500, QA!C3:C500="List")} -> <insert disease criteria> | L6: 0 | M6: List | N6: Understands study procedures and voluntarily provides written informed consent. Willing and able to abide by the study restrictions, including the lifestyle considerations in Section 5.3. Willing and able to complete all study visits, in-residence requirements, and procedures. 18 to 65 years of age at the time of signing informed consent. Body mass index (BMI) between 18.0 and 35.0 kg/m2, inclusive, at Screening. Female participants will be of non-childbearing potential (refer to Section 10.5 [Appendix 5] for definition of non-childbearing potential). Male participants will agree to use contraception while on study intervention and for at least 6 months after the last dose of study intervention. SAD cohorts only: Participants must be in good health, determined by no clinically significant findings from medical history, physical examination, 12-lead ECG, vital signs measurements, and clinical laboratory evaluations (see exclusion criteria for criteria for specific labs) at Screening as assessed by the Investigator. Clinical laboratory assessments may be repeated once at the Investigator’s discretion if laboratory error is suspected. Repeat-dose cohort only: boneitis treated with Zammoxin or myrnestristoate and in otherwise good health except for well-controlled common conditions associated with boneitis, such as acid sweat or tonsillar invisibility. Clinical laboratory assessments may be repeated once at the Investigator’s discretion if laboratory error is suspected. | O6: Protocol Example (28Sep2023) 1 | P6: Insert the specific disease or condition criteria for participant eligibility in this clinical study. | Q6: boneitis due to lurgi | R6: 0 | S6: #VALUE! | T6: 0 | U6: 0
K7: <bulleted list of lay terminology summarizing the study exclusion criteria> | L7: 0 | M7: List | N7: Exclusion Criteria History of, or treatment for, rock-joint, including clunge or brain wobbles within 5 years of the Screening visit. History of spontaneous combustion. Blood pressure >155 mmHg systolic or >95 mmHg diastolic. Known heart disease or clinically significant abnormalities identified in the 12-lead ECG at Screening. Specific exclusion criteria are: QT interval corrected for heart rate using Fridericia’s method (QTcF) >450 msec (males) or >470 msec (females) confirmed by calculating the mean of the original value and 2 repeats. QRS duration >120 msec confirmed by calculating the mean of the original value and 2 repeats. PR interval >220 msec confirmed by calculating the mean of the original value and 2 repeats. Findings that would make corrected QT (QTc) measurements difficult or QTc data uninterpretable. Family history of long QT syndrome. Female participant with a positive pregnancy test or who is lactating at Screening. History of alcoholism or drug/chemical abuse within 2 years prior to Screening. Prior exposure to ABC-123 or any other blorp induction therapy. Participation in a clinical study involving administration of an investigational drug (new chemical entity) in the past 30 days or 5 half-lives of last dose (whichever is longer) prior to first dosing. History of significant hypersensitivity, intolerance, or allergy to more than one class of drugs. Aspartate aminotransferase, alanine aminotransferase, or total bilirubin >2 × upper limit of normal. Positive hepatitis panel and/or positive human immunodeficiency virus test. Participants whose results are compatible with prior immunization may be included. Have previously completed or withdrawn from this study. Alternates for prior cohorts who were not assigned to treatment and did not receive study intervention are considered eligible. SAD cohorts only: Fasting glucose >126 mg/dL. | O7: Protocol Example (28Sep2023) 1 | P7: Summarize the study exclusion criteria as a bulleted list in layperson's terms. | Q7: <ul><li>History of rock-joint (including clunge or brain wobbles) in the past 5 years</li><li>History of spontaneous combustion</li><li>High blood pressure (&gt;155/95 mmHg)</li><li>Heart problems or abnormal heart tests</li><li>QT interval or QRS duration outside normal range on ECG</li><li>Family history of long QT syndrome</li><li>Pregnant or breastfeeding women</li><li>Alcohol or drug abuse in the past 2 years</li><li>Previous use of ABC-123 or similar treatments</li><li>Participation in another drug study recently</li></ul> | R7: 0 | S7: #VALUE! | T7: 0 | U7: 0
K8: <Bulleted list of lay terminology summarizing lifestyle considerations including meal requirements, caffeeine, alcohol, tobacco, and activity> | L8: 0 | M8: List | N8: Participants must be willing and able to fast for at least 10 hours prior to fasting laboratory tests. Caffeine, Alcohol, and Tobacco Participants will abstain from ingesting caffeine- or xanthine-containing products (eg, coffee, tea, cola drinks, and chocolate) from 24 hours before Check-in until Check-out from the CRU. Participants will abstain from alcohol from 48 hours before Check-in until Check-out from the CRU. Participants who use tobacco products will be instructed that use of nicotine-containing products (including nicotine patches) will not be permitted while they are in the CRU. | O8: Protocol Example (28Sep2023) 1 | P8: Summarize all lifestyle restrictions and requirements for participants in a simple bulleted list using lay terminology, covering meals, caffeine, alcohol, tobacco, activity, medication, cannabinoid use, blood donation, and vaccinations. | Q8: <li>Do not donate blood from 8 weeks before screening until 90 days after your final follow-up visit.</li><li>Do not use tetrahydrocannabinol (THC), cannabidiol (CBD), or other cannabinoids for 14 days before screening through the end of the study.</li><li>Complete any planned vaccinations at least 14 days before screening.</li><li>Do not take any prescription or nonprescription medications, vitamins (except ongoing multivitamin), minerals, or herbal supplements unless approved by the study doctor (for SAD Cohorts).</li><li>If you are in the Repeat-Dose Cohort, keep your boneitis treatment and other allowed medications stable and unchanged unless approved by the study doctor.</li><li>Do not ingest caffeine or xanthine-containing products (like coffee, tea, cola, or chocolate) from 24 hours before check-in until check-out from the Clinical Research Unit (CRU).</li><li>Do not drink alcohol from 48 hours before check-in until check-out from the CRU.</li><li>Do not use tobacco or nicotine-containing products (including nicotine patches) while in the CRU.</li> | R8: 0 | S8: #VALUE! | T8: 0 | U8: 0
K9: <Bullet list of lay terminology of all assessments required during screening> | L9: 0 | M9: List | N9: Study procedures and their timing are summarized in the SoA (Section 1.3). Protocol waivers or exemptions are not allowed. Immediate safety concerns should be discussed with the Medical Monitor immediately upon occurrence or awareness to determine if the participant should continue or discontinue study intervention. Adherence to the study design requirements, including those specified in the SoA, is essential and required for study conduct. All screening evaluations must be completed and reviewed to confirm that potential participants meet all eligibility criteria. The Investigator will maintain a screening log to record details of all participants screened and to confirm eligibility or record reasons for screening failure, as applicable. Procedures conducted as part of the participant’s routine clinical management (eg, blood count) and obtained before signing of the ICF may be utilized for screening or baseline purposes provided the procedures met the protocol-specified criteria and were performed within the time frame defined in the SoA. Refer to Section 10.3 (Appendix 3) for mitigation strategies if changes may be required to procedures as a result of a public health emergency (eg, COVID-19). | O9: Protocol Example (28Sep2023) 1 | P9: Write a bullet list in lay language of all tests and assessments required during screening. | Q9: <li>Medical history review</li><li>Physical examination</li><li>12-lead ECG</li><li>Vital signs measurements</li><li>Blood and other laboratory tests</li> | R9: 0 | S9: #VALUE! | T9: 0 | U9: 0
K10: <Bullet list of lay terminology of all assessments required during the in-residence period; note differences in assessments based on the day of “in-residence”> | L10: 0 | M10: List | N10: A full physical examination will include, at a minimum, assessments of head, eyes, ears, nose, and throat (HEENT), neck, chest, skin, cardiovascular system, respiratory system, gastrointestinal system/abdomen, genitourinary system (at discretion of Investigator), lymphatic system, musculoskeletal system, and neurological system. Investigators should pay special attention to clinical signs related to previous serious illnesses. | O10: Protocol Example (28Sep2023) 1 | P10: List, in lay terms, all assessments required during the in-residence period, noting any differences in assessments based on the day of in-residence. | Q10: <ul><li>Blood samples for pharmacokinetic (PK) and biomarker analysis (may include up to 3 extra blood draws per treatment period)</li><li>Blood samples for exploratory pharmacodynamic (PD) and safety biomarker analysis</li><li>Physical examination and other medical assessments</li><li>Subcutaneous (SC) injections of study drug (ABC-123 or placebo)</li><li>Monitoring for possible side effects or discomfort from injections or blood draws</li></ul> | R10: 0 | S10: #VALUE! | T10: 0 | U10: 0
K11: <Bullet list of lay terminology of all assessments required during Check-out/Day X> | L11: 0 | M11: List | N11: Participants will abstain from ingesting caffeine- or xanthine-containing products (eg, coffee, tea, cola drinks, and chocolate) from 24 hours before Check-in until Check-out from the CRU. Participants will abstain from alcohol from 48 hours before Check-in until Check-out from the CRU. Participants who use tobacco products will be instructed that use of nicotine-containing products (including nicotine patches) will not be permitted while they are in the CRU. | O11: Protocol Example (28Sep2023) 1 | P11: Provide a bullet list of all required assessments during Check-out/Day X using lay terminology. | Q11: <li>Physical examination</li><li>Blood collection</li><li>Medical assessments related to study procedures</li> | R11: 0 | S11: #VALUE! | T11: 0 | U11: 0
K12: <Bullet list of lay terminology of all assessments required during the follow-up period; note differences in assessments based on the day and cohort of “follow-up period”> | L12: 0 | M12: List | N12: The Investigator is obligated to perform or arrange for the conduct of supplemental measurements and/or evaluations as medically indicated or as requested by the Sponsor (or designee) to elucidate the nature and/or causality of the AE or SAE as fully as possible. This may include additional laboratory tests or investigations, histopathological examinations, or consultation with other health care professionals. If a participant dies during participation in the study or during a recognized Follow-up period, the Investigator will provide the Sponsor (or designee) with a copy of any post-mortem findings including histopathology. New or updated information will be recorded in the originally completed eCRF. The Investigator will submit any updated SAE data to the Sponsor (or designee) within 24 hours of receipt of the information. | O12: Protocol Example (28Sep2023) 1 | P12: 0 | Q12: 0 | R12: 0 | S12: #VALUE! | T12: 0 | U12: 0
K13: <Bullet list of lay terminology of all assessments required during ED> | L13: 0 | M13: List | N13: 0 | O13: Protocol Example (28Sep2023) 1 | P13: List all assessments required during early discontinuation in layperson-friendly terms as bullet points. | Q13: • Blood tests (to check general health, organ function, and other laboratory values)<br>• Vital signs (blood pressure, heart rate, breathing rate, and body temperature)<br>• Electrocardiogram (ECG, a heart tracing)<br>• Physical examination by study staff<br>• Mental health assessment<br>• Review of any new symptoms or side effects<br>• Review of any medications you are taking | R13: 0 | S13: #VALUE! | T13: 0 | U13: 0
A14: <Bullet list of lay terminology of all assessments required during screening> | D14: Study procedures and their timing are summarized in the SoA (Section 1.3). Protocol waivers or exemptions are not allowed. Immediate safety concerns should be discussed with the Medical Monitor immediately upon occurrence or awareness to determine if the participant should continue or discontinue study intervention. Adherence to the study design requirements, including those specified in the SoA, is essential and required for study conduct. All screening evaluations must be completed and reviewed to confirm that potential participants meet all eligibility criteria. The Investigator will maintain a screening log to record details of all participants screened and to confirm eligibility or record reasons for screening failure, as applicable. Procedures conducted as part of the participant’s routine clinical management (eg, blood count) and obtained before signing of the ICF may be utilized for screening or baseline purposes provided the procedures met the protocol-specified criteria and were performed within the time frame defined in the SoA. Refer to Section 10.3 (Appendix 3) for mitigation strategies if changes may be required to procedures as a result of a public health emergency (eg, COVID-19). | E14: Protocol Example (28Sep2023) 1 | F14: Write a bullet list in lay language of all tests and assessments required during screening. | G14: <li>Medical history review</li><li>Physical examination</li><li>12-lead ECG</li><li>Vital signs measurements</li><li>Blood and other laboratory tests</li> | K14: <Bullet list of lay terminology of all assessments required during screening> | L14: 0 | M14: List | N14: Study procedures and their timing are summarized in the SoA (Section 1.3). Protocol waivers or exemptions are not allowed. Immediate safety concerns should be discussed with the Medical Monitor immediately upon occurrence or awareness to determine if the participant should continue or discontinue study intervention. Adherence to the study design requirements, including those specified in the SoA, is essential and required for study conduct. All screening evaluations must be completed and reviewed to confirm that potential participants meet all eligibility criteria. The Investigator will maintain a screening log to record details of all participants screened and to confirm eligibility or record reasons for screening failure, as applicable. Procedures conducted as part of the participant’s routine clinical management (eg, blood count) and obtained before signing of the ICF may be utilized for screening or baseline purposes provided the procedures met the protocol-specified criteria and were performed within the time frame defined in the SoA. Refer to Section 10.3 (Appendix 3) for mitigation strategies if changes may be required to procedures as a result of a public health emergency (eg, COVID-19). | O14: Protocol Example (28Sep2023) 1 | P14: Write a bullet list in lay language of all tests and assessments required during screening. | Q14: <li>Medical history review</li><li>Physical examination</li><li>12-lead ECG</li><li>Vital signs measurements</li><li>Blood and other laboratory tests</li> | R14: 0 | S14: #VALUE! | T14: 0 | U14: 0
A15: <Bullet list of lay terminology of all assessments required during final Check-out> | D15: A full physical examination will include, at a minimum, assessments of head, eyes, ears, nose, and throat (HEENT), neck, chest, skin, cardiovascular system, respiratory system, gastrointestinal system/abdomen, genitourinary system (at discretion of Investigator), lymphatic system, musculoskeletal system, and neurological system. Investigators should pay special attention to clinical signs related to previous serious illnesses. | E15: Protocol Example (28Sep2023) 1 | F15: List, in lay terms, all assessments required during the in-residence period, noting any differences in assessments based on the day of in-residence. | G15: <ul><li>Blood samples for pharmacokinetic (PK) and biomarker analysis (may include up to 3 extra blood draws per treatment period)</li><li>Blood samples for exploratory pharmacodynamic (PD) and safety biomarker analysis</li><li>Physical examination and other medical assessments</li><li>Subcutaneous (SC) injections of study drug (ABC-123 or placebo)</li><li>Monitoring for possible side effects or discomfort from injections or blood draws</li></ul> | K15: <Bullet list of lay terminology of all assessments required during the first in-residence period; note differences in assessments based on the day of “in-residence”> | L15: 0 | M15: List | N15: Understands study procedures and voluntarily provides written informed consent. Willing and able to abide by the study restrictions, including the lifestyle considerations in Section 5.3. Willing and able to complete all study visits, in-residence requirements, and procedures. 18 to 65 years of age at the time of signing informed consent. Body mass index (BMI) between 18.0 and 35.0 kg/m2, inclusive, at Screening. Female participants will be of non-childbearing potential (refer to Section 10.5 [Appendix 5] for definition of non-childbearing potential). Male participants will agree to use contraception while on study intervention and for at least 6 months after the last dose of study intervention. | O15: Protocol Example (28Sep2023) 1 | P15: 0 | Q15: 0 | R15: 0 | S15: #VALUE! | T15: 0 | U15: 0
A16: <Bullet list of lay terminology of all assessments required during the follow-up period; note differences in assessments based on the day and cohort of “follow-up period”> | D16: The Investigator is obligated to perform or arrange for the conduct of supplemental measurements and/or evaluations as medically indicated or as requested by the Sponsor (or designee) to elucidate the nature and/or causality of the AE or SAE as fully as possible. This may include additional laboratory tests or investigations, histopathological examinations, or consultation with other health care professionals. If a participant dies during participation in the study or during a recognized Follow-up period, the Investigator will provide the Sponsor (or designee) with a copy of any post-mortem findings including histopathology. New or updated information will be recorded in the originally completed eCRF. The Investigator will submit any updated SAE data to the Sponsor (or designee) within 24 hours of receipt of the information. | E16: Protocol Example (28Sep2023) 1 | K16: <Bullet list of lay terminology of all assessments required during first Check-out> | L16: 0 | M16: List | N16: Participants will abstain from ingesting caffeine- or xanthine-containing products (eg, coffee, tea, cola drinks, and chocolate) from 24 hours before Check-in until Check-out from the CRU. Participants will abstain from alcohol from 48 hours before Check-in until Check-out from the CRU. Participants who use tobacco products will be instructed that use of nicotine-containing products (including nicotine patches) will not be permitted while they are in the CRU. | O16: Protocol Example (28Sep2023) 1 | P16: 0 | Q16: 0 | R16: 0 | S16: #VALUE! | T16: 0 | U16: 0
A17: <Lay terminology summarizing protocol requirement for males regarding contraception> | D17: Study procedures and their timing are summarized in the SoA (Section 1.3). Protocol waivers or exemptions are not allowed. Immediate safety concerns should be discussed with the Medical Monitor immediately upon occurrence or awareness to determine if the participant should continue or discontinue study intervention. Adherence to the study design requirements, including those specified in the SoA, is essential and required for study conduct. All screening evaluations must be completed and reviewed to confirm that potential participants meet all eligibility criteria. The Investigator will maintain a screening log to record details of all participants screened and to confirm eligibility or record reasons for screening failure, as applicable. Procedures conducted as part of the participant’s routine clinical management (eg, blood count) and obtained before signing of the ICF may be utilized for screening or baseline purposes provided the procedures met the protocol-specified criteria and were performed within the time frame defined in the SoA. Refer to Section 10.3 (Appendix 3) for mitigation strategies if changes may be required to procedures as a result of a public health emergency (eg, COVID-19). | E17: Protocol Example (28Sep2023) 1 | F17: Write a bullet list in lay language of all tests and assessments required during screening. | G17: <li>Medical history review</li><li>Physical examination</li><li>12-lead ECG</li><li>Vital signs measurements</li><li>Blood and other laboratory tests</li> | K17: <Bullet list of lay terminology of all assessments required during the second in-residence period; note differences in assessments based on the day of “in-residence”> | L17: 0 | M17: List | N17: Understands study procedures and voluntarily provides written informed consent. Willing and able to abide by the study restrictions, including the lifestyle considerations in Section 5.3. Willing and able to complete all study visits, in-residence requirements, and procedures. 18 to 65 years of age at the time of signing informed consent. Body mass index (BMI) between 18.0 and 35.0 kg/m2, inclusive, at Screening. Female participants will be of non-childbearing potential (refer to Section 10.5 [Appendix 5] for definition of non-childbearing potential). Male participants will agree to use contraception while on study intervention and for at least 6 months after the last dose of study intervention. SAD cohorts only: Participants must be in good health, determined by no clinically significant findings from medical history, physical examination, 12-lead ECG, vital signs measurements, and clinical laboratory evaluations (see exclusion criteria for criteria for specific labs) at Screening as assessed by the Investigator. Clinical laboratory assessments may be repeated once at the Investigator’s discretion if laboratory error is suspected. Repeat-dose cohort only: boneitis treated with Zammoxin or myrnestristoate and in otherwise good health except for well-controlled common conditions associated with boneitis, such as acid sweat or tonsillar invisibility. Clinical laboratory assessments may be repeated once at the Investigator’s discretion if laboratory error is suspected. | O17: Protocol Example (28Sep2023) 1 | P17: Write a bullet list in lay terms of all assessments required during the second in-residence period, noting differences in assessments based on the day. | Q17: • Blood samples for pharmacokinetics (PK) and biomarkers will be collected by drawing blood from a vein or using a small tube (cannulation) at scheduled times.<br>• Blood samples for exploratory pharmacodynamic (PD) and safety biomarkers will also be taken; up to 3 extra blood samples may be drawn per treatment period if needed.<br>• Routine laboratory tests as specified in the Schedule of Assessments (SoA) and Laboratory Manual.<br>• Medical evaluations and assessments, such as physical exams.<br>• Assessments may differ based on the day of the in-residence period, with some days involving dosing and others focused on follow-up and monitoring. | R17: 0 | S17: #VALUE! | T17: 0 | U17: 0
A18: <Lay terminology summarizing pregnancy information collection practices for male participants with partners who become pregnant.> | D18: The Investigator must permit study-related monitoring, audits, IRB/IEC review, and regulatory agency inspections and provide direct access to source data documents. Monitoring details describing strategy (eg, risk-based initiatives in operations and quality such as Risk Management and Mitigation Strategies and Analytical Risk- Based Monitoring), methods, responsibilities, and requirements, including handling of noncompliance issues and monitoring techniques (central, remote, or on-site monitoring) are provided in the TMF. The Sponsor or designee is responsible for the data management of this study including quality checking of the data. The Sponsor will provide oversight for actions delegated to other individuals (eg, CRO). Study monitors will perform ongoing source data verification to confirm that data entered into the eCRF by authorized site personnel are accurate, complete, and verifiable from source documents; that the safety and rights of participants are being protected; and that the study is being conducted in accordance with the currently approved protocol and any other study agreements, ICH GCP, and all applicable regulatory requirements. Records and documents, including signed ICFs, pertaining to the conduct of this study must be retained by the Investigator for 2 years (or until final marketing authorization approval) after study completion unless local regulations or institutional policies require a longer retention period. No records may be destroyed during the retention period without the written approval of the Sponsor. No records may be transferred to another location or party without written notification to the Sponsor. | E18: Protocol Example (28Sep2023) 1 | F18: List all final Check-out assessments using clear, lay terminology. | G18: <li>Physical examination</li><li>Blood collection</li><li>Other medical evaluations and assessments associated with study procedures</li> | K18: <Bullet list of lay terminology of all assessments required during final Check-out> | L18: 0 | M18: List | N18: The Investigator must permit study-related monitoring, audits, IRB/IEC review, and regulatory agency inspections and provide direct access to source data documents. Monitoring details describing strategy (eg, risk-based initiatives in operations and quality such as Risk Management and Mitigation Strategies and Analytical Risk- Based Monitoring), methods, responsibilities, and requirements, including handling of noncompliance issues and monitoring techniques (central, remote, or on-site monitoring) are provided in the TMF. The Sponsor or designee is responsible for the data management of this study including quality checking of the data. The Sponsor will provide oversight for actions delegated to other individuals (eg, CRO). Study monitors will perform ongoing source data verification to confirm that data entered into the eCRF by authorized site personnel are accurate, complete, and verifiable from source documents; that the safety and rights of participants are being protected; and that the study is being conducted in accordance with the currently approved protocol and any other study agreements, ICH GCP, and all applicable regulatory requirements. Records and documents, including signed ICFs, pertaining to the conduct of this study must be retained by the Investigator for 2 years (or until final marketing authorization approval) after study completion unless local regulations or institutional policies require a longer retention period. No records may be destroyed during the retention period without the written approval of the Sponsor. No records may be transferred to another location or party without written notification to the Sponsor. | O18: Protocol Example (28Sep2023) 1 | P18: List all final Check-out assessments using clear, lay terminology. | Q18: <li>Physical examination</li><li>Blood collection</li><li>Other medical evaluations and assessments associated with study procedures</li> | R18: 0 | S18: #VALUE! | T18: 0 | U18: 0
A19: <Lay terminology summarizing pregnancy information collection practices for female participants who become pregnant.> | D19: The Investigator is obligated to perform or arrange for the conduct of supplemental measurements and/or evaluations as medically indicated or as requested by the Sponsor (or designee) to elucidate the nature and/or causality of the AE or SAE as fully as possible. This may include additional laboratory tests or investigations, histopathological examinations, or consultation with other health care professionals. If a participant dies during participation in the study or during a recognized Follow-up period, the Investigator will provide the Sponsor (or designee) with a copy of any post-mortem findings including histopathology. New or updated information will be recorded in the originally completed eCRF. The Investigator will submit any updated SAE data to the Sponsor (or designee) within 24 hours of receipt of the information. | E19: Protocol Example (28Sep2023) 1 | K19: <Bullet list of lay terminology of all assessments required during the follow-up period; note differences in assessments based on the day and cohort of “follow-up period”> | L19: 0 | M19: List | N19: The Investigator is obligated to perform or arrange for the conduct of supplemental measurements and/or evaluations as medically indicated or as requested by the Sponsor (or designee) to elucidate the nature and/or causality of the AE or SAE as fully as possible. This may include additional laboratory tests or investigations, histopathological examinations, or consultation with other health care professionals. If a participant dies during participation in the study or during a recognized Follow-up period, the Investigator will provide the Sponsor (or designee) with a copy of any post-mortem findings including histopathology. New or updated information will be recorded in the originally completed eCRF. The Investigator will submit any updated SAE data to the Sponsor (or designee) within 24 hours of receipt of the information. | O19: Protocol Example (28Sep2023) 1 | P19: 0 | Q19: 0 | R19: 0 | S19: #VALUE! | T19: 0 | U19: 0
